2026-04-22 18:36:53 | INFO | ✅ FirestoreConversationService initialisé
2026-04-22 18:43:24 | INFO | ✅ FirestoreConversationService initialisé
2026-04-22 18:44:07 | INFO | ✅ FirestoreConversationService initialisé
2026-04-22 18:44:40 | INFO | [FIRESTORE] 🧹 Cleaning old anonymous conversations > 24h
2026-04-22 18:44:41 | INFO | [FIRESTORE] ✅ Cleanup complete: 0 messages, 0 sessions
2026-04-22 18:44:56 | INFO | [FIRESTORE] 📋 Getting user conversations | user=58d3a4a1-98c2-4e21-9615-997d70594865 | tenant=a1b2c3d4-0001-0000-0000-000000000001
2026-04-22 18:44:56 | ERROR | [FIRESTORE] ❌ Error getting user conversations: FailedPrecondition: 400 The query requires an index. You can create it here: https://console.firebase.google.com/v1/r/project/travel-saas-62002/firestore/indexes?create_composite=Clhwcm9qZWN0cy90cmF2ZWwtc2Fhcy02MjAwMi9kYXRhYmFzZXMvKGRlZmF1bHQpL2NvbGxlY3Rpb25Hcm91cHMvX3Nlc3Npb25zX21ldGEvaW5kZXhlcy9fEAEaDAoIdXNlcl91aWQQARoOCgpjcmVhdGVkX2F0EAIaDAoIX19uYW1lX18QAg
2026-04-22 18:44:57 | INFO | [FIRESTORE] 📖 Getting history | session=58d3a4a1-98c2-4e21-9615-997d70594865__a1b2c3d4-0001-0000-0000-000000000001 | tenant=a1b2c3d4-0001-0000-0000-000000000001
2026-04-22 18:44:57 | INFO | [FIRESTORE] ✅ Retrieved 0 messages
2026-04-22 18:51:45 | INFO | [FIRESTORE] 📋 Getting user conversations | user=58d3a4a1-98c2-4e21-9615-997d70594865 | tenant=a1b2c3d4-0001-0000-0000-000000000001
2026-04-22 18:51:46 | ERROR | [FIRESTORE] ❌ Error getting user conversations: FailedPrecondition: 400 The query requires an index. That index is currently building and cannot be used yet. See its status here: https://console.firebase.google.com/v1/r/project/travel-saas-62002/firestore/indexes?create_composite=CmNwcm9qZWN0cy90cmF2ZWwtc2Fhcy02MjAwMi9kYXRhYmFzZXMvKGRlZmF1bHQpL2NvbGxlY3Rpb25Hcm91cHMvX3Nlc3Npb25zX21ldGEvaW5kZXhlcy9DSUNBZ09pM2tKQUsQARoMCgh1c2VyX3VpZBABGg4KCmNyZWF0ZWRfYXQQAhoMCghfX25hbWVfXxAC
2026-04-22 18:51:46 | INFO | [FIRESTORE] 📖 Getting history | session=58d3a4a1-98c2-4e21-9615-997d70594865__a1b2c3d4-0001-0000-0000-000000000001 | tenant=a1b2c3d4-0001-0000-0000-000000000001
2026-04-22 18:51:46 | INFO | [FIRESTORE] ✅ Retrieved 0 messages
2026-04-22 18:55:03 | INFO | ✅ FirestoreConversationService initialisé
2026-04-22 18:55:39 | INFO | [FIRESTORE] 🧹 Cleaning old anonymous conversations > 24h
2026-04-22 18:55:41 | INFO | [FIRESTORE] ✅ Cleanup complete: 0 messages, 0 sessions
2026-04-22 18:58:02 | INFO | [FIRESTORE] 📋 Getting user conversations | user=58d3a4a1-98c2-4e21-9615-997d70594865 | tenant=a1b2c3d4-0001-0000-0000-000000000001
2026-04-22 18:58:03 | INFO | [FIRESTORE] ✅ Found 0 conversations for user 58d3a4a1-98c2-4e21-9615-997d70594865
2026-04-22 18:58:03 | INFO | [FIRESTORE] 📖 Getting history | session=58d3a4a1-98c2-4e21-9615-997d70594865__a1b2c3d4-0001-0000-0000-000000000001 | tenant=a1b2c3d4-0001-0000-0000-000000000001
2026-04-22 18:58:03 | INFO | [FIRESTORE] ✅ Retrieved 0 messages
2026-04-22 19:07:50 | INFO | [FIRESTORE] 💾 Saving message | session=58d3a4a1-98c2-4e21-9615-997d70594865__a1b2c3d4-0001-0000-0000-000000000001 | tenant=a1b2c3d4-0001-0000-0000-000000000001 | user=58d3a4a1-98c2-4e21-9615-997d70594865
2026-04-22 19:07:50 | INFO | [FIRESTORE] First message: True
2026-04-22 19:07:51 | INFO | [FIRESTORE] ✅ Message saved | doc_id=MUMpo3pcYXDZS9WFfKjw
2026-04-22 19:07:51 | INFO | [FIRESTORE] ✅ Session metadata created for 58d3a4a1-98c2-4e21-9615-997d70594865__a1b2c3d4-0001-0000-0000-000000000001
2026-04-22 19:08:32 | INFO | [FIRESTORE] 📋 Getting user conversations | user=58d3a4a1-98c2-4e21-9615-997d70594865 | tenant=a1b2c3d4-0001-0000-0000-000000000001
2026-04-22 19:08:32 | INFO | [FIRESTORE] ✅ Found 1 conversations for user 58d3a4a1-98c2-4e21-9615-997d70594865
2026-04-22 19:08:32 | INFO | [FIRESTORE] 📖 Getting history | session=58d3a4a1-98c2-4e21-9615-997d70594865__a1b2c3d4-0001-0000-0000-000000000001 | tenant=a1b2c3d4-0001-0000-0000-000000000001
2026-04-22 19:08:33 | INFO | [FIRESTORE] ✅ Retrieved 1 messages
2026-04-22 19:10:48 | INFO | ✅ FirestoreConversationService initialisé
2026-04-22 19:11:21 | INFO | [FIRESTORE] 🧹 Cleaning old anonymous conversations > 24h
2026-04-22 19:11:22 | INFO | [FIRESTORE] ✅ Cleanup complete: 0 messages, 0 sessions
2026-04-22 19:11:38 | INFO | [FIRESTORE] 📋 Getting user conversations | user=58d3a4a1-98c2-4e21-9615-997d70594865 | tenant=a1b2c3d4-0001-0000-0000-000000000001
2026-04-22 19:11:38 | INFO | [FIRESTORE] ✅ Found 1 conversations for user 58d3a4a1-98c2-4e21-9615-997d70594865
2026-04-22 19:11:38 | INFO | [FIRESTORE] 📖 Getting history | session=58d3a4a1-98c2-4e21-9615-997d70594865__a1b2c3d4-0001-0000-0000-000000000001 | tenant=a1b2c3d4-0001-0000-0000-000000000001
2026-04-22 19:11:39 | INFO | [FIRESTORE] ✅ Retrieved 1 messages
2026-04-22 19:13:53 | INFO | [FIRESTORE] 💾 Saving message | session=58d3a4a1-98c2-4e21-9615-997d70594865__a1b2c3d4-0001-0000-0000-000000000001 | tenant=a1b2c3d4-0001-0000-0000-000000000001 | user=58d3a4a1-98c2-4e21-9615-997d70594865
2026-04-22 19:13:53 | INFO | [FIRESTORE] First message: False
2026-04-22 19:13:53 | INFO | [FIRESTORE] ✅ Message saved | doc_id=NAX6SvIuEAps3VQ8VRyZ
2026-04-22 19:13:53 | WARNING | [FIRESTORE] Could not update metadata: name 'firestore' is not defined
2026-04-22 19:15:33 | INFO | [FIRESTORE] 📋 Getting user conversations | user=58d3a4a1-98c2-4e21-9615-997d70594865 | tenant=a1b2c3d4-0001-0000-0000-000000000001
2026-04-22 19:15:34 | INFO | [FIRESTORE] ✅ Found 1 conversations for user 58d3a4a1-98c2-4e21-9615-997d70594865
2026-04-22 19:15:34 | INFO | [FIRESTORE] 📖 Getting history | session=58d3a4a1-98c2-4e21-9615-997d70594865__a1b2c3d4-0001-0000-0000-000000000001 | tenant=a1b2c3d4-0001-0000-0000-000000000001
2026-04-22 19:15:34 | INFO | [FIRESTORE] ✅ Retrieved 2 messages
2026-04-22 19:28:24 | INFO | ✅ FirestoreConversationService initialisé
2026-04-22 19:29:20 | INFO | [FIRESTORE] 🧹 Cleaning old anonymous conversations > 24h
2026-04-22 19:29:22 | INFO | [FIRESTORE] ✅ Cleanup complete: 0 messages, 0 sessions
2026-04-22 19:30:08 | INFO | [FIRESTORE] 📋 Getting user conversations | user=58d3a4a1-98c2-4e21-9615-997d70594865 | tenant=a1b2c3d4-0001-0000-0000-000000000001
2026-04-22 19:30:09 | INFO | [FIRESTORE] ✅ Found 1 conversations for user 58d3a4a1-98c2-4e21-9615-997d70594865
2026-04-22 19:30:09 | INFO | [FIRESTORE] 📖 Getting history | session=58d3a4a1-98c2-4e21-9615-997d70594865__a1b2c3d4-0001-0000-0000-000000000001 | tenant=a1b2c3d4-0001-0000-0000-000000000001
2026-04-22 19:30:09 | INFO | [FIRESTORE] ✅ Retrieved 2 messages
2026-04-22 19:34:14 | INFO | [FIRESTORE] 📋 Getting user conversations | user=58d3a4a1-98c2-4e21-9615-997d70594865 | tenant=a1b2c3d4-0001-0000-0000-000000000001
2026-04-22 19:34:15 | INFO | [FIRESTORE] ✅ Found 1 conversations for user 58d3a4a1-98c2-4e21-9615-997d70594865
2026-04-22 19:34:15 | INFO | [FIRESTORE] 📖 Getting history | session=58d3a4a1-98c2-4e21-9615-997d70594865__a1b2c3d4-0001-0000-0000-000000000001 | tenant=a1b2c3d4-0001-0000-0000-000000000001
2026-04-22 19:34:15 | INFO | [FIRESTORE] ✅ Retrieved 2 messages
2026-04-22 19:35:54 | INFO | [FIRESTORE] 💾 Saving message | session=58d3a4a1-98c2-4e21-9615-997d70594865__a1b2c3d4-0001-0000-0000-000000000001 | tenant=a1b2c3d4-0001-0000-0000-000000000001 | user=58d3a4a1-98c2-4e21-9615-997d70594865
2026-04-22 19:35:54 | INFO | [FIRESTORE] First message: False
2026-04-22 19:35:54 | INFO | [FIRESTORE] ✅ Message saved | doc_id=WVaPel0OsrtogePAXlcH
2026-04-22 19:35:54 | WARNING | [FIRESTORE] Could not update metadata: name 'firestore' is not defined
2026-04-22 19:39:24 | INFO | ✅ FirestoreConversationService initialisé
2026-04-22 19:39:57 | INFO | [FIRESTORE] 📋 Getting user conversations | user=58d3a4a1-98c2-4e21-9615-997d70594865 | tenant=a1b2c3d4-0001-0000-0000-000000000001
2026-04-22 19:39:58 | INFO | [FIRESTORE] ✅ Found 1 conversations for user 58d3a4a1-98c2-4e21-9615-997d70594865
2026-04-22 19:39:58 | INFO | [FIRESTORE] 📖 Getting history | session=58d3a4a1-98c2-4e21-9615-997d70594865__a1b2c3d4-0001-0000-0000-000000000001 | tenant=a1b2c3d4-0001-0000-0000-000000000001
2026-04-22 19:39:59 | INFO | [FIRESTORE] ✅ Retrieved 3 messages
2026-04-22 19:40:01 | INFO | [FIRESTORE] 🧹 Cleaning old anonymous conversations > 24h
2026-04-22 19:40:01 | INFO | [FIRESTORE] ✅ Cleanup complete: 0 messages, 0 sessions
2026-04-22 19:40:25 | INFO | [FIRESTORE] 📋 Getting user conversations | user=58d3a4a1-98c2-4e21-9615-997d70594865 | tenant=a1b2c3d4-0001-0000-0000-000000000001
2026-04-22 19:40:25 | INFO | [FIRESTORE] ✅ Found 1 conversations for user 58d3a4a1-98c2-4e21-9615-997d70594865
2026-04-22 19:40:25 | INFO | [FIRESTORE] 📖 Getting history | session=58d3a4a1-98c2-4e21-9615-997d70594865__a1b2c3d4-0001-0000-0000-000000000001 | tenant=a1b2c3d4-0001-0000-0000-000000000001
2026-04-22 19:40:25 | INFO | [FIRESTORE] ✅ Retrieved 3 messages
2026-04-22 19:42:34 | INFO | ✅ FirestoreConversationService initialisé
2026-04-22 19:43:25 | INFO | [FIRESTORE] 🧹 Cleaning old anonymous conversations > 24h
2026-04-22 19:43:26 | INFO | [FIRESTORE] ✅ Cleanup complete: 0 messages, 0 sessions
2026-04-22 19:47:20 | INFO | ✅ FirestoreConversationService initialisé
2026-04-22 19:48:02 | INFO | ✅ FirestoreConversationService initialisé
2026-04-22 19:48:39 | INFO | [FIRESTORE] 🧹 Cleaning old anonymous conversations > 24h
2026-04-22 19:48:40 | INFO | [FIRESTORE] ✅ Cleanup complete: 0 messages, 0 sessions
2026-04-22 20:07:02 | INFO | [FIRESTORE] 📋 Getting user conversations | user=58d3a4a1-98c2-4e21-9615-997d70594865 | tenant=a1b2c3d4-0001-0000-0000-000000000001
2026-04-22 20:07:03 | INFO | [FIRESTORE] ✅ Found 1 conversations for user 58d3a4a1-98c2-4e21-9615-997d70594865
2026-04-22 20:07:03 | INFO | [FIRESTORE] 📖 Getting history | session=58d3a4a1-98c2-4e21-9615-997d70594865__a1b2c3d4-0001-0000-0000-000000000001 | tenant=a1b2c3d4-0001-0000-0000-000000000001
2026-04-22 20:07:03 | INFO | [FIRESTORE] ✅ Retrieved 3 messages
2026-04-22 20:08:09 | INFO | [FIRESTORE] 💾 Saving message | session=58d3a4a1-98c2-4e21-9615-997d70594865__a1b2c3d4-0001-0000-0000-000000000001 | tenant=a1b2c3d4-0001-0000-0000-000000000001 | user=58d3a4a1-98c2-4e21-9615-997d70594865
2026-04-22 20:08:09 | INFO | [FIRESTORE] First message: False
2026-04-22 20:08:09 | INFO | [FIRESTORE] ✅ Message saved | doc_id=9UkxzII17c0vzrlo7oIb
2026-04-22 20:08:09 | WARNING | [FIRESTORE] Could not update metadata: name 'firestore' is not defined
2026-04-22 20:12:13 | INFO | [FIRESTORE] 📋 Getting user conversations | user=58d3a4a1-98c2-4e21-9615-997d70594865 | tenant=a1b2c3d4-0001-0000-0000-000000000001
2026-04-22 20:12:13 | INFO | [FIRESTORE] ✅ Found 1 conversations for user 58d3a4a1-98c2-4e21-9615-997d70594865
2026-04-22 20:12:13 | INFO | [FIRESTORE] 📖 Getting history | session=58d3a4a1-98c2-4e21-9615-997d70594865__a1b2c3d4-0001-0000-0000-000000000001 | tenant=a1b2c3d4-0001-0000-0000-000000000001
2026-04-22 20:12:13 | INFO | [FIRESTORE] ✅ Retrieved 4 messages
2026-04-22 20:12:38 | INFO | [FIRESTORE] 📖 Getting history | session=58d3a4a1-98c2-4e21-9615-997d70594865__a1b2c3d4-0001-0000-0000-000000000001 | tenant=a1b2c3d4-0001-0000-0000-000000000001
2026-04-22 20:12:38 | INFO | [FIRESTORE] ✅ Retrieved 4 messages
2026-04-22 20:14:23 | INFO | [FIRESTORE] 📖 Getting history | session=58d3a4a1-98c2-4e21-9615-997d70594865__a1b2c3d4-0001-0000-0000-000000000001 | tenant=a1b2c3d4-0001-0000-0000-000000000001
2026-04-22 20:14:23 | INFO | [FIRESTORE] ✅ Retrieved 4 messages
2026-04-22 20:15:24 | INFO | [FIRESTORE] 📖 Getting history | session=58d3a4a1-98c2-4e21-9615-997d70594865__a1b2c3d4-0001-0000-0000-000000000001 | tenant=a1b2c3d4-0001-0000-0000-000000000001
2026-04-22 20:15:24 | INFO | [FIRESTORE] ✅ Retrieved 4 messages
2026-04-22 20:15:50 | INFO | [FIRESTORE] 📋 Getting user conversations | user=58d3a4a1-98c2-4e21-9615-997d70594865 | tenant=a1b2c3d4-0001-0000-0000-000000000001
2026-04-22 20:15:51 | INFO | [FIRESTORE] ✅ Found 1 conversations for user 58d3a4a1-98c2-4e21-9615-997d70594865
2026-04-22 20:15:51 | INFO | [FIRESTORE] 📖 Getting history | session=58d3a4a1-98c2-4e21-9615-997d70594865__a1b2c3d4-0001-0000-0000-000000000001 | tenant=a1b2c3d4-0001-0000-0000-000000000001
2026-04-22 20:15:51 | INFO | [FIRESTORE] ✅ Retrieved 4 messages
2026-04-22 20:20:25 | INFO | [FIRESTORE] 💾 Saving message | session=58d3a4a1-98c2-4e21-9615-997d70594865__a1b2c3d4-0001-0000-0000-000000000001__1776885357546 | tenant=a1b2c3d4-0001-0000-0000-000000000001 | user=58d3a4a1-98c2-4e21-9615-997d70594865
2026-04-22 20:20:26 | INFO | [FIRESTORE] First message: True
2026-04-22 20:20:26 | INFO | [FIRESTORE] ✅ Message saved | doc_id=gM27Vz2619oUDR3n1FbR
2026-04-22 20:20:26 | INFO | [FIRESTORE] ✅ Session metadata created for 58d3a4a1-98c2-4e21-9615-997d70594865__a1b2c3d4-0001-0000-0000-000000000001__1776885357546
2026-04-22 20:27:04 | INFO | ✅ FirestoreConversationService initialisé
2026-04-22 20:28:02 | INFO | [FIRESTORE] 🧹 Cleaning old anonymous conversations > 24h
2026-04-22 20:28:03 | INFO | [FIRESTORE] ✅ Cleanup complete: 0 messages, 0 sessions
2026-04-22 20:28:36 | INFO | ✅ FirestoreConversationService initialisé
2026-04-22 20:29:12 | INFO | [FIRESTORE] 📖 Getting history | session=58d3a4a1-98c2-4e21-9615-997d70594865__a1b2c3d4-0001-0000-0000-000000000001 | tenant=a1b2c3d4-0001-0000-0000-000000000001
2026-04-22 20:29:13 | INFO | [FIRESTORE] ✅ Retrieved 4 messages
2026-04-22 20:29:13 | INFO | [FIRESTORE] 📋 Getting user conversations | user=58d3a4a1-98c2-4e21-9615-997d70594865 | tenant=a1b2c3d4-0001-0000-0000-000000000001
2026-04-22 20:29:14 | INFO | [FIRESTORE] ✅ Found 2 conversations for user 58d3a4a1-98c2-4e21-9615-997d70594865
2026-04-22 20:29:14 | INFO | [FIRESTORE] 📖 Getting history | session=58d3a4a1-98c2-4e21-9615-997d70594865__a1b2c3d4-0001-0000-0000-000000000001 | tenant=a1b2c3d4-0001-0000-0000-000000000001
2026-04-22 20:29:14 | INFO | [FIRESTORE] ✅ Retrieved 4 messages
2026-04-22 20:29:14 | INFO | [FIRESTORE] 📋 Getting user conversations | user=58d3a4a1-98c2-4e21-9615-997d70594865 | tenant=a1b2c3d4-0001-0000-0000-000000000001
2026-04-22 20:29:15 | INFO | [FIRESTORE] ✅ Found 2 conversations for user 58d3a4a1-98c2-4e21-9615-997d70594865
2026-04-22 20:29:17 | INFO | [FIRESTORE] 🧹 Cleaning old anonymous conversations > 24h
2026-04-22 20:29:17 | INFO | [FIRESTORE] ✅ Cleanup complete: 0 messages, 0 sessions
2026-04-22 20:29:52 | INFO | [FIRESTORE] 📖 Getting history | session=58d3a4a1-98c2-4e21-9615-997d70594865__a1b2c3d4-0001-0000-0000-000000000001__1776885357546 | tenant=a1b2c3d4-0001-0000-0000-000000000001
2026-04-22 20:29:52 | INFO | [FIRESTORE] ✅ Retrieved 1 messages
2026-04-22 20:31:14 | INFO | [FIRESTORE] 💾 Saving message | session=58d3a4a1-98c2-4e21-9615-997d70594865__a1b2c3d4-0001-0000-0000-000000000001__1776885357546 | tenant=a1b2c3d4-0001-0000-0000-000000000001 | user=58d3a4a1-98c2-4e21-9615-997d70594865
2026-04-22 20:31:15 | INFO | [FIRESTORE] First message: False
2026-04-22 20:31:15 | INFO | [FIRESTORE] ✅ Message saved | doc_id=ITd9npHwOllqNBJ54SHC
2026-04-22 20:31:15 | WARNING | [FIRESTORE] Could not update metadata: name 'firestore' is not defined
2026-04-22 20:41:23 | INFO | ✅ FirestoreConversationService initialisé
2026-04-22 20:42:19 | INFO | [FIRESTORE] 🧹 Cleaning old anonymous conversations > 24h
2026-04-22 20:42:20 | INFO | [FIRESTORE] ✅ Cleanup complete: 0 messages, 0 sessions
2026-04-22 20:42:59 | INFO | ✅ FirestoreConversationService initialisé
2026-04-22 20:43:50 | INFO | [FIRESTORE] 🧹 Cleaning old anonymous conversations > 24h
2026-04-22 20:43:52 | INFO | [FIRESTORE] ✅ Cleanup complete: 0 messages, 0 sessions
2026-04-22 20:44:06 | INFO | ✅ FirestoreConversationService initialisé
2026-04-22 20:44:36 | INFO | [FIRESTORE] 📋 Getting user conversations | user=58d3a4a1-98c2-4e21-9615-997d70594865 | tenant=a1b2c3d4-0001-0000-0000-000000000001
2026-04-22 20:44:38 | INFO | [FIRESTORE] ✅ Found 2 conversations for user 58d3a4a1-98c2-4e21-9615-997d70594865
2026-04-22 20:44:38 | INFO | [FIRESTORE] 📖 Getting history | session=58d3a4a1-98c2-4e21-9615-997d70594865__a1b2c3d4-0001-0000-0000-000000000001 | tenant=a1b2c3d4-0001-0000-0000-000000000001
2026-04-22 20:44:38 | INFO | [FIRESTORE] ✅ Retrieved 4 messages
2026-04-22 20:44:38 | INFO | [FIRESTORE] 📋 Getting user conversations | user=58d3a4a1-98c2-4e21-9615-997d70594865 | tenant=a1b2c3d4-0001-0000-0000-000000000001
2026-04-22 20:44:38 | INFO | [FIRESTORE] ✅ Found 2 conversations for user 58d3a4a1-98c2-4e21-9615-997d70594865
2026-04-22 20:44:38 | INFO | [FIRESTORE] 📖 Getting history | session=58d3a4a1-98c2-4e21-9615-997d70594865__a1b2c3d4-0001-0000-0000-000000000001 | tenant=a1b2c3d4-0001-0000-0000-000000000001
2026-04-22 20:44:39 | INFO | [FIRESTORE] ✅ Retrieved 4 messages
2026-04-22 20:44:41 | INFO | [FIRESTORE] 🧹 Cleaning old anonymous conversations > 24h
2026-04-22 20:44:41 | INFO | [FIRESTORE] ✅ Cleanup complete: 0 messages, 0 sessions
2026-04-22 20:44:44 | INFO | [FIRESTORE] 📖 Getting history | session=58d3a4a1-98c2-4e21-9615-997d70594865__a1b2c3d4-0001-0000-0000-000000000001__1776885357546 | tenant=a1b2c3d4-0001-0000-0000-000000000001
2026-04-22 20:44:44 | INFO | [FIRESTORE] ✅ Retrieved 2 messages
2026-04-22 20:46:04 | INFO | [FIRESTORE] 💾 Saving message | session=58d3a4a1-98c2-4e21-9615-997d70594865__a1b2c3d4-0001-0000-0000-000000000001__1776885357546 | tenant=a1b2c3d4-0001-0000-0000-000000000001 | user=58d3a4a1-98c2-4e21-9615-997d70594865
2026-04-22 20:46:04 | INFO | [FIRESTORE] First message: False
2026-04-22 20:46:05 | INFO | [FIRESTORE] ✅ Message saved | doc_id=eMPrwgjU0MdfuOlPoxGb
2026-04-22 20:46:05 | WARNING | [FIRESTORE] Could not update metadata: name 'firestore' is not defined
2026-04-22 20:47:22 | INFO | [FIRESTORE] 💾 Saving message | session=58d3a4a1-98c2-4e21-9615-997d70594865__a1b2c3d4-0001-0000-0000-000000000001__1776885357546 | tenant=a1b2c3d4-0001-0000-0000-000000000001 | user=58d3a4a1-98c2-4e21-9615-997d70594865
2026-04-22 20:47:23 | INFO | [FIRESTORE] First message: False
2026-04-22 20:47:23 | INFO | [FIRESTORE] ✅ Message saved | doc_id=iWDq1FhkLQi94MvxcavO
2026-04-22 20:47:23 | WARNING | [FIRESTORE] Could not update metadata: name 'firestore' is not defined
2026-04-22 20:48:38 | INFO | [FIRESTORE] 📋 Getting user conversations | user=58d3a4a1-98c2-4e21-9615-997d70594865 | tenant=a1b2c3d4-0001-0000-0000-000000000001
2026-04-22 20:48:38 | INFO | [FIRESTORE] ✅ Found 2 conversations for user 58d3a4a1-98c2-4e21-9615-997d70594865
2026-04-22 20:48:38 | INFO | [FIRESTORE] 📖 Getting history | session=58d3a4a1-98c2-4e21-9615-997d70594865__a1b2c3d4-0001-0000-0000-000000000001 | tenant=a1b2c3d4-0001-0000-0000-000000000001
2026-04-22 20:48:38 | INFO | [FIRESTORE] ✅ Retrieved 4 messages
2026-04-22 20:50:22 | INFO | [FIRESTORE] 💾 Saving message | session=58d3a4a1-98c2-4e21-9615-997d70594865__a1b2c3d4-0001-0000-0000-000000000001 | tenant=a1b2c3d4-0001-0000-0000-000000000001 | user=58d3a4a1-98c2-4e21-9615-997d70594865
2026-04-22 20:50:23 | INFO | [FIRESTORE] First message: False
2026-04-22 20:50:23 | INFO | [FIRESTORE] ✅ Message saved | doc_id=eNT4FS8Y0Y6zvFNuXLsE
2026-04-22 20:50:23 | WARNING | [FIRESTORE] Could not update metadata: name 'firestore' is not defined
2026-04-22 20:51:26 | INFO | [FIRESTORE] 💾 Saving message | session=58d3a4a1-98c2-4e21-9615-997d70594865__a1b2c3d4-0001-0000-0000-000000000001 | tenant=a1b2c3d4-0001-0000-0000-000000000001 | user=58d3a4a1-98c2-4e21-9615-997d70594865
2026-04-22 20:51:27 | INFO | [FIRESTORE] First message: False
2026-04-22 20:51:27 | INFO | [FIRESTORE] ✅ Message saved | doc_id=PzvnSNlVej9d5bRFCyyg
2026-04-22 20:51:27 | WARNING | [FIRESTORE] Could not update metadata: name 'firestore' is not defined
2026-04-22 20:53:03 | INFO | [FIRESTORE] 📋 Getting user conversations | user=58d3a4a1-98c2-4e21-9615-997d70594865 | tenant=a1b2c3d4-0001-0000-0000-000000000001
2026-04-22 20:53:03 | INFO | [FIRESTORE] ✅ Found 2 conversations for user 58d3a4a1-98c2-4e21-9615-997d70594865
2026-04-22 20:53:03 | INFO | [FIRESTORE] 📖 Getting history | session=58d3a4a1-98c2-4e21-9615-997d70594865__a1b2c3d4-0001-0000-0000-000000000001 | tenant=a1b2c3d4-0001-0000-0000-000000000001
2026-04-22 20:53:03 | INFO | [FIRESTORE] ✅ Retrieved 6 messages
2026-04-22 20:54:58 | INFO | [FIRESTORE] 💾 Saving message | session=58d3a4a1-98c2-4e21-9615-997d70594865__a1b2c3d4-0001-0000-0000-000000000001 | tenant=a1b2c3d4-0001-0000-0000-000000000001 | user=58d3a4a1-98c2-4e21-9615-997d70594865
2026-04-22 20:54:58 | INFO | [FIRESTORE] First message: False
2026-04-22 20:54:58 | INFO | [FIRESTORE] ✅ Message saved | doc_id=KIk3sIZ6r8R9vtbtTzwM
2026-04-22 20:54:58 | WARNING | [FIRESTORE] Could not update metadata: name 'firestore' is not defined
2026-04-22 20:55:11 | INFO | [FIRESTORE] 📋 Getting user conversations | user=58d3a4a1-98c2-4e21-9615-997d70594865 | tenant=a1b2c3d4-0001-0000-0000-000000000001
2026-04-22 20:55:12 | INFO | [FIRESTORE] ✅ Found 2 conversations for user 58d3a4a1-98c2-4e21-9615-997d70594865
2026-04-22 20:55:12 | INFO | [FIRESTORE] 📖 Getting history | session=58d3a4a1-98c2-4e21-9615-997d70594865__a1b2c3d4-0001-0000-0000-000000000001 | tenant=a1b2c3d4-0001-0000-0000-000000000001
2026-04-22 20:55:12 | INFO | [FIRESTORE] ✅ Retrieved 7 messages
2026-04-22 21:03:02 | INFO | ✅ FirestoreConversationService initialisé
2026-04-22 21:04:02 | INFO | [FIRESTORE] 🧹 Cleaning old anonymous conversations > 24h
2026-04-22 21:04:03 | INFO | [FIRESTORE] ✅ Cleanup complete: 0 messages, 0 sessions
2026-04-22 21:04:56 | INFO | [FIRESTORE] 💾 Saving message | session=58d3a4a1-98c2-4e21-9615-997d70594865__a1b2c3d4-0001-0000-0000-000000000001__1776887718472 | tenant=a1b2c3d4-0001-0000-0000-000000000001 | user=58d3a4a1-98c2-4e21-9615-997d70594865
2026-04-22 21:04:56 | INFO | [FIRESTORE] First message: True
2026-04-22 21:04:57 | INFO | [FIRESTORE] ✅ Message saved | doc_id=ClFSG6PM2aPCnLSkJh1T
2026-04-22 21:04:57 | INFO | [FIRESTORE] ✅ Session metadata created for 58d3a4a1-98c2-4e21-9615-997d70594865__a1b2c3d4-0001-0000-0000-000000000001__1776887718472
2026-04-22 21:05:10 | INFO | [FIRESTORE] 📋 Getting user conversations | user=58d3a4a1-98c2-4e21-9615-997d70594865 | tenant=a1b2c3d4-0001-0000-0000-000000000001
2026-04-22 21:05:10 | INFO | [FIRESTORE] ✅ Found 3 conversations for user 58d3a4a1-98c2-4e21-9615-997d70594865
2026-04-22 21:05:10 | INFO | [FIRESTORE] 📖 Getting history | session=58d3a4a1-98c2-4e21-9615-997d70594865__a1b2c3d4-0001-0000-0000-000000000001 | tenant=a1b2c3d4-0001-0000-0000-000000000001
2026-04-22 21:05:11 | INFO | [FIRESTORE] ✅ Retrieved 7 messages
2026-04-22 21:05:16 | INFO | [FIRESTORE] 📖 Getting history | session=58d3a4a1-98c2-4e21-9615-997d70594865__a1b2c3d4-0001-0000-0000-000000000001__1776887718472 | tenant=a1b2c3d4-0001-0000-0000-000000000001
2026-04-22 21:05:16 | INFO | [FIRESTORE] ✅ Retrieved 1 messages
2026-04-22 21:05:23 | INFO | [FIRESTORE] 🗑️ Deleting conversation | session=58d3a4a1-98c2-4e21-9615-997d70594865__a1b2c3d4-0001-0000-0000-000000000001__1776887718472 | tenant=a1b2c3d4-0001-0000-0000-000000000001
2026-04-22 21:05:24 | INFO | [FIRESTORE] ✅ Deleted 1 messages from session 58d3a4a1-98c2-4e21-9615-997d70594865__a1b2c3d4-0001-0000-0000-000000000001__1776887718472
2026-04-22 21:07:41 | INFO | [FIRESTORE] 💾 Saving message | session=58d3a4a1-98c2-4e21-9615-997d70594865__a1b2c3d4-0001-0000-0000-000000000001__1776888324008 | tenant=a1b2c3d4-0001-0000-0000-000000000001 | user=58d3a4a1-98c2-4e21-9615-997d70594865
2026-04-22 21:07:41 | INFO | [FIRESTORE] First message: True
2026-04-22 21:07:41 | INFO | [FIRESTORE] ✅ Message saved | doc_id=UXThUKDVgsIE8ol40j6l
2026-04-22 21:07:41 | INFO | [FIRESTORE] ✅ Session metadata created for 58d3a4a1-98c2-4e21-9615-997d70594865__a1b2c3d4-0001-0000-0000-000000000001__1776888324008
2026-04-22 21:11:48 | INFO | [FIRESTORE] 📋 Getting user conversations | user=58d3a4a1-98c2-4e21-9615-997d70594865 | tenant=a1b2c3d4-0001-0000-0000-000000000001
2026-04-22 21:11:49 | INFO | [FIRESTORE] ✅ Found 3 conversations for user 58d3a4a1-98c2-4e21-9615-997d70594865
2026-04-22 21:11:49 | INFO | [FIRESTORE] 📖 Getting history | session=58d3a4a1-98c2-4e21-9615-997d70594865__a1b2c3d4-0001-0000-0000-000000000001 | tenant=a1b2c3d4-0001-0000-0000-000000000001
2026-04-22 21:11:50 | INFO | [FIRESTORE] ✅ Retrieved 7 messages
2026-04-22 21:11:53 | INFO | [FIRESTORE] 📖 Getting history | session=58d3a4a1-98c2-4e21-9615-997d70594865__a1b2c3d4-0001-0000-0000-000000000001__1776888324008 | tenant=a1b2c3d4-0001-0000-0000-000000000001
2026-04-22 21:11:53 | INFO | [FIRESTORE] ✅ Retrieved 1 messages
2026-04-22 21:20:52 | INFO | ✅ FirestoreConversationService initialisé
2026-04-22 21:21:50 | INFO | ✅ FirestoreConversationService initialisé
2026-04-22 21:22:43 | INFO | [FIRESTORE] 🧹 Cleaning old anonymous conversations > 24h
2026-04-22 21:22:44 | INFO | [FIRESTORE] ✅ Cleanup complete: 0 messages, 0 sessions
2026-04-22 21:26:43 | INFO | [FIRESTORE] 📋 Getting user conversations | user=58d3a4a1-98c2-4e21-9615-997d70594865 | tenant=a1b2c3d4-0001-0000-0000-000000000001
2026-04-22 21:26:44 | INFO | [FIRESTORE] ✅ Found 3 conversations for user 58d3a4a1-98c2-4e21-9615-997d70594865
2026-04-22 21:26:44 | INFO | [FIRESTORE] 📖 Getting history | session=58d3a4a1-98c2-4e21-9615-997d70594865__a1b2c3d4-0001-0000-0000-000000000001 | tenant=a1b2c3d4-0001-0000-0000-000000000001
2026-04-22 21:26:45 | INFO | [FIRESTORE] ✅ Retrieved 7 messages
2026-04-22 21:26:47 | INFO | [FIRESTORE] 📖 Getting history | session=58d3a4a1-98c2-4e21-9615-997d70594865__a1b2c3d4-0001-0000-0000-000000000001__1776888324008 | tenant=a1b2c3d4-0001-0000-0000-000000000001
2026-04-22 21:26:47 | INFO | [FIRESTORE] ✅ Retrieved 1 messages
2026-04-22 21:26:55 | INFO | [FIRESTORE] 📖 Getting history | session=58d3a4a1-98c2-4e21-9615-997d70594865__a1b2c3d4-0001-0000-0000-000000000001__1776885357546 | tenant=a1b2c3d4-0001-0000-0000-000000000001
2026-04-22 21:26:55 | INFO | [FIRESTORE] ✅ Retrieved 4 messages
2026-04-22 21:27:08 | INFO | [FIRESTORE] 📖 Getting history | session=58d3a4a1-98c2-4e21-9615-997d70594865__a1b2c3d4-0001-0000-0000-000000000001__1776888324008 | tenant=a1b2c3d4-0001-0000-0000-000000000001
2026-04-22 21:27:08 | INFO | [FIRESTORE] ✅ Retrieved 1 messages
2026-04-22 21:28:13 | INFO | [FIRESTORE] 💾 Saving message | session=58d3a4a1-98c2-4e21-9615-997d70594865__a1b2c3d4-0001-0000-0000-000000000001__1776888324008 | tenant=a1b2c3d4-0001-0000-0000-000000000001 | user=58d3a4a1-98c2-4e21-9615-997d70594865
2026-04-22 21:28:13 | INFO | [FIRESTORE] First message: False
2026-04-22 21:28:13 | INFO | [FIRESTORE] ✅ Message saved | doc_id=O7V4VPAjm2yiUoacFNiW
2026-04-22 21:28:13 | WARNING | [FIRESTORE] Could not update metadata: name 'firestore' is not defined
2026-04-22 21:30:17 | INFO | ✅ FirestoreConversationService initialisé
2026-04-22 21:30:47 | INFO | [FIRESTORE] 📋 Getting user conversations | user=58d3a4a1-98c2-4e21-9615-997d70594865 | tenant=a1b2c3d4-0001-0000-0000-000000000001
2026-04-22 21:30:48 | INFO | [FIRESTORE] ✅ Found 3 conversations for user 58d3a4a1-98c2-4e21-9615-997d70594865
2026-04-22 21:30:48 | INFO | [FIRESTORE] 📖 Getting history | session=58d3a4a1-98c2-4e21-9615-997d70594865__a1b2c3d4-0001-0000-0000-000000000001 | tenant=a1b2c3d4-0001-0000-0000-000000000001
2026-04-22 21:30:48 | INFO | [FIRESTORE] ✅ Retrieved 7 messages
2026-04-22 21:30:51 | INFO | [FIRESTORE] 🧹 Cleaning old anonymous conversations > 24h
2026-04-22 21:30:51 | INFO | [FIRESTORE] ✅ Cleanup complete: 0 messages, 0 sessions
2026-04-22 21:31:06 | INFO | [FIRESTORE] 📖 Getting history | session=58d3a4a1-98c2-4e21-9615-997d70594865__a1b2c3d4-0001-0000-0000-000000000001__1776888324008 | tenant=a1b2c3d4-0001-0000-0000-000000000001
2026-04-22 21:31:06 | INFO | [FIRESTORE] ✅ Retrieved 2 messages
2026-04-22 21:32:23 | INFO | [FIRESTORE] 💾 Saving message | session=58d3a4a1-98c2-4e21-9615-997d70594865__a1b2c3d4-0001-0000-0000-000000000001__1776888324008 | tenant=a1b2c3d4-0001-0000-0000-000000000001 | user=58d3a4a1-98c2-4e21-9615-997d70594865
2026-04-22 21:32:23 | INFO | [FIRESTORE] First message: False
2026-04-22 21:32:24 | INFO | [FIRESTORE] ✅ Message saved | doc_id=qUxTNAa0WvBuwcxM6zf6
2026-04-22 21:32:24 | WARNING | [FIRESTORE] Could not update metadata: name 'firestore' is not defined
2026-04-22 21:35:09 | INFO | ✅ FirestoreConversationService initialisé
2026-04-22 21:35:59 | INFO | [FIRESTORE] 🧹 Cleaning old anonymous conversations > 24h
2026-04-22 21:36:01 | INFO | [FIRESTORE] ✅ Cleanup complete: 0 messages, 0 sessions
2026-04-22 21:37:08 | INFO | ✅ FirestoreConversationService initialisé
2026-04-22 21:37:55 | INFO | ✅ FirestoreConversationService initialisé
2026-04-22 21:38:46 | INFO | [FIRESTORE] 🧹 Cleaning old anonymous conversations > 24h
2026-04-22 21:38:47 | INFO | [FIRESTORE] ✅ Cleanup complete: 0 messages, 0 sessions
2026-04-22 21:39:25 | INFO | [FIRESTORE] 💾 Saving message | session=58d3a4a1-98c2-4e21-9615-997d70594865__a1b2c3d4-0001-0000-0000-000000000001__1776888324008 | tenant=a1b2c3d4-0001-0000-0000-000000000001 | user=58d3a4a1-98c2-4e21-9615-997d70594865
2026-04-22 21:39:25 | INFO | [FIRESTORE] First message: False
2026-04-22 21:39:25 | INFO | [FIRESTORE] ✅ Message saved | doc_id=GT2YOWJJzmOExNhAzh2i
2026-04-22 21:39:25 | WARNING | [FIRESTORE] Could not update metadata: name 'firestore' is not defined
2026-04-22 21:43:02 | INFO | ✅ FirestoreConversationService initialisé
2026-04-22 21:43:53 | INFO | [FIRESTORE] 🧹 Cleaning old anonymous conversations > 24h
2026-04-22 21:43:55 | INFO | [FIRESTORE] ✅ Cleanup complete: 0 messages, 0 sessions
2026-04-22 21:46:27 | INFO | [FIRESTORE] 💾 Saving message | session=58d3a4a1-98c2-4e21-9615-997d70594865__a1b2c3d4-0001-0000-0000-000000000001__1776888324008 | tenant=a1b2c3d4-0001-0000-0000-000000000001 | user=58d3a4a1-98c2-4e21-9615-997d70594865
2026-04-22 21:46:28 | INFO | [FIRESTORE] First message: False
2026-04-22 21:46:28 | INFO | [FIRESTORE] ✅ Message saved | doc_id=FTFP70Nb86O83er7EG1N
2026-04-22 21:46:28 | WARNING | [FIRESTORE] Could not update metadata: name 'firestore' is not defined
2026-04-22 21:50:27 | INFO | ✅ FirestoreConversationService initialisé
2026-04-22 21:51:19 | INFO | ✅ FirestoreConversationService initialisé
2026-04-22 21:52:20 | INFO | [FIRESTORE] 🧹 Cleaning old anonymous conversations > 24h
2026-04-22 21:52:21 | INFO | [FIRESTORE] ✅ Cleanup complete: 0 messages, 0 sessions
2026-04-22 22:04:58 | INFO | ✅ FirestoreConversationService initialisé
2026-04-22 22:05:36 | INFO | [FIRESTORE] 📋 Getting user conversations | user=58d3a4a1-98c2-4e21-9615-997d70594865 | tenant=a1b2c3d4-0001-0000-0000-000000000001
2026-04-22 22:05:38 | INFO | [FIRESTORE] ✅ Found 3 conversations for user 58d3a4a1-98c2-4e21-9615-997d70594865
2026-04-22 22:05:38 | INFO | [FIRESTORE] 📖 Getting history | session=58d3a4a1-98c2-4e21-9615-997d70594865__a1b2c3d4-0001-0000-0000-000000000001 | tenant=a1b2c3d4-0001-0000-0000-000000000001
2026-04-22 22:05:38 | INFO | [FIRESTORE] ✅ Retrieved 7 messages
2026-04-22 22:05:40 | INFO | [FIRESTORE] 🧹 Cleaning old anonymous conversations > 24h
2026-04-22 22:05:41 | INFO | [FIRESTORE] ✅ Cleanup complete: 0 messages, 0 sessions
2026-04-22 22:05:44 | INFO | [FIRESTORE] 📖 Getting history | session=58d3a4a1-98c2-4e21-9615-997d70594865__a1b2c3d4-0001-0000-0000-000000000001__1776888324008 | tenant=a1b2c3d4-0001-0000-0000-000000000001
2026-04-22 22:05:44 | INFO | [FIRESTORE] ✅ Retrieved 5 messages
2026-04-22 22:09:12 | INFO | [FIRESTORE] 💾 Saving message | session=58d3a4a1-98c2-4e21-9615-997d70594865__a1b2c3d4-0001-0000-0000-000000000001__1776888324008 | tenant=a1b2c3d4-0001-0000-0000-000000000001 | user=58d3a4a1-98c2-4e21-9615-997d70594865
2026-04-22 22:09:12 | INFO | [FIRESTORE] First message: False
2026-04-22 22:09:12 | INFO | [FIRESTORE] ✅ Message saved | doc_id=TNmYFyEY3Ev0VSehReVj
2026-04-22 22:09:12 | WARNING | [FIRESTORE] Could not update metadata: name 'firestore' is not defined
2026-04-22 22:09:22 | INFO | ✅ FirestoreConversationService initialisé
2026-04-22 22:09:53 | INFO | [FIRESTORE] 🧹 Cleaning old anonymous conversations > 24h
2026-04-22 22:09:55 | INFO | [FIRESTORE] ✅ Cleanup complete: 0 messages, 0 sessions
2026-04-22 22:11:08 | INFO | [FIRESTORE] 📋 Getting user conversations | user=58d3a4a1-98c2-4e21-9615-997d70594865 | tenant=a1b2c3d4-0001-0000-0000-000000000001
2026-04-22 22:11:09 | INFO | [FIRESTORE] ✅ Found 3 conversations for user 58d3a4a1-98c2-4e21-9615-997d70594865
2026-04-22 22:11:09 | INFO | [FIRESTORE] 📖 Getting history | session=58d3a4a1-98c2-4e21-9615-997d70594865__a1b2c3d4-0001-0000-0000-000000000001 | tenant=a1b2c3d4-0001-0000-0000-000000000001
2026-04-22 22:11:09 | INFO | [FIRESTORE] ✅ Retrieved 7 messages
2026-04-22 22:11:29 | INFO | [FIRESTORE] 📖 Getting history | session=58d3a4a1-98c2-4e21-9615-997d70594865__a1b2c3d4-0001-0000-0000-000000000001__1776888324008 | tenant=a1b2c3d4-0001-0000-0000-000000000001
2026-04-22 22:11:30 | INFO | [FIRESTORE] ✅ Retrieved 6 messages
2026-04-22 22:34:43 | INFO | ✅ FirestoreConversationService initialisé
2026-04-22 22:35:19 | INFO | [FIRESTORE] 🧹 Cleaning old anonymous conversations > 24h
2026-04-22 22:35:21 | INFO | [FIRESTORE] ✅ Cleanup complete: 0 messages, 0 sessions
2026-04-22 22:35:42 | INFO | [FIRESTORE] 📋 Getting user conversations | user=58d3a4a1-98c2-4e21-9615-997d70594865 | tenant=a1b2c3d4-0001-0000-0000-000000000001
2026-04-22 22:35:43 | INFO | [FIRESTORE] ✅ Found 3 conversations for user 58d3a4a1-98c2-4e21-9615-997d70594865
2026-04-22 22:35:43 | INFO | [FIRESTORE] 📖 Getting history | session=58d3a4a1-98c2-4e21-9615-997d70594865__a1b2c3d4-0001-0000-0000-000000000001 | tenant=a1b2c3d4-0001-0000-0000-000000000001
2026-04-22 22:35:43 | INFO | [FIRESTORE] ✅ Retrieved 7 messages
2026-04-22 22:36:04 | INFO | [FIRESTORE] 📖 Getting history | session=58d3a4a1-98c2-4e21-9615-997d70594865__a1b2c3d4-0001-0000-0000-000000000001__1776888324008 | tenant=a1b2c3d4-0001-0000-0000-000000000001
2026-04-22 22:36:05 | INFO | [FIRESTORE] ✅ Retrieved 6 messages
2026-04-22 22:37:38 | INFO | [FIRESTORE] 💾 Saving message | session=58d3a4a1-98c2-4e21-9615-997d70594865__a1b2c3d4-0001-0000-0000-000000000001__1776888324008 | tenant=a1b2c3d4-0001-0000-0000-000000000001 | user=58d3a4a1-98c2-4e21-9615-997d70594865
2026-04-22 22:37:38 | INFO | [FIRESTORE] First message: False
2026-04-22 22:37:39 | INFO | [FIRESTORE] ✅ Message saved | doc_id=hb4p8IitfszjS9V1DO7C
2026-04-22 22:37:39 | WARNING | [FIRESTORE] Could not update metadata: name 'firestore' is not defined
2026-04-22 22:37:45 | INFO | [FIRESTORE] 📋 Getting user conversations | user=58d3a4a1-98c2-4e21-9615-997d70594865 | tenant=a1b2c3d4-0001-0000-0000-000000000001
2026-04-22 22:37:46 | INFO | [FIRESTORE] ✅ Found 3 conversations for user 58d3a4a1-98c2-4e21-9615-997d70594865
2026-04-22 22:37:46 | INFO | [FIRESTORE] 📖 Getting history | session=58d3a4a1-98c2-4e21-9615-997d70594865__a1b2c3d4-0001-0000-0000-000000000001 | tenant=a1b2c3d4-0001-0000-0000-000000000001
2026-04-22 22:37:46 | INFO | [FIRESTORE] ✅ Retrieved 7 messages
2026-04-22 22:39:34 | INFO | [FIRESTORE] 💾 Saving message | session=58d3a4a1-98c2-4e21-9615-997d70594865__a1b2c3d4-0001-0000-0000-000000000001 | tenant=a1b2c3d4-0001-0000-0000-000000000001 | user=58d3a4a1-98c2-4e21-9615-997d70594865
2026-04-22 22:39:35 | INFO | [FIRESTORE] First message: False
2026-04-22 22:39:35 | INFO | [FIRESTORE] ✅ Message saved | doc_id=eeDtS9FmwsPqSAVqmkx4
2026-04-22 22:39:35 | WARNING | [FIRESTORE] Could not update metadata: name 'firestore' is not defined
2026-04-22 22:39:53 | INFO | [FIRESTORE] 📋 Getting user conversations | user=58d3a4a1-98c2-4e21-9615-997d70594865 | tenant=a1b2c3d4-0001-0000-0000-000000000001
2026-04-22 22:39:54 | INFO | [FIRESTORE] ✅ Found 3 conversations for user 58d3a4a1-98c2-4e21-9615-997d70594865
2026-04-22 22:39:54 | INFO | [FIRESTORE] 📖 Getting history | session=58d3a4a1-98c2-4e21-9615-997d70594865__a1b2c3d4-0001-0000-0000-000000000001 | tenant=a1b2c3d4-0001-0000-0000-000000000001
2026-04-22 22:39:54 | INFO | [FIRESTORE] ✅ Retrieved 8 messages
2026-04-22 22:41:15 | INFO | [FIRESTORE] 💾 Saving message | session=58d3a4a1-98c2-4e21-9615-997d70594865__a1b2c3d4-0001-0000-0000-000000000001 | tenant=a1b2c3d4-0001-0000-0000-000000000001 | user=58d3a4a1-98c2-4e21-9615-997d70594865
2026-04-22 22:41:15 | INFO | [FIRESTORE] First message: False
2026-04-22 22:41:15 | INFO | [FIRESTORE] ✅ Message saved | doc_id=lCZv2yVX4qSCmKL2E3Oo
2026-04-22 22:41:15 | WARNING | [FIRESTORE] Could not update metadata: name 'firestore' is not defined
2026-04-22 22:41:32 | INFO | [FIRESTORE] 📋 Getting user conversations | user=58d3a4a1-98c2-4e21-9615-997d70594865 | tenant=a1b2c3d4-0001-0000-0000-000000000001
2026-04-22 22:41:33 | INFO | [FIRESTORE] ✅ Found 3 conversations for user 58d3a4a1-98c2-4e21-9615-997d70594865
2026-04-22 22:41:33 | INFO | [FIRESTORE] 📖 Getting history | session=58d3a4a1-98c2-4e21-9615-997d70594865__a1b2c3d4-0001-0000-0000-000000000001 | tenant=a1b2c3d4-0001-0000-0000-000000000001
2026-04-22 22:41:33 | INFO | [FIRESTORE] ✅ Retrieved 9 messages
2026-04-22 22:43:42 | INFO | [FIRESTORE] 💾 Saving message | session=58d3a4a1-98c2-4e21-9615-997d70594865__a1b2c3d4-0001-0000-0000-000000000001 | tenant=a1b2c3d4-0001-0000-0000-000000000001 | user=58d3a4a1-98c2-4e21-9615-997d70594865
2026-04-22 22:43:42 | INFO | [FIRESTORE] First message: False
2026-04-22 22:43:42 | INFO | [FIRESTORE] ✅ Message saved | doc_id=cMHVFHE01mXgBjeeTKuf
2026-04-22 22:43:42 | WARNING | [FIRESTORE] Could not update metadata: name 'firestore' is not defined
2026-04-22 22:44:35 | INFO | [FIRESTORE] 📋 Getting user conversations | user=58d3a4a1-98c2-4e21-9615-997d70594865 | tenant=a1b2c3d4-0001-0000-0000-000000000001
2026-04-22 22:44:35 | INFO | [FIRESTORE] ✅ Found 3 conversations for user 58d3a4a1-98c2-4e21-9615-997d70594865
2026-04-22 22:44:35 | INFO | [FIRESTORE] 📖 Getting history | session=58d3a4a1-98c2-4e21-9615-997d70594865__a1b2c3d4-0001-0000-0000-000000000001 | tenant=a1b2c3d4-0001-0000-0000-000000000001
2026-04-22 22:44:35 | INFO | [FIRESTORE] ✅ Retrieved 10 messages
2026-04-22 22:44:51 | INFO | [FIRESTORE] 📖 Getting history | session=58d3a4a1-98c2-4e21-9615-997d70594865__a1b2c3d4-0001-0000-0000-000000000001 | tenant=a1b2c3d4-0001-0000-0000-000000000001
2026-04-22 22:44:51 | INFO | [FIRESTORE] ✅ Retrieved 10 messages
2026-04-22 22:45:00 | INFO | [FIRESTORE] 📖 Getting history | session=58d3a4a1-98c2-4e21-9615-997d70594865__a1b2c3d4-0001-0000-0000-000000000001__1776885357546 | tenant=a1b2c3d4-0001-0000-0000-000000000001
2026-04-22 22:45:00 | INFO | [FIRESTORE] ✅ Retrieved 4 messages
2026-04-22 22:48:13 | INFO | [FIRESTORE] 💾 Saving message | session=58d3a4a1-98c2-4e21-9615-997d70594865__a1b2c3d4-0001-0000-0000-000000000001__1776885357546 | tenant=a1b2c3d4-0001-0000-0000-000000000001 | user=58d3a4a1-98c2-4e21-9615-997d70594865
2026-04-22 22:48:14 | INFO | [FIRESTORE] First message: False
2026-04-22 22:48:14 | INFO | [FIRESTORE] ✅ Message saved | doc_id=kiF9xFIyzxFP76OGkWNU
2026-04-22 22:48:14 | WARNING | [FIRESTORE] Could not update metadata: name 'firestore' is not defined
2026-04-22 22:48:44 | INFO | [FIRESTORE] 📋 Getting user conversations | user=58d3a4a1-98c2-4e21-9615-997d70594865 | tenant=a1b2c3d4-0001-0000-0000-000000000001
2026-04-22 22:48:45 | INFO | [FIRESTORE] ✅ Found 3 conversations for user 58d3a4a1-98c2-4e21-9615-997d70594865
2026-04-22 22:48:45 | INFO | [FIRESTORE] 📖 Getting history | session=58d3a4a1-98c2-4e21-9615-997d70594865__a1b2c3d4-0001-0000-0000-000000000001 | tenant=a1b2c3d4-0001-0000-0000-000000000001
2026-04-22 22:48:45 | INFO | [FIRESTORE] ✅ Retrieved 10 messages
2026-04-22 22:48:59 | INFO | [FIRESTORE] 📋 Getting user conversations | user=58d3a4a1-98c2-4e21-9615-997d70594865 | tenant=a1b2c3d4-0001-0000-0000-000000000001
2026-04-22 22:49:00 | INFO | [FIRESTORE] ✅ Found 3 conversations for user 58d3a4a1-98c2-4e21-9615-997d70594865
2026-04-22 22:49:00 | INFO | [FIRESTORE] 📖 Getting history | session=58d3a4a1-98c2-4e21-9615-997d70594865__a1b2c3d4-0001-0000-0000-000000000001 | tenant=a1b2c3d4-0001-0000-0000-000000000001
2026-04-22 22:49:00 | INFO | [FIRESTORE] ✅ Retrieved 10 messages
2026-04-22 22:49:05 | INFO | [FIRESTORE] 📖 Getting history | session=58d3a4a1-98c2-4e21-9615-997d70594865__a1b2c3d4-0001-0000-0000-000000000001__1776885357546 | tenant=a1b2c3d4-0001-0000-0000-000000000001
2026-04-22 22:49:05 | INFO | [FIRESTORE] ✅ Retrieved 5 messages
2026-04-22 22:51:44 | INFO | [FIRESTORE] 💾 Saving message | session=58d3a4a1-98c2-4e21-9615-997d70594865__a1b2c3d4-0001-0000-0000-000000000001__1776885357546 | tenant=a1b2c3d4-0001-0000-0000-000000000001 | user=58d3a4a1-98c2-4e21-9615-997d70594865
2026-04-22 22:51:44 | INFO | [FIRESTORE] First message: False
2026-04-22 22:51:44 | INFO | [FIRESTORE] ✅ Message saved | doc_id=EvzfZgZz3ciuzPIhfp7w
2026-04-22 22:51:44 | WARNING | [FIRESTORE] Could not update metadata: name 'firestore' is not defined
2026-04-22 22:52:23 | INFO | [FIRESTORE] 📋 Getting user conversations | user=58d3a4a1-98c2-4e21-9615-997d70594865 | tenant=a1b2c3d4-0001-0000-0000-000000000001
2026-04-22 22:52:24 | INFO | [FIRESTORE] ✅ Found 3 conversations for user 58d3a4a1-98c2-4e21-9615-997d70594865
2026-04-22 22:52:24 | INFO | [FIRESTORE] 📖 Getting history | session=58d3a4a1-98c2-4e21-9615-997d70594865__a1b2c3d4-0001-0000-0000-000000000001 | tenant=a1b2c3d4-0001-0000-0000-000000000001
2026-04-22 22:52:24 | INFO | [FIRESTORE] ✅ Retrieved 10 messages
2026-04-22 22:52:31 | INFO | [FIRESTORE] 📖 Getting history | session=58d3a4a1-98c2-4e21-9615-997d70594865__a1b2c3d4-0001-0000-0000-000000000001__1776885357546 | tenant=a1b2c3d4-0001-0000-0000-000000000001
2026-04-22 22:52:31 | INFO | [FIRESTORE] ✅ Retrieved 6 messages
2026-04-22 22:53:31 | INFO | [FIRESTORE] 📖 Getting history | session=58d3a4a1-98c2-4e21-9615-997d70594865__a1b2c3d4-0001-0000-0000-000000000001__1776888324008 | tenant=a1b2c3d4-0001-0000-0000-000000000001
2026-04-22 22:53:31 | INFO | [FIRESTORE] ✅ Retrieved 7 messages
2026-04-22 23:17:10 | INFO | ✅ FirestoreConversationService initialisé
2026-04-22 23:18:07 | INFO | [FIRESTORE] 🧹 Cleaning old anonymous conversations > 24h
2026-04-22 23:18:09 | INFO | [FIRESTORE] ✅ Cleanup complete: 0 messages, 0 sessions
2026-04-22 23:22:12 | INFO | [FIRESTORE] 📋 Getting user conversations | user=58d3a4a1-98c2-4e21-9615-997d70594865 | tenant=a1b2c3d4-0001-0000-0000-000000000001
2026-04-22 23:22:13 | INFO | [FIRESTORE] ✅ Found 3 conversations for user 58d3a4a1-98c2-4e21-9615-997d70594865
2026-04-22 23:22:13 | INFO | [FIRESTORE] 📖 Getting history | session=58d3a4a1-98c2-4e21-9615-997d70594865__a1b2c3d4-0001-0000-0000-000000000001 | tenant=a1b2c3d4-0001-0000-0000-000000000001
2026-04-22 23:22:14 | INFO | [FIRESTORE] ✅ Retrieved 10 messages
2026-04-22 23:22:16 | INFO | [FIRESTORE] 📖 Getting history | session=58d3a4a1-98c2-4e21-9615-997d70594865__a1b2c3d4-0001-0000-0000-000000000001__1776888324008 | tenant=a1b2c3d4-0001-0000-0000-000000000001
2026-04-22 23:22:16 | INFO | [FIRESTORE] ✅ Retrieved 7 messages
2026-04-22 23:26:05 | INFO | ✅ FirestoreConversationService initialisé
2026-04-22 23:27:06 | INFO | [FIRESTORE] 🧹 Cleaning old anonymous conversations > 24h
2026-04-22 23:27:08 | INFO | [FIRESTORE] ✅ Cleanup complete: 0 messages, 0 sessions
2026-04-22 23:32:43 | INFO | [FIRESTORE] 📋 Getting user conversations | user=58d3a4a1-98c2-4e21-9615-997d70594865 | tenant=a1b2c3d4-0001-0000-0000-000000000001
2026-04-22 23:32:44 | INFO | [FIRESTORE] ✅ Found 3 conversations for user 58d3a4a1-98c2-4e21-9615-997d70594865
2026-04-22 23:32:44 | INFO | [FIRESTORE] 📖 Getting history | session=58d3a4a1-98c2-4e21-9615-997d70594865__a1b2c3d4-0001-0000-0000-000000000001 | tenant=a1b2c3d4-0001-0000-0000-000000000001
2026-04-22 23:32:44 | INFO | [FIRESTORE] ✅ Retrieved 10 messages
2026-04-22 23:32:54 | INFO | ✅ FirestoreConversationService initialisé
2026-04-22 23:33:24 | INFO | [FIRESTORE] 📖 Getting history | session=58d3a4a1-98c2-4e21-9615-997d70594865__a1b2c3d4-0001-0000-0000-000000000001__1776888324008 | tenant=a1b2c3d4-0001-0000-0000-000000000001
2026-04-22 23:33:24 | INFO | [FIRESTORE] ✅ Retrieved 7 messages
2026-04-22 23:33:28 | INFO | [FIRESTORE] 🧹 Cleaning old anonymous conversations > 24h
2026-04-22 23:33:28 | INFO | [FIRESTORE] ✅ Cleanup complete: 0 messages, 0 sessions
2026-04-22 23:34:29 | INFO | [FIRESTORE] 📋 Getting user conversations | user=58d3a4a1-98c2-4e21-9615-997d70594865 | tenant=a1b2c3d4-0001-0000-0000-000000000001
2026-04-22 23:34:29 | INFO | [FIRESTORE] ✅ Found 3 conversations for user 58d3a4a1-98c2-4e21-9615-997d70594865
2026-04-22 23:34:29 | INFO | [FIRESTORE] 📖 Getting history | session=58d3a4a1-98c2-4e21-9615-997d70594865__a1b2c3d4-0001-0000-0000-000000000001 | tenant=a1b2c3d4-0001-0000-0000-000000000001
2026-04-22 23:34:30 | INFO | [FIRESTORE] ✅ Retrieved 10 messages
2026-04-22 23:34:35 | INFO | [FIRESTORE] 📖 Getting history | session=58d3a4a1-98c2-4e21-9615-997d70594865__a1b2c3d4-0001-0000-0000-000000000001__1776888324008 | tenant=a1b2c3d4-0001-0000-0000-000000000001
2026-04-22 23:34:35 | INFO | [FIRESTORE] ✅ Retrieved 7 messages
2026-04-22 23:34:40 | INFO | [FIRESTORE] 📖 Getting history | session=58d3a4a1-98c2-4e21-9615-997d70594865__a1b2c3d4-0001-0000-0000-000000000001 | tenant=a1b2c3d4-0001-0000-0000-000000000001
2026-04-22 23:34:41 | INFO | [FIRESTORE] ✅ Retrieved 10 messages
2026-04-22 23:34:44 | INFO | [FIRESTORE] 📖 Getting history | session=58d3a4a1-98c2-4e21-9615-997d70594865__a1b2c3d4-0001-0000-0000-000000000001__1776888324008 | tenant=a1b2c3d4-0001-0000-0000-000000000001
2026-04-22 23:34:44 | INFO | [FIRESTORE] ✅ Retrieved 7 messages
2026-04-22 23:34:49 | INFO | [FIRESTORE] 📖 Getting history | session=58d3a4a1-98c2-4e21-9615-997d70594865__a1b2c3d4-0001-0000-0000-000000000001__1776885357546 | tenant=a1b2c3d4-0001-0000-0000-000000000001
2026-04-22 23:34:49 | INFO | [FIRESTORE] ✅ Retrieved 6 messages
2026-04-22 23:37:47 | INFO | ✅ FirestoreConversationService initialisé
2026-04-22 23:38:23 | INFO | [FIRESTORE] 🧹 Cleaning old anonymous conversations > 24h
2026-04-22 23:38:24 | INFO | [FIRESTORE] ✅ Cleanup complete: 0 messages, 0 sessions
2026-04-22 23:48:19 | INFO | [FIRESTORE] 📋 Getting user conversations | user=58d3a4a1-98c2-4e21-9615-997d70594865 | tenant=a1b2c3d4-0001-0000-0000-000000000001
2026-04-22 23:48:20 | INFO | [FIRESTORE] ✅ Found 3 conversations for user 58d3a4a1-98c2-4e21-9615-997d70594865
2026-04-22 23:48:20 | INFO | [FIRESTORE] 📖 Getting history | session=58d3a4a1-98c2-4e21-9615-997d70594865__a1b2c3d4-0001-0000-0000-000000000001 | tenant=a1b2c3d4-0001-0000-0000-000000000001
2026-04-22 23:48:20 | INFO | [FIRESTORE] ✅ Retrieved 10 messages
2026-04-22 23:58:20 | INFO | ✅ FirestoreConversationService initialisé
2026-04-22 23:58:58 | INFO | [FIRESTORE] 📋 Getting user conversations | user=58d3a4a1-98c2-4e21-9615-997d70594865 | tenant=a1b2c3d4-0001-0000-0000-000000000001
2026-04-22 23:59:00 | INFO | [FIRESTORE] ✅ Found 3 conversations for user 58d3a4a1-98c2-4e21-9615-997d70594865
2026-04-22 23:59:00 | INFO | [FIRESTORE] 📖 Getting history | session=58d3a4a1-98c2-4e21-9615-997d70594865__a1b2c3d4-0001-0000-0000-000000000001 | tenant=a1b2c3d4-0001-0000-0000-000000000001
2026-04-22 23:59:00 | INFO | [FIRESTORE] ✅ Retrieved 10 messages
2026-04-22 23:59:01 | INFO | [FIRESTORE] 🧹 Cleaning old anonymous conversations > 24h
2026-04-22 23:59:02 | INFO | [FIRESTORE] ✅ Cleanup complete: 0 messages, 0 sessions
2026-04-23 00:03:16 | INFO | ✅ FirestoreConversationService initialisé
2026-04-23 00:04:10 | INFO | [FIRESTORE] 🧹 Cleaning old anonymous conversations > 24h
2026-04-23 00:04:11 | INFO | [FIRESTORE] ✅ Cleanup complete: 0 messages, 0 sessions
2026-04-23 00:06:54 | INFO | ✅ FirestoreConversationService initialisé
2026-04-23 00:07:35 | INFO | [FIRESTORE] 📋 Getting user conversations | user=58d3a4a1-98c2-4e21-9615-997d70594865 | tenant=a1b2c3d4-0001-0000-0000-000000000001
2026-04-23 00:07:37 | INFO | [FIRESTORE] ✅ Found 3 conversations for user 58d3a4a1-98c2-4e21-9615-997d70594865
2026-04-23 00:07:37 | INFO | [FIRESTORE] 📖 Getting history | session=58d3a4a1-98c2-4e21-9615-997d70594865__a1b2c3d4-0001-0000-0000-000000000001 | tenant=a1b2c3d4-0001-0000-0000-000000000001
2026-04-23 00:07:37 | INFO | [FIRESTORE] ✅ Retrieved 10 messages
2026-04-23 00:07:39 | INFO | [FIRESTORE] 🧹 Cleaning old anonymous conversations > 24h
2026-04-23 00:07:39 | INFO | [FIRESTORE] ✅ Cleanup complete: 0 messages, 0 sessions
2026-04-23 00:13:58 | INFO | ✅ FirestoreConversationService initialisé
2026-04-23 00:15:06 | INFO | ✅ FirestoreConversationService initialisé
2026-04-23 00:15:44 | INFO | [FIRESTORE] 📋 Getting user conversations | user=58d3a4a1-98c2-4e21-9615-997d70594865 | tenant=a1b2c3d4-0001-0000-0000-000000000001
2026-04-23 00:15:46 | INFO | [FIRESTORE] ✅ Found 3 conversations for user 58d3a4a1-98c2-4e21-9615-997d70594865
2026-04-23 00:15:46 | INFO | [FIRESTORE] 📖 Getting history | session=58d3a4a1-98c2-4e21-9615-997d70594865__a1b2c3d4-0001-0000-0000-000000000001 | tenant=a1b2c3d4-0001-0000-0000-000000000001
2026-04-23 00:15:46 | INFO | [FIRESTORE] ✅ Retrieved 10 messages
2026-04-23 00:15:48 | INFO | [FIRESTORE] 🧹 Cleaning old anonymous conversations > 24h
2026-04-23 00:15:48 | INFO | [FIRESTORE] ✅ Cleanup complete: 0 messages, 0 sessions
2026-04-23 00:21:17 | INFO | [FIRESTORE] 💾 Saving message | session=58d3a4a1-98c2-4e21-9615-997d70594865__a1b2c3d4-0001-0000-0000-000000000001 | tenant=a1b2c3d4-0001-0000-0000-000000000001 | user=58d3a4a1-98c2-4e21-9615-997d70594865
2026-04-23 00:21:17 | INFO | [FIRESTORE] First message: False
2026-04-23 00:21:17 | INFO | [FIRESTORE] ✅ Message saved | doc_id=RwgySoF10rwkEHeJmLre
2026-04-23 00:21:17 | WARNING | [FIRESTORE] Could not update metadata: name 'firestore' is not defined
2026-04-23 00:24:28 | INFO | [FIRESTORE] 📋 Getting user conversations | user=58d3a4a1-98c2-4e21-9615-997d70594865 | tenant=a1b2c3d4-0001-0000-0000-000000000001
2026-04-23 00:24:29 | INFO | [FIRESTORE] ✅ Found 3 conversations for user 58d3a4a1-98c2-4e21-9615-997d70594865
2026-04-23 00:24:29 | INFO | [FIRESTORE] 📖 Getting history | session=58d3a4a1-98c2-4e21-9615-997d70594865__a1b2c3d4-0001-0000-0000-000000000001 | tenant=a1b2c3d4-0001-0000-0000-000000000001
2026-04-23 00:24:29 | INFO | [FIRESTORE] ✅ Retrieved 11 messages
2026-04-23 00:27:16 | INFO | [FIRESTORE] 💾 Saving message | session=58d3a4a1-98c2-4e21-9615-997d70594865__a1b2c3d4-0001-0000-0000-000000000001 | tenant=a1b2c3d4-0001-0000-0000-000000000001 | user=58d3a4a1-98c2-4e21-9615-997d70594865
2026-04-23 00:27:16 | INFO | [FIRESTORE] First message: False
2026-04-23 00:27:16 | INFO | [FIRESTORE] ✅ Message saved | doc_id=Fay77j3GKcC89jpy2JU1
2026-04-23 00:27:16 | WARNING | [FIRESTORE] Could not update metadata: name 'firestore' is not defined
2026-04-23 00:27:41 | INFO | [FIRESTORE] 📋 Getting user conversations | user=58d3a4a1-98c2-4e21-9615-997d70594865 | tenant=a1b2c3d4-0001-0000-0000-000000000001
2026-04-23 00:27:41 | INFO | [FIRESTORE] ✅ Found 3 conversations for user 58d3a4a1-98c2-4e21-9615-997d70594865
2026-04-23 00:27:41 | INFO | [FIRESTORE] 📖 Getting history | session=58d3a4a1-98c2-4e21-9615-997d70594865__a1b2c3d4-0001-0000-0000-000000000001 | tenant=a1b2c3d4-0001-0000-0000-000000000001
2026-04-23 00:27:42 | INFO | [FIRESTORE] ✅ Retrieved 12 messages
2026-04-23 00:31:57 | INFO | [FIRESTORE] 💾 Saving message | session=58d3a4a1-98c2-4e21-9615-997d70594865__a1b2c3d4-0001-0000-0000-000000000001 | tenant=a1b2c3d4-0001-0000-0000-000000000001 | user=58d3a4a1-98c2-4e21-9615-997d70594865
2026-04-23 00:31:57 | INFO | [FIRESTORE] First message: False
2026-04-23 00:31:57 | INFO | [FIRESTORE] ✅ Message saved | doc_id=tOVI7PFnVmlUNCS3Meym
2026-04-23 00:31:57 | WARNING | [FIRESTORE] Could not update metadata: name 'firestore' is not defined
2026-04-23 00:35:46 | INFO | ✅ FirestoreConversationService initialisé
2026-04-23 00:36:30 | INFO | [FIRESTORE] 🧹 Cleaning old anonymous conversations > 24h
2026-04-23 00:36:32 | INFO | [FIRESTORE] ✅ Cleanup complete: 0 messages, 0 sessions
2026-04-23 00:36:36 | INFO | [FIRESTORE] 📖 Getting history | session=58d3a4a1-98c2-4e21-9615-997d70594865__a1b2c3d4-0001-0000-0000-000000000001 | tenant=a1b2c3d4-0001-0000-0000-000000000001
2026-04-23 00:36:36 | INFO | [FIRESTORE] ✅ Retrieved 13 messages
2026-04-23 00:36:36 | INFO | [FIRESTORE] 📋 Getting user conversations | user=58d3a4a1-98c2-4e21-9615-997d70594865 | tenant=a1b2c3d4-0001-0000-0000-000000000001
2026-04-23 00:36:37 | INFO | [FIRESTORE] ✅ Found 3 conversations for user 58d3a4a1-98c2-4e21-9615-997d70594865
2026-04-23 00:36:47 | INFO | ✅ FirestoreConversationService initialisé
2026-04-23 00:37:37 | INFO | [FIRESTORE] 🧹 Cleaning old anonymous conversations > 24h
2026-04-23 00:37:38 | INFO | [FIRESTORE] ✅ Cleanup complete: 0 messages, 0 sessions
2026-04-23 00:39:25 | INFO | [FIRESTORE] 💾 Saving message | session=58d3a4a1-98c2-4e21-9615-997d70594865__a1b2c3d4-0001-0000-0000-000000000001 | tenant=a1b2c3d4-0001-0000-0000-000000000001 | user=58d3a4a1-98c2-4e21-9615-997d70594865
2026-04-23 00:39:26 | INFO | [FIRESTORE] First message: False
2026-04-23 00:39:26 | INFO | [FIRESTORE] ✅ Message saved | doc_id=lm5h9n9Lg9Ng9eNuYFNI
2026-04-23 00:39:26 | WARNING | [FIRESTORE] Could not update metadata: name 'firestore' is not defined
2026-04-23 00:41:16 | INFO | [FIRESTORE] 📋 Getting user conversations | user=58d3a4a1-98c2-4e21-9615-997d70594865 | tenant=a1b2c3d4-0001-0000-0000-000000000001
2026-04-23 00:41:17 | INFO | [FIRESTORE] ✅ Found 3 conversations for user 58d3a4a1-98c2-4e21-9615-997d70594865
2026-04-23 00:41:17 | INFO | [FIRESTORE] 📖 Getting history | session=58d3a4a1-98c2-4e21-9615-997d70594865__a1b2c3d4-0001-0000-0000-000000000001 | tenant=a1b2c3d4-0001-0000-0000-000000000001
2026-04-23 00:41:17 | INFO | [FIRESTORE] ✅ Retrieved 14 messages
2026-04-23 00:42:17 | INFO | [FIRESTORE] 💾 Saving message | session=58d3a4a1-98c2-4e21-9615-997d70594865__a1b2c3d4-0001-0000-0000-000000000001 | tenant=a1b2c3d4-0001-0000-0000-000000000001 | user=58d3a4a1-98c2-4e21-9615-997d70594865
2026-04-23 00:42:17 | INFO | [FIRESTORE] First message: False
2026-04-23 00:42:17 | INFO | [FIRESTORE] ✅ Message saved | doc_id=Lxd8C3DjXSYdxhPGOycN
2026-04-23 00:42:17 | WARNING | [FIRESTORE] Could not update metadata: name 'firestore' is not defined
2026-04-23 12:27:27 | INFO | ✅ FirestoreConversationService initialisé
2026-04-23 12:28:08 | INFO | [FIRESTORE] 🧹 Cleaning old anonymous conversations > 24h
2026-04-23 12:28:10 | INFO | [FIRESTORE] ✅ Cleanup complete: 0 messages, 0 sessions
2026-04-23 12:31:13 | INFO | ✅ FirestoreConversationService initialisé
2026-04-23 12:31:51 | INFO | [FIRESTORE] 🧹 Cleaning old anonymous conversations > 24h
2026-04-23 12:31:53 | INFO | [FIRESTORE] ✅ Cleanup complete: 0 messages, 0 sessions
2026-04-23 12:34:02 | INFO | [FIRESTORE] 📋 Getting user conversations | user=58d3a4a1-98c2-4e21-9615-997d70594865 | tenant=a1b2c3d4-0001-0000-0000-000000000001
2026-04-23 12:34:04 | INFO | [FIRESTORE] ✅ Found 3 conversations for user 58d3a4a1-98c2-4e21-9615-997d70594865
2026-04-23 12:34:04 | INFO | [FIRESTORE] 📖 Getting history | session=58d3a4a1-98c2-4e21-9615-997d70594865__a1b2c3d4-0001-0000-0000-000000000001 | tenant=a1b2c3d4-0001-0000-0000-000000000001
2026-04-23 12:34:04 | INFO | [FIRESTORE] ✅ Retrieved 15 messages
2026-04-23 12:36:36 | INFO | [FIRESTORE] 📖 Getting history | session=58d3a4a1-98c2-4e21-9615-997d70594865__a1b2c3d4-0001-0000-0000-000000000001__1776888324008 | tenant=a1b2c3d4-0001-0000-0000-000000000001
2026-04-23 12:36:36 | INFO | [FIRESTORE] ✅ Retrieved 7 messages
2026-04-23 12:43:00 | INFO | ✅ FirestoreConversationService initialisé
2026-04-23 12:44:43 | INFO | [FIRESTORE] 🧹 Cleaning old anonymous conversations > 24h
2026-04-23 12:44:46 | INFO | [FIRESTORE] ✅ Cleanup complete: 0 messages, 0 sessions
2026-04-23 12:47:34 | INFO | ✅ FirestoreConversationService initialisé
2026-04-23 12:48:25 | INFO | [FIRESTORE] 🧹 Cleaning old anonymous conversations > 24h
2026-04-23 12:48:27 | INFO | [FIRESTORE] ✅ Cleanup complete: 0 messages, 0 sessions
2026-04-23 12:49:10 | INFO | ✅ FirestoreConversationService initialisé
2026-04-23 12:50:01 | INFO | [FIRESTORE] 🧹 Cleaning old anonymous conversations > 24h
2026-04-23 12:50:03 | INFO | [FIRESTORE] ✅ Cleanup complete: 0 messages, 0 sessions
2026-04-23 12:51:36 | INFO | ✅ FirestoreConversationService initialisé
2026-04-23 12:52:26 | INFO | [FIRESTORE] 🧹 Cleaning old anonymous conversations > 24h
2026-04-23 12:52:28 | INFO | [FIRESTORE] ✅ Cleanup complete: 0 messages, 0 sessions
2026-04-23 12:53:08 | INFO | [FIRESTORE] 📋 Getting user conversations | user=58d3a4a1-98c2-4e21-9615-997d70594865 | tenant=a1b2c3d4-0001-0000-0000-000000000001
2026-04-23 12:53:09 | INFO | [FIRESTORE] ✅ Found 3 conversations for user 58d3a4a1-98c2-4e21-9615-997d70594865
2026-04-23 12:53:23 | INFO | [FIRESTORE] 📖 Getting history | session=58d3a4a1-98c2-4e21-9615-997d70594865__a1b2c3d4-0001-0000-0000-000000000001 | tenant=a1b2c3d4-0001-0000-0000-000000000001
2026-04-23 12:53:23 | INFO | [FIRESTORE] ✅ Retrieved 15 messages
2026-04-23 12:53:31 | INFO | [FIRESTORE] 📖 Getting history | session=58d3a4a1-98c2-4e21-9615-997d70594865__a1b2c3d4-0001-0000-0000-000000000001 | tenant=a1b2c3d4-0001-0000-0000-000000000001
2026-04-23 12:53:31 | INFO | [FIRESTORE] ✅ Retrieved 15 messages
2026-04-23 12:53:34 | INFO | [FIRESTORE] 📖 Getting history | session=58d3a4a1-98c2-4e21-9615-997d70594865__a1b2c3d4-0001-0000-0000-000000000001 | tenant=a1b2c3d4-0001-0000-0000-000000000001
2026-04-23 12:53:34 | INFO | [FIRESTORE] ✅ Retrieved 15 messages
2026-04-23 12:53:44 | INFO | [FIRESTORE] 📖 Getting history | session=58d3a4a1-98c2-4e21-9615-997d70594865__a1b2c3d4-0001-0000-0000-000000000001 | tenant=a1b2c3d4-0001-0000-0000-000000000001
2026-04-23 12:53:44 | INFO | [FIRESTORE] ✅ Retrieved 15 messages
2026-04-23 12:53:47 | INFO | [FIRESTORE] 📖 Getting history | session=58d3a4a1-98c2-4e21-9615-997d70594865__a1b2c3d4-0001-0000-0000-000000000001__1776885357546 | tenant=a1b2c3d4-0001-0000-0000-000000000001
2026-04-23 12:53:47 | INFO | [FIRESTORE] ✅ Retrieved 6 messages
2026-04-23 12:53:54 | INFO | [FIRESTORE] 📖 Getting history | session=58d3a4a1-98c2-4e21-9615-997d70594865__a1b2c3d4-0001-0000-0000-000000000001__1776888324008 | tenant=a1b2c3d4-0001-0000-0000-000000000001
2026-04-23 12:53:55 | INFO | [FIRESTORE] ✅ Retrieved 7 messages
2026-04-23 12:54:01 | INFO | [FIRESTORE] 📖 Getting history | session=58d3a4a1-98c2-4e21-9615-997d70594865__a1b2c3d4-0001-0000-0000-000000000001__1776888324008 | tenant=a1b2c3d4-0001-0000-0000-000000000001
2026-04-23 12:54:01 | INFO | [FIRESTORE] ✅ Retrieved 7 messages
2026-04-23 12:57:10 | INFO | ✅ FirestoreConversationService initialisé
2026-04-23 12:58:07 | INFO | [FIRESTORE] 🧹 Cleaning old anonymous conversations > 24h
2026-04-23 12:58:08 | INFO | [FIRESTORE] ✅ Cleanup complete: 0 messages, 0 sessions
2026-04-23 12:59:54 | INFO | [FIRESTORE] 📋 Getting user conversations | user=58d3a4a1-98c2-4e21-9615-997d70594865 | tenant=a1b2c3d4-0001-0000-0000-000000000001
2026-04-23 12:59:55 | INFO | [FIRESTORE] ✅ Found 3 conversations for user 58d3a4a1-98c2-4e21-9615-997d70594865
2026-04-23 13:00:00 | INFO | [FIRESTORE] 📖 Getting history | session=58d3a4a1-98c2-4e21-9615-997d70594865__a1b2c3d4-0001-0000-0000-000000000001 | tenant=a1b2c3d4-0001-0000-0000-000000000001
2026-04-23 13:00:00 | INFO | [FIRESTORE] ✅ Retrieved 15 messages
2026-04-23 13:02:20 | INFO | ✅ FirestoreConversationService initialisé
2026-04-23 13:03:16 | INFO | ✅ FirestoreConversationService initialisé
2026-04-23 13:03:55 | INFO | [FIRESTORE] 🧹 Cleaning old anonymous conversations > 1h
2026-04-23 13:03:56 | INFO | [FIRESTORE] ✅ Cleanup complete: 0 messages, 0 sessions
2026-04-23 13:23:07 | INFO | ✅ FirestoreConversationService initialisé
2026-04-23 13:24:02 | INFO | [FIRESTORE] 🧹 Cleaning old anonymous conversations > 1h
2026-04-23 13:24:03 | INFO | [FIRESTORE] ✅ Cleanup complete: 0 messages, 0 sessions
2026-04-23 13:36:30 | INFO | ✅ FirestoreConversationService initialisé
2026-04-23 13:37:41 | INFO | ✅ FirestoreConversationService initialisé
2026-04-23 13:38:32 | INFO | [FIRESTORE] 🧹 Cleaning old anonymous conversations > 1h
2026-04-23 13:38:34 | INFO | [FIRESTORE] ✅ Cleanup complete: 0 messages, 0 sessions
2026-04-23 13:45:37 | INFO | [FIRESTORE] 💾 Saving message | session=2QzODUxEX1NgSB2HYifFUjGvIyk2__a1b2c3d4-0001-0000-0000-000000000001__1776947854130 | tenant=a1b2c3d4-0001-0000-0000-000000000001 | user=45dda3b4-e820-5fd9-aa8b-bb3b04d5366b
2026-04-23 13:45:37 | INFO | [FIRESTORE] First message: True
2026-04-23 13:45:37 | INFO | [FIRESTORE] ✅ Message saved | doc_id=A1jHE9Eq10WichvyKQSL
2026-04-23 13:45:37 | INFO | [FIRESTORE] ✅ Session metadata created for 2QzODUxEX1NgSB2HYifFUjGvIyk2__a1b2c3d4-0001-0000-0000-000000000001__1776947854130
2026-04-23 13:50:02 | INFO | ✅ FirestoreConversationService initialisé
2026-04-23 13:50:59 | INFO | [FIRESTORE] 🧹 Cleaning old anonymous conversations > 1h
2026-04-23 13:51:01 | ERROR | [FIRESTORE] ❌ Error cleaning up: can't compare offset-naive and offset-aware datetimes
2026-04-23 13:56:59 | INFO | ✅ FirestoreConversationService initialisé
2026-04-23 13:58:31 | INFO | ✅ FirestoreConversationService initialisé
2026-04-23 13:59:21 | INFO | [FIRESTORE] 🧹 Cleaning old anonymous conversations > 1h
2026-04-23 13:59:22 | ERROR | [FIRESTORE] ❌ Error cleaning up: Filter must be provided through positional arguments or the 'filter' keyword argument.
2026-04-23 14:00:48 | INFO | ✅ FirestoreConversationService initialisé
2026-04-23 14:01:40 | INFO | [FIRESTORE] 🧹 Cleaning old anonymous conversations > 1h
2026-04-23 14:01:42 | INFO | [FIRESTORE] ✅ Cleanup complete: 0 messages, 0 sessions
2026-04-23 14:13:49 | INFO | ✅ FirestoreConversationService initialisé
2026-04-23 14:14:28 | INFO | [FIRESTORE] 🧹 Cleaning old anonymous conversations > 1h
2026-04-23 14:14:29 | INFO | [FIRESTORE] ✅ Cleanup complete: 0 messages, 0 sessions
2026-04-23 14:44:23 | INFO | [FIRESTORE] 🧹 Cleaning old anonymous conversations > 1h
2026-04-23 14:44:23 | INFO | [FIRESTORE] ✅ Cleanup complete: 0 messages, 0 sessions
2026-04-23 15:14:23 | INFO | [FIRESTORE] 🧹 Cleaning old anonymous conversations > 1h
2026-04-23 15:14:24 | INFO | [FIRESTORE] Deleting old anonymous session: 2QzODUxEX1NgSB2HYifFUjGvIyk2__a1b2c3d4-0001-0000-0000-000000000001__1776947854130
2026-04-23 15:14:24 | INFO | [FIRESTORE] ✅ Deleted session 2QzODUxEX1NgSB2HYifFUjGvIyk2__a1b2c3d4-0001-0000-0000-000000000001__1776947854130 (1 messages)
2026-04-23 15:14:24 | INFO | [FIRESTORE] ✅ Cleanup complete: 1 messages, 1 sessions
2026-04-23 15:21:42 | INFO | ✅ FirestoreConversationService initialisé
2026-04-23 15:22:23 | INFO | [FIRESTORE] 🧹 Cleaning old anonymous conversations > 1h
2026-04-23 15:22:25 | INFO | [FIRESTORE] ✅ Cleanup complete: 0 messages, 0 sessions
2026-04-23 15:23:32 | INFO | [FIRESTORE] 📋 Getting user conversations | user=58d3a4a1-98c2-4e21-9615-997d70594865 | tenant=a1b2c3d4-0001-0000-0000-000000000001
2026-04-23 15:23:33 | INFO | [FIRESTORE] ✅ Found 3 conversations for user 58d3a4a1-98c2-4e21-9615-997d70594865
2026-04-23 15:23:39 | INFO | [FIRESTORE] 📖 Getting history | session=58d3a4a1-98c2-4e21-9615-997d70594865__a1b2c3d4-0001-0000-0000-000000000001__1776888324008 | tenant=a1b2c3d4-0001-0000-0000-000000000001
2026-04-23 15:23:39 | INFO | [FIRESTORE] ✅ Retrieved 7 messages
2026-04-23 15:24:36 | INFO | [FIRESTORE] 💾 Saving message | session=58d3a4a1-98c2-4e21-9615-997d70594865__a1b2c3d4-0001-0000-0000-000000000001__1776888324008 | tenant=a1b2c3d4-0001-0000-0000-000000000001 | user=58d3a4a1-98c2-4e21-9615-997d70594865
2026-04-23 15:24:36 | INFO | [FIRESTORE] First message: False
2026-04-23 15:24:36 | INFO | [FIRESTORE] ✅ Message saved | doc_id=NtFxlDVuirA5okdCqIaY
2026-04-23 15:24:36 | DEBUG | [FIRESTORE] Updated metadata for 58d3a4a1-98c2-4e21-9615-997d70594865__a1b2c3d4-0001-0000-0000-000000000001__1776888324008
2026-04-23 15:26:12 | INFO | [FIRESTORE] 💾 Saving message | session=58d3a4a1-98c2-4e21-9615-997d70594865__a1b2c3d4-0001-0000-0000-000000000001__1776888324008 | tenant=a1b2c3d4-0001-0000-0000-000000000001 | user=58d3a4a1-98c2-4e21-9615-997d70594865
2026-04-23 15:26:12 | INFO | [FIRESTORE] First message: False
2026-04-23 15:26:12 | INFO | [FIRESTORE] ✅ Message saved | doc_id=UjoKcdAu7Y0qdiSmw8Yy
2026-04-23 15:26:12 | DEBUG | [FIRESTORE] Updated metadata for 58d3a4a1-98c2-4e21-9615-997d70594865__a1b2c3d4-0001-0000-0000-000000000001__1776888324008
2026-04-23 15:26:56 | INFO | [FIRESTORE] 📋 Getting user conversations | user=58d3a4a1-98c2-4e21-9615-997d70594865 | tenant=a1b2c3d4-0001-0000-0000-000000000001
2026-04-23 15:26:56 | INFO | [FIRESTORE] ✅ Found 3 conversations for user 58d3a4a1-98c2-4e21-9615-997d70594865
2026-04-23 15:27:03 | INFO | [FIRESTORE] 📖 Getting history | session=58d3a4a1-98c2-4e21-9615-997d70594865__a1b2c3d4-0001-0000-0000-000000000001__1776888324008 | tenant=a1b2c3d4-0001-0000-0000-000000000001
2026-04-23 15:27:03 | INFO | [FIRESTORE] ✅ Retrieved 9 messages
2026-04-23 16:28:18 | INFO | ✅ FirestoreConversationService initialisé
2026-04-23 16:29:00 | INFO | [FIRESTORE] 🧹 Cleaning old anonymous conversations > 1h
2026-04-23 16:29:01 | INFO | [FIRESTORE] ✅ Cleanup complete: 0 messages, 0 sessions
2026-04-23 16:29:43 | INFO | [FIRESTORE] 📋 Getting user conversations | user=58d3a4a1-98c2-4e21-9615-997d70594865 | tenant=a1b2c3d4-0001-0000-0000-000000000001
2026-04-23 16:29:44 | INFO | [FIRESTORE] ✅ Found 3 conversations for user 58d3a4a1-98c2-4e21-9615-997d70594865
2026-04-23 16:29:51 | INFO | [FIRESTORE] 📖 Getting history | session=58d3a4a1-98c2-4e21-9615-997d70594865__a1b2c3d4-0001-0000-0000-000000000001__1776888324008 | tenant=a1b2c3d4-0001-0000-0000-000000000001
2026-04-23 16:29:52 | INFO | [FIRESTORE] ✅ Retrieved 9 messages
2026-04-23 16:38:42 | INFO | [FIRESTORE] 💾 Saving message | session=58d3a4a1-98c2-4e21-9615-997d70594865__a1b2c3d4-0001-0000-0000-000000000001__1776888324008 | tenant=a1b2c3d4-0001-0000-0000-000000000001 | user=58d3a4a1-98c2-4e21-9615-997d70594865
2026-04-23 16:38:43 | INFO | [FIRESTORE] First message: False
2026-04-23 16:38:43 | INFO | [FIRESTORE] ✅ Message saved | doc_id=neKD9i0YxxIVrhkND18U
2026-04-23 16:38:43 | DEBUG | [FIRESTORE] Updated metadata for 58d3a4a1-98c2-4e21-9615-997d70594865__a1b2c3d4-0001-0000-0000-000000000001__1776888324008
2026-04-23 16:44:49 | INFO | [FIRESTORE] 📋 Getting user conversations | user=58d3a4a1-98c2-4e21-9615-997d70594865 | tenant=a1b2c3d4-0001-0000-0000-000000000001
2026-04-23 16:44:50 | INFO | [FIRESTORE] ✅ Found 3 conversations for user 58d3a4a1-98c2-4e21-9615-997d70594865
2026-04-23 16:58:55 | INFO | [FIRESTORE] 🧹 Cleaning old anonymous conversations > 1h
2026-04-23 16:58:56 | INFO | [FIRESTORE] ✅ Cleanup complete: 0 messages, 0 sessions
2026-04-23 17:00:06 | INFO | ✅ FirestoreConversationService initialisé
2026-04-23 17:59:02 | INFO | ✅ FirestoreConversationService initialisé
2026-04-23 17:59:39 | INFO | [FIRESTORE] 🧹 Cleaning old anonymous conversations > 1h
2026-04-23 17:59:40 | INFO | [FIRESTORE] ✅ Cleanup complete: 0 messages, 0 sessions
2026-04-23 17:59:41 | INFO | [FIRESTORE] 📋 Getting user conversations | user=58d3a4a1-98c2-4e21-9615-997d70594865 | tenant=a1b2c3d4-0001-0000-0000-000000000001
2026-04-23 17:59:42 | INFO | [FIRESTORE] ✅ Found 3 conversations for user 58d3a4a1-98c2-4e21-9615-997d70594865
2026-04-23 18:00:03 | INFO | [FIRESTORE] 📖 Getting history | session=58d3a4a1-98c2-4e21-9615-997d70594865__a1b2c3d4-0001-0000-0000-000000000001__1776888324008 | tenant=a1b2c3d4-0001-0000-0000-000000000001
2026-04-23 18:00:03 | INFO | [FIRESTORE] ✅ Retrieved 10 messages
2026-04-23 18:02:22 | INFO | [FIRESTORE] 💾 Saving message | session=58d3a4a1-98c2-4e21-9615-997d70594865__a1b2c3d4-0001-0000-0000-000000000001__1776888324008 | tenant=a1b2c3d4-0001-0000-0000-000000000001 | user=58d3a4a1-98c2-4e21-9615-997d70594865
2026-04-23 18:02:22 | INFO | [FIRESTORE] First message: False
2026-04-23 18:02:23 | INFO | [FIRESTORE] ✅ Message saved | doc_id=XX2OREK5QhnYYaGfFb20
2026-04-23 18:02:23 | DEBUG | [FIRESTORE] Updated metadata for 58d3a4a1-98c2-4e21-9615-997d70594865__a1b2c3d4-0001-0000-0000-000000000001__1776888324008
2026-04-23 18:04:15 | INFO | [FIRESTORE] 💾 Saving message | session=58d3a4a1-98c2-4e21-9615-997d70594865__a1b2c3d4-0001-0000-0000-000000000001__1776888324008 | tenant=a1b2c3d4-0001-0000-0000-000000000001 | user=58d3a4a1-98c2-4e21-9615-997d70594865
2026-04-23 18:04:15 | INFO | [FIRESTORE] First message: False
2026-04-23 18:04:16 | INFO | [FIRESTORE] ✅ Message saved | doc_id=MZ2FSmXSKnmrMftARiHm
2026-04-23 18:04:16 | DEBUG | [FIRESTORE] Updated metadata for 58d3a4a1-98c2-4e21-9615-997d70594865__a1b2c3d4-0001-0000-0000-000000000001__1776888324008
2026-04-23 18:14:11 | INFO | [FIRESTORE] 📋 Getting user conversations | user=58d3a4a1-98c2-4e21-9615-997d70594865 | tenant=a1b2c3d4-0001-0000-0000-000000000001
2026-04-23 18:14:12 | INFO | [FIRESTORE] ✅ Found 3 conversations for user 58d3a4a1-98c2-4e21-9615-997d70594865
2026-04-23 18:14:22 | INFO | [FIRESTORE] 📋 Getting user conversations | user=58d3a4a1-98c2-4e21-9615-997d70594865 | tenant=a1b2c3d4-0001-0000-0000-000000000001
2026-04-23 18:14:22 | INFO | [FIRESTORE] ✅ Found 3 conversations for user 58d3a4a1-98c2-4e21-9615-997d70594865
2026-04-23 18:14:26 | INFO | [FIRESTORE] 📖 Getting history | session=58d3a4a1-98c2-4e21-9615-997d70594865__a1b2c3d4-0001-0000-0000-000000000001__1776888324008 | tenant=a1b2c3d4-0001-0000-0000-000000000001
2026-04-23 18:14:26 | INFO | [FIRESTORE] ✅ Retrieved 12 messages
2026-04-23 18:15:22 | INFO | [FIRESTORE] 📋 Getting user conversations | user=58d3a4a1-98c2-4e21-9615-997d70594865 | tenant=a1b2c3d4-0001-0000-0000-000000000001
2026-04-23 18:15:23 | INFO | [FIRESTORE] ✅ Found 3 conversations for user 58d3a4a1-98c2-4e21-9615-997d70594865
2026-04-23 18:15:51 | INFO | ✅ FirestoreConversationService initialisé
2026-04-23 18:16:46 | INFO | [FIRESTORE] 🧹 Cleaning old anonymous conversations > 1h
2026-04-23 18:16:48 | INFO | [FIRESTORE] ✅ Cleanup complete: 0 messages, 0 sessions
2026-04-23 18:19:32 | INFO | [FIRESTORE] 📋 Getting user conversations | user=58d3a4a1-98c2-4e21-9615-997d70594865 | tenant=a1b2c3d4-0001-0000-0000-000000000001
2026-04-23 18:19:33 | INFO | [FIRESTORE] ✅ Found 3 conversations for user 58d3a4a1-98c2-4e21-9615-997d70594865
2026-04-23 18:19:36 | INFO | [FIRESTORE] 📖 Getting history | session=58d3a4a1-98c2-4e21-9615-997d70594865__a1b2c3d4-0001-0000-0000-000000000001__1776888324008 | tenant=a1b2c3d4-0001-0000-0000-000000000001
2026-04-23 18:19:36 | INFO | [FIRESTORE] ✅ Retrieved 12 messages
2026-04-23 18:19:58 | INFO | [FIRESTORE] 📋 Getting user conversations | user=58d3a4a1-98c2-4e21-9615-997d70594865 | tenant=a1b2c3d4-0001-0000-0000-000000000001
2026-04-23 18:19:58 | INFO | [FIRESTORE] ✅ Found 3 conversations for user 58d3a4a1-98c2-4e21-9615-997d70594865
2026-04-23 18:20:00 | INFO | [FIRESTORE] 📖 Getting history | session=58d3a4a1-98c2-4e21-9615-997d70594865__a1b2c3d4-0001-0000-0000-000000000001__1776888324008 | tenant=a1b2c3d4-0001-0000-0000-000000000001
2026-04-23 18:20:00 | INFO | [FIRESTORE] ✅ Retrieved 12 messages
2026-04-23 18:23:42 | INFO | [FIRESTORE] 📋 Getting user conversations | user=58d3a4a1-98c2-4e21-9615-997d70594865 | tenant=a1b2c3d4-0001-0000-0000-000000000001
2026-04-23 18:23:43 | INFO | [FIRESTORE] ✅ Found 3 conversations for user 58d3a4a1-98c2-4e21-9615-997d70594865
2026-04-23 18:23:45 | INFO | [FIRESTORE] 📖 Getting history | session=58d3a4a1-98c2-4e21-9615-997d70594865__a1b2c3d4-0001-0000-0000-000000000001__1776888324008 | tenant=a1b2c3d4-0001-0000-0000-000000000001
2026-04-23 18:23:45 | INFO | [FIRESTORE] ✅ Retrieved 12 messages
2026-04-23 18:25:47 | INFO | [FIRESTORE] 💾 Saving message | session=58d3a4a1-98c2-4e21-9615-997d70594865__a1b2c3d4-0001-0000-0000-000000000001__1776888324008 | tenant=a1b2c3d4-0001-0000-0000-000000000001 | user=58d3a4a1-98c2-4e21-9615-997d70594865
2026-04-23 18:25:47 | INFO | [FIRESTORE] First message: False
2026-04-23 18:25:47 | INFO | [FIRESTORE] ✅ Message saved | doc_id=j77s9HAs8zgGz88tcn9C
2026-04-23 18:25:47 | DEBUG | [FIRESTORE] Updated metadata for 58d3a4a1-98c2-4e21-9615-997d70594865__a1b2c3d4-0001-0000-0000-000000000001__1776888324008
2026-04-23 18:26:41 | INFO | [FIRESTORE] 💾 Saving message | session=58d3a4a1-98c2-4e21-9615-997d70594865__a1b2c3d4-0001-0000-0000-000000000001__1776888324008 | tenant=a1b2c3d4-0001-0000-0000-000000000001 | user=58d3a4a1-98c2-4e21-9615-997d70594865
2026-04-23 18:26:41 | INFO | [FIRESTORE] First message: False
2026-04-23 18:26:41 | INFO | [FIRESTORE] ✅ Message saved | doc_id=F9m3IH5knUtJgYMWriIf
2026-04-23 18:26:41 | DEBUG | [FIRESTORE] Updated metadata for 58d3a4a1-98c2-4e21-9615-997d70594865__a1b2c3d4-0001-0000-0000-000000000001__1776888324008
2026-04-23 18:40:24 | INFO | [FIRESTORE] 📋 Getting user conversations | user=58d3a4a1-98c2-4e21-9615-997d70594865 | tenant=a1b2c3d4-0001-0000-0000-000000000001
2026-04-23 18:40:24 | INFO | [FIRESTORE] ✅ Found 3 conversations for user 58d3a4a1-98c2-4e21-9615-997d70594865
2026-04-23 18:46:41 | INFO | [FIRESTORE] 🧹 Cleaning old anonymous conversations > 1h
2026-04-23 18:46:42 | INFO | [FIRESTORE] ✅ Cleanup complete: 0 messages, 0 sessions
2026-04-23 18:46:47 | INFO | [FIRESTORE] 📋 Getting user conversations | user=58d3a4a1-98c2-4e21-9615-997d70594865 | tenant=a1b2c3d4-0001-0000-0000-000000000001
2026-04-23 18:46:47 | INFO | [FIRESTORE] ✅ Found 3 conversations for user 58d3a4a1-98c2-4e21-9615-997d70594865
2026-04-23 18:47:23 | INFO | [FIRESTORE] 📖 Getting history | session=58d3a4a1-98c2-4e21-9615-997d70594865__a1b2c3d4-0001-0000-0000-000000000001__1776888324008 | tenant=a1b2c3d4-0001-0000-0000-000000000001
2026-04-23 18:47:24 | INFO | [FIRESTORE] ✅ Retrieved 14 messages
2026-04-23 18:52:19 | INFO | [FIRESTORE] 💾 Saving message | session=58d3a4a1-98c2-4e21-9615-997d70594865__a1b2c3d4-0001-0000-0000-000000000001__1776888324008 | tenant=a1b2c3d4-0001-0000-0000-000000000001 | user=58d3a4a1-98c2-4e21-9615-997d70594865
2026-04-23 18:52:19 | INFO | [FIRESTORE] First message: False
2026-04-23 18:52:19 | INFO | [FIRESTORE] ✅ Message saved | doc_id=8wQVJjH12d9Mdh0AQeZu
2026-04-23 18:52:20 | DEBUG | [FIRESTORE] Updated metadata for 58d3a4a1-98c2-4e21-9615-997d70594865__a1b2c3d4-0001-0000-0000-000000000001__1776888324008
2026-04-23 19:05:10 | INFO | [FIRESTORE] 📋 Getting user conversations | user=58d3a4a1-98c2-4e21-9615-997d70594865 | tenant=a1b2c3d4-0001-0000-0000-000000000001
2026-04-23 19:05:11 | INFO | [FIRESTORE] ✅ Found 3 conversations for user 58d3a4a1-98c2-4e21-9615-997d70594865
2026-04-23 19:05:15 | INFO | [FIRESTORE] 📖 Getting history | session=58d3a4a1-98c2-4e21-9615-997d70594865__a1b2c3d4-0001-0000-0000-000000000001 | tenant=a1b2c3d4-0001-0000-0000-000000000001
2026-04-23 19:05:15 | INFO | [FIRESTORE] ✅ Retrieved 15 messages
2026-04-23 19:07:30 | INFO | [FIRESTORE] 💾 Saving message | session=58d3a4a1-98c2-4e21-9615-997d70594865__a1b2c3d4-0001-0000-0000-000000000001 | tenant=a1b2c3d4-0001-0000-0000-000000000001 | user=58d3a4a1-98c2-4e21-9615-997d70594865
2026-04-23 19:07:30 | INFO | [FIRESTORE] First message: False
2026-04-23 19:07:30 | INFO | [FIRESTORE] ✅ Message saved | doc_id=DX9nMkRE3WWsGE5dIcZR
2026-04-23 19:07:30 | DEBUG | [FIRESTORE] Updated metadata for 58d3a4a1-98c2-4e21-9615-997d70594865__a1b2c3d4-0001-0000-0000-000000000001
2026-04-23 19:13:20 | INFO | [FIRESTORE] 📋 Getting user conversations | user=58d3a4a1-98c2-4e21-9615-997d70594865 | tenant=a1b2c3d4-0001-0000-0000-000000000001
2026-04-23 19:13:22 | INFO | [FIRESTORE] ✅ Found 3 conversations for user 58d3a4a1-98c2-4e21-9615-997d70594865
2026-04-23 19:14:18 | INFO | [FIRESTORE] 📋 Getting user conversations | user=58d3a4a1-98c2-4e21-9615-997d70594865 | tenant=a1b2c3d4-0001-0000-0000-000000000001
2026-04-23 19:14:19 | INFO | [FIRESTORE] ✅ Found 3 conversations for user 58d3a4a1-98c2-4e21-9615-997d70594865
2026-04-23 19:15:49 | INFO | [FIRESTORE] 📋 Getting user conversations | user=58d3a4a1-98c2-4e21-9615-997d70594865 | tenant=a1b2c3d4-0001-0000-0000-000000000001
2026-04-23 19:15:50 | INFO | [FIRESTORE] ✅ Found 3 conversations for user 58d3a4a1-98c2-4e21-9615-997d70594865
2026-04-23 19:16:19 | INFO | [FIRESTORE] 📖 Getting history | session=58d3a4a1-98c2-4e21-9615-997d70594865__a1b2c3d4-0001-0000-0000-000000000001 | tenant=a1b2c3d4-0001-0000-0000-000000000001
2026-04-23 19:16:19 | INFO | [FIRESTORE] ✅ Retrieved 16 messages
2026-04-23 19:16:58 | INFO | [FIRESTORE] 🧹 Cleaning old anonymous conversations > 1h
2026-04-23 19:16:59 | INFO | [FIRESTORE] ✅ Cleanup complete: 0 messages, 0 sessions
2026-04-23 19:17:51 | INFO | [FIRESTORE] 💾 Saving message | session=58d3a4a1-98c2-4e21-9615-997d70594865__a1b2c3d4-0001-0000-0000-000000000001 | tenant=a1b2c3d4-0001-0000-0000-000000000001 | user=58d3a4a1-98c2-4e21-9615-997d70594865
2026-04-23 19:17:51 | INFO | [FIRESTORE] First message: False
2026-04-23 19:17:51 | INFO | [FIRESTORE] ✅ Message saved | doc_id=TkugAJclwTd066AZQ6lU
2026-04-23 19:17:51 | DEBUG | [FIRESTORE] Updated metadata for 58d3a4a1-98c2-4e21-9615-997d70594865__a1b2c3d4-0001-0000-0000-000000000001
2026-04-23 19:19:59 | INFO | [FIRESTORE] 📋 Getting user conversations | user=58d3a4a1-98c2-4e21-9615-997d70594865 | tenant=a1b2c3d4-0001-0000-0000-000000000001
2026-04-23 19:20:00 | INFO | [FIRESTORE] ✅ Found 3 conversations for user 58d3a4a1-98c2-4e21-9615-997d70594865
2026-04-23 19:20:08 | INFO | [FIRESTORE] 📖 Getting history | session=58d3a4a1-98c2-4e21-9615-997d70594865__a1b2c3d4-0001-0000-0000-000000000001 | tenant=a1b2c3d4-0001-0000-0000-000000000001
2026-04-23 19:20:08 | INFO | [FIRESTORE] ✅ Retrieved 17 messages
2026-04-23 19:20:44 | INFO | [FIRESTORE] 📋 Getting user conversations | user=58d3a4a1-98c2-4e21-9615-997d70594865 | tenant=a1b2c3d4-0001-0000-0000-000000000001
2026-04-23 19:20:45 | INFO | [FIRESTORE] ✅ Found 3 conversations for user 58d3a4a1-98c2-4e21-9615-997d70594865
2026-04-23 19:20:45 | INFO | [FIRESTORE] 📖 Getting history | session=58d3a4a1-98c2-4e21-9615-997d70594865__a1b2c3d4-0001-0000-0000-000000000001 | tenant=a1b2c3d4-0001-0000-0000-000000000001
2026-04-23 19:20:46 | INFO | [FIRESTORE] ✅ Retrieved 17 messages
2026-04-23 19:21:27 | INFO | [FIRESTORE] 📋 Getting user conversations | user=58d3a4a1-98c2-4e21-9615-997d70594865 | tenant=a1b2c3d4-0001-0000-0000-000000000001
2026-04-23 19:21:28 | INFO | [FIRESTORE] ✅ Found 3 conversations for user 58d3a4a1-98c2-4e21-9615-997d70594865
2026-04-23 19:21:29 | INFO | [FIRESTORE] 📖 Getting history | session=58d3a4a1-98c2-4e21-9615-997d70594865__a1b2c3d4-0001-0000-0000-000000000001 | tenant=a1b2c3d4-0001-0000-0000-000000000001
2026-04-23 19:21:30 | INFO | [FIRESTORE] ✅ Retrieved 17 messages
2026-04-23 19:22:39 | INFO | [FIRESTORE] 📋 Getting user conversations | user=58d3a4a1-98c2-4e21-9615-997d70594865 | tenant=a1b2c3d4-0001-0000-0000-000000000001
2026-04-23 19:22:40 | INFO | [FIRESTORE] ✅ Found 3 conversations for user 58d3a4a1-98c2-4e21-9615-997d70594865
2026-04-23 19:22:43 | INFO | [FIRESTORE] 📖 Getting history | session=58d3a4a1-98c2-4e21-9615-997d70594865__a1b2c3d4-0001-0000-0000-000000000001__1776888324008 | tenant=a1b2c3d4-0001-0000-0000-000000000001
2026-04-23 19:22:43 | INFO | [FIRESTORE] ✅ Retrieved 15 messages
2026-04-23 19:22:48 | INFO | [FIRESTORE] 📖 Getting history | session=58d3a4a1-98c2-4e21-9615-997d70594865__a1b2c3d4-0001-0000-0000-000000000001 | tenant=a1b2c3d4-0001-0000-0000-000000000001
2026-04-23 19:22:48 | INFO | [FIRESTORE] ✅ Retrieved 17 messages
2026-04-23 19:26:33 | INFO | ✅ FirestoreConversationService initialisé
2026-04-23 19:27:15 | INFO | [FIRESTORE] 🧹 Cleaning old anonymous conversations > 1h
2026-04-23 19:27:16 | INFO | [FIRESTORE] ✅ Cleanup complete: 0 messages, 0 sessions
2026-04-23 19:27:25 | INFO | [FIRESTORE] 📋 Getting user conversations | user=58d3a4a1-98c2-4e21-9615-997d70594865 | tenant=a1b2c3d4-0001-0000-0000-000000000001
2026-04-23 19:27:25 | INFO | [FIRESTORE] ✅ Found 3 conversations for user 58d3a4a1-98c2-4e21-9615-997d70594865
2026-04-23 19:27:28 | INFO | [FIRESTORE] 📖 Getting history | session=58d3a4a1-98c2-4e21-9615-997d70594865__a1b2c3d4-0001-0000-0000-000000000001 | tenant=a1b2c3d4-0001-0000-0000-000000000001
2026-04-23 19:27:28 | INFO | [FIRESTORE] ✅ Retrieved 17 messages
2026-04-23 19:29:04 | INFO | [FIRESTORE] 💾 Saving message | session=58d3a4a1-98c2-4e21-9615-997d70594865__a1b2c3d4-0001-0000-0000-000000000001 | tenant=a1b2c3d4-0001-0000-0000-000000000001 | user=58d3a4a1-98c2-4e21-9615-997d70594865
2026-04-23 19:29:05 | INFO | [FIRESTORE] First message: False
2026-04-23 19:29:05 | INFO | [FIRESTORE] ✅ Message saved | doc_id=xzn0pdpuduOlv6SSoNlU
2026-04-23 19:29:05 | DEBUG | [FIRESTORE] Updated metadata for 58d3a4a1-98c2-4e21-9615-997d70594865__a1b2c3d4-0001-0000-0000-000000000001
2026-04-23 19:30:04 | INFO | [FIRESTORE] 📋 Getting user conversations | user=58d3a4a1-98c2-4e21-9615-997d70594865 | tenant=a1b2c3d4-0001-0000-0000-000000000001
2026-04-23 19:30:05 | INFO | [FIRESTORE] ✅ Found 3 conversations for user 58d3a4a1-98c2-4e21-9615-997d70594865
2026-04-23 19:30:08 | INFO | [FIRESTORE] 📖 Getting history | session=58d3a4a1-98c2-4e21-9615-997d70594865__a1b2c3d4-0001-0000-0000-000000000001 | tenant=a1b2c3d4-0001-0000-0000-000000000001
2026-04-23 19:30:09 | INFO | [FIRESTORE] ✅ Retrieved 18 messages
2026-04-23 19:31:27 | INFO | [FIRESTORE] 💾 Saving message | session=58d3a4a1-98c2-4e21-9615-997d70594865__a1b2c3d4-0001-0000-0000-000000000001 | tenant=a1b2c3d4-0001-0000-0000-000000000001 | user=58d3a4a1-98c2-4e21-9615-997d70594865
2026-04-23 19:31:27 | INFO | [FIRESTORE] First message: False
2026-04-23 19:31:27 | INFO | [FIRESTORE] ✅ Message saved | doc_id=q1ZeUOjkwWrU2zwAZ56F
2026-04-23 19:31:27 | DEBUG | [FIRESTORE] Updated metadata for 58d3a4a1-98c2-4e21-9615-997d70594865__a1b2c3d4-0001-0000-0000-000000000001
2026-04-23 19:31:44 | INFO | [FIRESTORE] 📋 Getting user conversations | user=58d3a4a1-98c2-4e21-9615-997d70594865 | tenant=a1b2c3d4-0001-0000-0000-000000000001
2026-04-23 19:31:44 | INFO | [FIRESTORE] ✅ Found 3 conversations for user 58d3a4a1-98c2-4e21-9615-997d70594865
2026-04-23 19:33:29 | INFO | ✅ FirestoreConversationService initialisé
2026-04-23 19:34:15 | INFO | [FIRESTORE] 🧹 Cleaning old anonymous conversations > 1h
2026-04-23 19:34:16 | INFO | [FIRESTORE] ✅ Cleanup complete: 0 messages, 0 sessions
2026-04-23 19:35:52 | INFO | ✅ FirestoreConversationService initialisé
2026-04-23 19:36:28 | INFO | [FIRESTORE] 🧹 Cleaning old anonymous conversations > 1h
2026-04-23 19:36:30 | INFO | [FIRESTORE] ✅ Cleanup complete: 0 messages, 0 sessions
2026-04-23 19:49:03 | INFO | ✅ FirestoreConversationService initialisé
2026-04-23 19:49:41 | INFO | [FIRESTORE] 🧹 Cleaning old anonymous conversations > 1h
2026-04-23 19:49:42 | INFO | [FIRESTORE] ✅ Cleanup complete: 0 messages, 0 sessions
2026-04-23 19:49:53 | INFO | ✅ FirestoreConversationService initialisé
2026-04-23 19:51:09 | INFO | ✅ FirestoreConversationService initialisé
2026-04-23 19:55:28 | INFO | ✅ FirestoreConversationService initialisé
2026-04-23 19:55:56 | INFO | [FIRESTORE] 🧹 Cleaning old anonymous conversations > 1h
2026-04-23 19:55:58 | INFO | [FIRESTORE] ✅ Cleanup complete: 0 messages, 0 sessions
2026-04-23 20:17:36 | INFO | [FIRESTORE] 📋 Getting user conversations | user=58d3a4a1-98c2-4e21-9615-997d70594865 | tenant=a1b2c3d4-0001-0000-0000-000000000001
2026-04-23 20:17:37 | INFO | [FIRESTORE] ✅ Found 3 conversations for user 58d3a4a1-98c2-4e21-9615-997d70594865
2026-04-23 20:17:39 | INFO | [FIRESTORE] 📖 Getting history | session=58d3a4a1-98c2-4e21-9615-997d70594865__a1b2c3d4-0001-0000-0000-000000000001 | tenant=a1b2c3d4-0001-0000-0000-000000000001
2026-04-23 20:17:39 | INFO | [FIRESTORE] ✅ Retrieved 19 messages
2026-04-23 20:20:16 | INFO | [FIRESTORE] 💾 Saving message | session=58d3a4a1-98c2-4e21-9615-997d70594865__a1b2c3d4-0001-0000-0000-000000000001 | tenant=a1b2c3d4-0001-0000-0000-000000000001 | user=58d3a4a1-98c2-4e21-9615-997d70594865
2026-04-23 20:20:17 | INFO | [FIRESTORE] First message: False
2026-04-23 20:20:17 | INFO | [FIRESTORE] ✅ Message saved | doc_id=twULFZfZvdvhXACWVe0H
2026-04-23 20:20:17 | DEBUG | [FIRESTORE] Updated metadata for 58d3a4a1-98c2-4e21-9615-997d70594865__a1b2c3d4-0001-0000-0000-000000000001
2026-04-23 20:23:43 | INFO | [FIRESTORE] 📋 Getting user conversations | user=58d3a4a1-98c2-4e21-9615-997d70594865 | tenant=a1b2c3d4-0001-0000-0000-000000000001
2026-04-23 20:23:44 | INFO | [FIRESTORE] ✅ Found 3 conversations for user 58d3a4a1-98c2-4e21-9615-997d70594865
2026-04-23 20:24:09 | INFO | [FIRESTORE] 📋 Getting user conversations | user=58d3a4a1-98c2-4e21-9615-997d70594865 | tenant=a1b2c3d4-0001-0000-0000-000000000001
2026-04-23 20:24:09 | INFO | [FIRESTORE] ✅ Found 3 conversations for user 58d3a4a1-98c2-4e21-9615-997d70594865
2026-04-23 20:25:51 | INFO | [FIRESTORE] 🧹 Cleaning old anonymous conversations > 1h
2026-04-23 20:25:52 | INFO | [FIRESTORE] ✅ Cleanup complete: 0 messages, 0 sessions
2026-04-23 20:28:32 | INFO | ✅ FirestoreConversationService initialisé
2026-04-23 20:29:10 | INFO | [FIRESTORE] 📋 Getting user conversations | user=58d3a4a1-98c2-4e21-9615-997d70594865 | tenant=a1b2c3d4-0001-0000-0000-000000000001
2026-04-23 20:29:12 | INFO | [FIRESTORE] ✅ Found 3 conversations for user 58d3a4a1-98c2-4e21-9615-997d70594865
2026-04-23 20:29:14 | INFO | [FIRESTORE] 🧹 Cleaning old anonymous conversations > 1h
2026-04-23 20:29:14 | INFO | [FIRESTORE] ✅ Cleanup complete: 0 messages, 0 sessions
2026-04-23 20:29:21 | INFO | [FIRESTORE] 📖 Getting history | session=58d3a4a1-98c2-4e21-9615-997d70594865__a1b2c3d4-0001-0000-0000-000000000001 | tenant=a1b2c3d4-0001-0000-0000-000000000001
2026-04-23 20:29:21 | INFO | [FIRESTORE] ✅ Retrieved 20 messages
2026-04-23 20:33:22 | INFO | [FIRESTORE] 💾 Saving message | session=58d3a4a1-98c2-4e21-9615-997d70594865__a1b2c3d4-0001-0000-0000-000000000001 | tenant=a1b2c3d4-0001-0000-0000-000000000001 | user=58d3a4a1-98c2-4e21-9615-997d70594865
2026-04-23 20:33:22 | INFO | [FIRESTORE] First message: False
2026-04-23 20:33:22 | INFO | [FIRESTORE] ✅ Message saved | doc_id=vOzIRLcoSESVfam9s7v7
2026-04-23 20:33:22 | DEBUG | [FIRESTORE] Updated metadata for 58d3a4a1-98c2-4e21-9615-997d70594865__a1b2c3d4-0001-0000-0000-000000000001
2026-04-23 20:33:31 | INFO | [FIRESTORE] 💾 Saving message | session=58d3a4a1-98c2-4e21-9615-997d70594865__a1b2c3d4-0001-0000-0000-000000000001 | tenant=a1b2c3d4-0001-0000-0000-000000000001 | user=58d3a4a1-98c2-4e21-9615-997d70594865
2026-04-23 20:33:31 | INFO | [FIRESTORE] First message: False
2026-04-23 20:33:31 | INFO | [FIRESTORE] ✅ Message saved | doc_id=YZfYDggvwJrq6DPgl6Qz
2026-04-23 20:33:31 | DEBUG | [FIRESTORE] Updated metadata for 58d3a4a1-98c2-4e21-9615-997d70594865__a1b2c3d4-0001-0000-0000-000000000001
2026-04-23 20:39:09 | INFO | ✅ FirestoreConversationService initialisé
2026-04-23 20:39:57 | INFO | [FIRESTORE] 🧹 Cleaning old anonymous conversations > 1h
2026-04-23 20:39:59 | INFO | [FIRESTORE] ✅ Cleanup complete: 0 messages, 0 sessions
2026-04-23 20:40:17 | INFO | ✅ FirestoreConversationService initialisé
2026-04-23 20:40:56 | INFO | [FIRESTORE] 🧹 Cleaning old anonymous conversations > 1h
2026-04-23 20:40:58 | INFO | [FIRESTORE] ✅ Cleanup complete: 0 messages, 0 sessions
2026-04-23 20:41:35 | INFO | ✅ FirestoreConversationService initialisé
2026-04-23 20:42:14 | INFO | [FIRESTORE] 🧹 Cleaning old anonymous conversations > 1h
2026-04-23 20:42:15 | INFO | [FIRESTORE] ✅ Cleanup complete: 0 messages, 0 sessions
2026-04-23 20:43:51 | INFO | ✅ FirestoreConversationService initialisé
2026-04-23 20:44:27 | INFO | [FIRESTORE] 🧹 Cleaning old anonymous conversations > 1h
2026-04-23 20:44:28 | INFO | [FIRESTORE] ✅ Cleanup complete: 0 messages, 0 sessions
2026-04-23 20:44:53 | INFO | [FIRESTORE] 📋 Getting user conversations | user=58d3a4a1-98c2-4e21-9615-997d70594865 | tenant=a1b2c3d4-0001-0000-0000-000000000001
2026-04-23 20:44:54 | INFO | [FIRESTORE] ✅ Found 3 conversations for user 58d3a4a1-98c2-4e21-9615-997d70594865
2026-04-23 20:45:29 | INFO | ✅ FirestoreConversationService initialisé
2026-04-23 20:45:57 | INFO | [FIRESTORE] 🧹 Cleaning old anonymous conversations > 1h
2026-04-23 20:45:58 | INFO | [FIRESTORE] ✅ Cleanup complete: 0 messages, 0 sessions
2026-04-23 20:48:05 | INFO | [FIRESTORE] 📋 Getting user conversations | user=58d3a4a1-98c2-4e21-9615-997d70594865 | tenant=a1b2c3d4-0001-0000-0000-000000000001
2026-04-23 20:48:06 | INFO | [FIRESTORE] ✅ Found 3 conversations for user 58d3a4a1-98c2-4e21-9615-997d70594865
2026-04-23 20:48:25 | INFO | [FIRESTORE] 📖 Getting history | session=58d3a4a1-98c2-4e21-9615-997d70594865__a1b2c3d4-0001-0000-0000-000000000001 | tenant=a1b2c3d4-0001-0000-0000-000000000001
2026-04-23 20:48:26 | INFO | [FIRESTORE] ✅ Retrieved 22 messages
2026-04-23 20:50:47 | INFO | [FIRESTORE] 💾 Saving message | session=58d3a4a1-98c2-4e21-9615-997d70594865__a1b2c3d4-0001-0000-0000-000000000001 | tenant=a1b2c3d4-0001-0000-0000-000000000001 | user=58d3a4a1-98c2-4e21-9615-997d70594865
2026-04-23 20:50:48 | INFO | [FIRESTORE] First message: False
2026-04-23 20:50:48 | INFO | [FIRESTORE] ✅ Message saved | doc_id=g0HuR9pxyvjpP80VigUe
2026-04-23 20:50:48 | DEBUG | [FIRESTORE] Updated metadata for 58d3a4a1-98c2-4e21-9615-997d70594865__a1b2c3d4-0001-0000-0000-000000000001
2026-04-23 20:55:06 | INFO | ✅ FirestoreConversationService initialisé
2026-04-23 20:55:32 | INFO | [FIRESTORE] 📋 Getting user conversations | user=58d3a4a1-98c2-4e21-9615-997d70594865 | tenant=a1b2c3d4-0001-0000-0000-000000000001
2026-04-23 20:55:33 | INFO | [FIRESTORE] ✅ Found 3 conversations for user 58d3a4a1-98c2-4e21-9615-997d70594865
2026-04-23 20:55:36 | INFO | [FIRESTORE] 🧹 Cleaning old anonymous conversations > 1h
2026-04-23 20:55:36 | INFO | [FIRESTORE] ✅ Cleanup complete: 0 messages, 0 sessions
2026-04-23 21:04:07 | INFO | ✅ FirestoreConversationService initialisé
2026-04-23 21:04:46 | INFO | [FIRESTORE] 🧹 Cleaning old anonymous conversations > 1h
2026-04-23 21:04:47 | INFO | [FIRESTORE] ✅ Cleanup complete: 0 messages, 0 sessions
2026-04-23 21:07:24 | INFO | ✅ FirestoreConversationService initialisé
2026-04-23 21:08:01 | INFO | [FIRESTORE] 🧹 Cleaning old anonymous conversations > 1h
2026-04-23 21:08:02 | INFO | [FIRESTORE] ✅ Cleanup complete: 0 messages, 0 sessions
2026-04-23 21:09:21 | INFO | ✅ FirestoreConversationService initialisé
2026-04-23 21:09:50 | INFO | [FIRESTORE] 🧹 Cleaning old anonymous conversations > 1h
2026-04-23 21:09:52 | INFO | [FIRESTORE] ✅ Cleanup complete: 0 messages, 0 sessions
2026-04-23 21:10:28 | INFO | [FIRESTORE] 📖 Getting history | session=58d3a4a1-98c2-4e21-9615-997d70594865__a1b2c3d4-0001-0000-0000-000000000001 | tenant=a1b2c3d4-0001-0000-0000-000000000001
2026-04-23 21:10:29 | INFO | [FIRESTORE] ✅ Retrieved 23 messages
2026-04-23 21:12:35 | INFO | [FIRESTORE] 💾 Saving message | session=58d3a4a1-98c2-4e21-9615-997d70594865__a1b2c3d4-0001-0000-0000-000000000001 | tenant=a1b2c3d4-0001-0000-0000-000000000001 | user=58d3a4a1-98c2-4e21-9615-997d70594865
2026-04-23 21:12:35 | INFO | [FIRESTORE] First message: False
2026-04-23 21:12:36 | INFO | [FIRESTORE] ✅ Message saved | doc_id=y6EldjrAjlmuTB4TR08J
2026-04-23 21:12:36 | DEBUG | [FIRESTORE] Updated metadata for 58d3a4a1-98c2-4e21-9615-997d70594865__a1b2c3d4-0001-0000-0000-000000000001
2026-04-23 21:16:19 | INFO | [FIRESTORE] 📋 Getting user conversations | user=58d3a4a1-98c2-4e21-9615-997d70594865 | tenant=a1b2c3d4-0001-0000-0000-000000000001
2026-04-23 21:16:19 | INFO | [FIRESTORE] ✅ Found 3 conversations for user 58d3a4a1-98c2-4e21-9615-997d70594865
2026-04-23 21:16:21 | INFO | [FIRESTORE] 📖 Getting history | session=58d3a4a1-98c2-4e21-9615-997d70594865__a1b2c3d4-0001-0000-0000-000000000001 | tenant=a1b2c3d4-0001-0000-0000-000000000001
2026-04-23 21:16:21 | INFO | [FIRESTORE] ✅ Retrieved 24 messages
2026-04-23 21:23:13 | INFO | ✅ FirestoreConversationService initialisé
2026-04-23 21:24:00 | INFO | [FIRESTORE] 🧹 Cleaning old anonymous conversations > 1h
2026-04-23 21:24:01 | INFO | [FIRESTORE] ✅ Cleanup complete: 0 messages, 0 sessions
2026-04-23 21:25:25 | INFO | ✅ FirestoreConversationService initialisé
2026-04-23 21:25:56 | INFO | [FIRESTORE] 🧹 Cleaning old anonymous conversations > 1h
2026-04-23 21:25:57 | INFO | [FIRESTORE] ✅ Cleanup complete: 0 messages, 0 sessions
2026-04-23 21:26:26 | INFO | [FIRESTORE] 💾 Saving message | session=58d3a4a1-98c2-4e21-9615-997d70594865__a1b2c3d4-0001-0000-0000-000000000001 | tenant=a1b2c3d4-0001-0000-0000-000000000001 | user=58d3a4a1-98c2-4e21-9615-997d70594865
2026-04-23 21:26:26 | INFO | [FIRESTORE] First message: False
2026-04-23 21:26:27 | INFO | [FIRESTORE] ✅ Message saved | doc_id=53qI5ykMV4U5T8Yz8soM
2026-04-23 21:26:27 | DEBUG | [FIRESTORE] Updated metadata for 58d3a4a1-98c2-4e21-9615-997d70594865__a1b2c3d4-0001-0000-0000-000000000001
2026-04-23 21:28:13 | INFO | [FIRESTORE] 💾 Saving message | session=58d3a4a1-98c2-4e21-9615-997d70594865__a1b2c3d4-0001-0000-0000-000000000001 | tenant=a1b2c3d4-0001-0000-0000-000000000001 | user=58d3a4a1-98c2-4e21-9615-997d70594865
2026-04-23 21:28:13 | INFO | [FIRESTORE] First message: False
2026-04-23 21:28:14 | INFO | [FIRESTORE] ✅ Message saved | doc_id=sjBE2RvXDyNNHebwC0Zi
2026-04-23 21:28:14 | DEBUG | [FIRESTORE] Updated metadata for 58d3a4a1-98c2-4e21-9615-997d70594865__a1b2c3d4-0001-0000-0000-000000000001
2026-04-23 21:30:06 | INFO | ✅ FirestoreConversationService initialisé
2026-04-23 21:30:50 | INFO | [FIRESTORE] 🧹 Cleaning old anonymous conversations > 1h
2026-04-23 21:30:52 | INFO | [FIRESTORE] ✅ Cleanup complete: 0 messages, 0 sessions
2026-04-23 21:35:58 | INFO | ✅ FirestoreConversationService initialisé
2026-04-23 21:36:34 | INFO | [FIRESTORE] 🧹 Cleaning old anonymous conversations > 1h
2026-04-23 21:36:36 | INFO | [FIRESTORE] ✅ Cleanup complete: 0 messages, 0 sessions
2026-04-23 21:38:49 | INFO | [FIRESTORE] 📋 Getting user conversations | user=58d3a4a1-98c2-4e21-9615-997d70594865 | tenant=a1b2c3d4-0001-0000-0000-000000000001
2026-04-23 21:38:50 | INFO | [FIRESTORE] ✅ Found 3 conversations for user 58d3a4a1-98c2-4e21-9615-997d70594865
2026-04-23 21:40:31 | INFO | [FIRESTORE] 💾 Saving message | session=58d3a4a1-98c2-4e21-9615-997d70594865__a1b2c3d4-0001-0000-0000-000000000001__1776976728044 | tenant=a1b2c3d4-0001-0000-0000-000000000001 | user=58d3a4a1-98c2-4e21-9615-997d70594865
2026-04-23 21:40:32 | INFO | [FIRESTORE] First message: True
2026-04-23 21:40:32 | INFO | [FIRESTORE] ✅ Message saved | doc_id=OxkpAKd5IpdwwHE3wPuJ
2026-04-23 21:40:32 | INFO | [FIRESTORE] ✅ Session metadata created for 58d3a4a1-98c2-4e21-9615-997d70594865__a1b2c3d4-0001-0000-0000-000000000001__1776976728044
2026-04-23 21:41:13 | INFO | [FIRESTORE] 💾 Saving message | session=58d3a4a1-98c2-4e21-9615-997d70594865__a1b2c3d4-0001-0000-0000-000000000001__1776976728044 | tenant=a1b2c3d4-0001-0000-0000-000000000001 | user=58d3a4a1-98c2-4e21-9615-997d70594865
2026-04-23 21:41:13 | INFO | [FIRESTORE] First message: False
2026-04-23 21:41:13 | INFO | [FIRESTORE] ✅ Message saved | doc_id=Pfm56ngURvKKfYka8VCJ
2026-04-23 21:41:13 | DEBUG | [FIRESTORE] Updated metadata for 58d3a4a1-98c2-4e21-9615-997d70594865__a1b2c3d4-0001-0000-0000-000000000001__1776976728044
2026-04-23 21:41:36 | INFO | [FIRESTORE] 📋 Getting user conversations | user=58d3a4a1-98c2-4e21-9615-997d70594865 | tenant=a1b2c3d4-0001-0000-0000-000000000001
2026-04-23 21:41:37 | INFO | [FIRESTORE] ✅ Found 4 conversations for user 58d3a4a1-98c2-4e21-9615-997d70594865
2026-04-23 21:44:33 | INFO | [FIRESTORE] 🗑️ Deleting conversation | session=58d3a4a1-98c2-4e21-9615-997d70594865__a1b2c3d4-0001-0000-0000-000000000001__1776976728044 | tenant=a1b2c3d4-0001-0000-0000-000000000001
2026-04-23 21:44:53 | INFO | [FIRESTORE] ✅ Deleted 2 messages from session 58d3a4a1-98c2-4e21-9615-997d70594865__a1b2c3d4-0001-0000-0000-000000000001__1776976728044
2026-04-23 21:44:54 | INFO | [FIRESTORE] 📋 Getting user conversations | user=58d3a4a1-98c2-4e21-9615-997d70594865 | tenant=a1b2c3d4-0001-0000-0000-000000000001
2026-04-23 21:44:54 | INFO | [FIRESTORE] ✅ Found 3 conversations for user 58d3a4a1-98c2-4e21-9615-997d70594865
2026-04-23 22:22:19 | INFO | ✅ FirestoreConversationService initialisé
2026-04-23 22:23:03 | INFO | [FIRESTORE] 🧹 Cleaning old anonymous conversations > 1h
2026-04-23 22:23:05 | INFO | [FIRESTORE] ✅ Cleanup complete: 0 messages, 0 sessions
2026-04-23 22:23:20 | INFO | ✅ FirestoreConversationService initialisé
2026-04-23 22:24:02 | INFO | [FIRESTORE] 🧹 Cleaning old anonymous conversations > 1h
2026-04-23 22:24:03 | INFO | [FIRESTORE] ✅ Cleanup complete: 0 messages, 0 sessions
2026-04-23 22:24:36 | INFO | ✅ FirestoreConversationService initialisé
2026-04-23 22:25:14 | INFO | [FIRESTORE] 🧹 Cleaning old anonymous conversations > 1h
2026-04-23 22:25:16 | INFO | [FIRESTORE] ✅ Cleanup complete: 0 messages, 0 sessions
2026-04-23 22:33:18 | INFO | ✅ FirestoreConversationService initialisé
2026-04-23 22:34:06 | INFO | ✅ FirestoreConversationService initialisé
2026-04-23 22:34:55 | INFO | ✅ FirestoreConversationService initialisé
2026-04-23 22:35:33 | INFO | [FIRESTORE] 🧹 Cleaning old anonymous conversations > 1h
2026-04-23 22:35:35 | INFO | [FIRESTORE] ✅ Cleanup complete: 0 messages, 0 sessions
2026-04-23 22:46:05 | INFO | ✅ FirestoreConversationService initialisé
2026-04-23 22:46:54 | INFO | ✅ FirestoreConversationService initialisé
2026-04-23 22:47:35 | INFO | [FIRESTORE] 🧹 Cleaning old anonymous conversations > 1h
2026-04-23 22:47:37 | INFO | [FIRESTORE] ✅ Cleanup complete: 0 messages, 0 sessions
2026-04-23 22:58:51 | INFO | ✅ FirestoreConversationService initialisé
2026-04-23 22:59:33 | INFO | [FIRESTORE] 🧹 Cleaning old anonymous conversations > 1h
2026-04-23 22:59:35 | INFO | [FIRESTORE] ✅ Cleanup complete: 0 messages, 0 sessions
2026-04-23 22:59:59 | INFO | ✅ FirestoreConversationService initialisé
2026-04-23 23:00:41 | INFO | [FIRESTORE] 🧹 Cleaning old anonymous conversations > 1h
2026-04-23 23:00:43 | INFO | [FIRESTORE] ✅ Cleanup complete: 0 messages, 0 sessions
2026-04-23 23:49:47 | INFO | ✅ FirestoreConversationService initialisé
2026-04-23 23:50:26 | INFO | [FIRESTORE] 🧹 Cleaning old anonymous conversations > 1h
2026-04-23 23:50:28 | INFO | [FIRESTORE] ✅ Cleanup complete: 0 messages, 0 sessions
2026-04-23 23:50:29 | INFO | [FIRESTORE] 📋 Getting user conversations | user=58d3a4a1-98c2-4e21-9615-997d70594865 | tenant=a1b2c3d4-0001-0000-0000-000000000001
2026-04-23 23:50:29 | INFO | [FIRESTORE] ✅ Found 3 conversations for user 58d3a4a1-98c2-4e21-9615-997d70594865
2026-04-23 23:50:34 | INFO | [FIRESTORE] 📖 Getting history | session=58d3a4a1-98c2-4e21-9615-997d70594865__a1b2c3d4-0001-0000-0000-000000000001 | tenant=a1b2c3d4-0001-0000-0000-000000000001
2026-04-23 23:50:34 | INFO | [FIRESTORE] ✅ Retrieved 26 messages
2026-04-23 23:51:28 | INFO | [FIRESTORE] 💾 Saving message | session=58d3a4a1-98c2-4e21-9615-997d70594865__a1b2c3d4-0001-0000-0000-000000000001 | tenant=a1b2c3d4-0001-0000-0000-000000000001 | user=58d3a4a1-98c2-4e21-9615-997d70594865
2026-04-23 23:51:28 | INFO | [FIRESTORE] First message: False
2026-04-23 23:51:29 | INFO | [FIRESTORE] ✅ Message saved | doc_id=uvSv7jZJn16avdYQPNbP
2026-04-23 23:51:29 | DEBUG | [FIRESTORE] Updated metadata for 58d3a4a1-98c2-4e21-9615-997d70594865__a1b2c3d4-0001-0000-0000-000000000001
2026-04-23 23:51:46 | INFO | [FIRESTORE] 💾 Saving message | session=58d3a4a1-98c2-4e21-9615-997d70594865__a1b2c3d4-0001-0000-0000-000000000001 | tenant=a1b2c3d4-0001-0000-0000-000000000001 | user=58d3a4a1-98c2-4e21-9615-997d70594865
2026-04-23 23:51:47 | INFO | [FIRESTORE] First message: False
2026-04-23 23:51:47 | INFO | [FIRESTORE] ✅ Message saved | doc_id=mvRCGLDPnr5L2lI5oMot
2026-04-23 23:51:47 | DEBUG | [FIRESTORE] Updated metadata for 58d3a4a1-98c2-4e21-9615-997d70594865__a1b2c3d4-0001-0000-0000-000000000001
2026-04-23 23:55:37 | INFO | [FIRESTORE] 📋 Getting user conversations | user=58d3a4a1-98c2-4e21-9615-997d70594865 | tenant=a1b2c3d4-0001-0000-0000-000000000001
2026-04-23 23:55:38 | INFO | [FIRESTORE] ✅ Found 3 conversations for user 58d3a4a1-98c2-4e21-9615-997d70594865
2026-04-23 23:55:49 | INFO | [FIRESTORE] 📋 Getting user conversations | user=58d3a4a1-98c2-4e21-9615-997d70594865 | tenant=a1b2c3d4-0001-0000-0000-000000000001
2026-04-23 23:55:49 | INFO | [FIRESTORE] ✅ Found 3 conversations for user 58d3a4a1-98c2-4e21-9615-997d70594865
2026-04-23 23:56:31 | INFO | [FIRESTORE] 💾 Saving message | session=58d3a4a1-98c2-4e21-9615-997d70594865__a1b2c3d4-0001-0000-0000-000000000001__1776984949114 | tenant=a1b2c3d4-0001-0000-0000-000000000001 | user=58d3a4a1-98c2-4e21-9615-997d70594865
2026-04-23 23:56:32 | INFO | [FIRESTORE] First message: True
2026-04-23 23:56:32 | INFO | [FIRESTORE] ✅ Message saved | doc_id=nDXS4Ziuzrzta0XgM899
2026-04-23 23:56:32 | INFO | [FIRESTORE] ✅ Session metadata created for 58d3a4a1-98c2-4e21-9615-997d70594865__a1b2c3d4-0001-0000-0000-000000000001__1776984949114
2026-04-23 23:56:47 | INFO | [FIRESTORE] 💾 Saving message | session=58d3a4a1-98c2-4e21-9615-997d70594865__a1b2c3d4-0001-0000-0000-000000000001__1776984949114 | tenant=a1b2c3d4-0001-0000-0000-000000000001 | user=58d3a4a1-98c2-4e21-9615-997d70594865
2026-04-23 23:56:47 | INFO | [FIRESTORE] First message: False
2026-04-23 23:56:47 | INFO | [FIRESTORE] ✅ Message saved | doc_id=pAzTSMyhcHhdTqlfzNGv
2026-04-23 23:56:47 | DEBUG | [FIRESTORE] Updated metadata for 58d3a4a1-98c2-4e21-9615-997d70594865__a1b2c3d4-0001-0000-0000-000000000001__1776984949114
2026-04-24 00:02:38 | INFO | ✅ FirestoreConversationService initialisé
2026-04-24 00:03:31 | INFO | [FIRESTORE] 🧹 Cleaning old anonymous conversations > 1h
2026-04-24 00:03:32 | INFO | [FIRESTORE] ✅ Cleanup complete: 0 messages, 0 sessions
2026-04-24 00:07:12 | INFO | ✅ FirestoreConversationService initialisé
2026-04-24 00:07:44 | INFO | [FIRESTORE] 📋 Getting user conversations | user=58d3a4a1-98c2-4e21-9615-997d70594865 | tenant=a1b2c3d4-0001-0000-0000-000000000001
2026-04-24 00:07:46 | INFO | [FIRESTORE] ✅ Found 4 conversations for user 58d3a4a1-98c2-4e21-9615-997d70594865
2026-04-24 00:07:49 | INFO | [FIRESTORE] 🧹 Cleaning old anonymous conversations > 1h
2026-04-24 00:07:49 | INFO | [FIRESTORE] ✅ Cleanup complete: 0 messages, 0 sessions
2026-04-24 00:07:54 | INFO | [FIRESTORE] 📋 Getting user conversations | user=58d3a4a1-98c2-4e21-9615-997d70594865 | tenant=a1b2c3d4-0001-0000-0000-000000000001
2026-04-24 00:07:55 | INFO | [FIRESTORE] ✅ Found 4 conversations for user 58d3a4a1-98c2-4e21-9615-997d70594865
2026-04-24 00:08:01 | INFO | [FIRESTORE] 📖 Getting history | session=58d3a4a1-98c2-4e21-9615-997d70594865__a1b2c3d4-0001-0000-0000-000000000001__1776984949114 | tenant=a1b2c3d4-0001-0000-0000-000000000001
2026-04-24 00:08:01 | INFO | [FIRESTORE] ✅ Retrieved 2 messages
2026-04-24 00:08:16 | INFO | [FIRESTORE] 💾 Saving message | session=58d3a4a1-98c2-4e21-9615-997d70594865__a1b2c3d4-0001-0000-0000-000000000001__1776984949114 | tenant=a1b2c3d4-0001-0000-0000-000000000001 | user=58d3a4a1-98c2-4e21-9615-997d70594865
2026-04-24 00:08:17 | INFO | [FIRESTORE] First message: False
2026-04-24 00:08:17 | INFO | [FIRESTORE] ✅ Message saved | doc_id=F16HlAj3EVpxPBy5PnOC
2026-04-24 00:08:17 | DEBUG | [FIRESTORE] Updated metadata for 58d3a4a1-98c2-4e21-9615-997d70594865__a1b2c3d4-0001-0000-0000-000000000001__1776984949114
2026-04-24 00:11:36 | INFO | ✅ FirestoreConversationService initialisé
2026-04-24 00:12:03 | INFO | [FIRESTORE] 📋 Getting user conversations | user=58d3a4a1-98c2-4e21-9615-997d70594865 | tenant=a1b2c3d4-0001-0000-0000-000000000001
2026-04-24 00:12:05 | INFO | [FIRESTORE] ✅ Found 4 conversations for user 58d3a4a1-98c2-4e21-9615-997d70594865
2026-04-24 00:12:08 | INFO | [FIRESTORE] 🧹 Cleaning old anonymous conversations > 1h
2026-04-24 00:12:08 | INFO | [FIRESTORE] ✅ Cleanup complete: 0 messages, 0 sessions
2026-04-24 00:14:49 | INFO | [FIRESTORE] 📖 Getting history | session=58d3a4a1-98c2-4e21-9615-997d70594865__a1b2c3d4-0001-0000-0000-000000000001__1776984949114 | tenant=a1b2c3d4-0001-0000-0000-000000000001
2026-04-24 00:14:50 | INFO | [FIRESTORE] ✅ Retrieved 3 messages
2026-04-24 00:15:03 | INFO | [FIRESTORE] 💾 Saving message | session=58d3a4a1-98c2-4e21-9615-997d70594865__a1b2c3d4-0001-0000-0000-000000000001__1776984949114 | tenant=a1b2c3d4-0001-0000-0000-000000000001 | user=58d3a4a1-98c2-4e21-9615-997d70594865
2026-04-24 00:15:03 | INFO | [FIRESTORE] First message: False
2026-04-24 00:15:03 | INFO | [FIRESTORE] ✅ Message saved | doc_id=5H8ZtUD0tfEhb1IHpznv
2026-04-24 00:15:04 | DEBUG | [FIRESTORE] Updated metadata for 58d3a4a1-98c2-4e21-9615-997d70594865__a1b2c3d4-0001-0000-0000-000000000001__1776984949114
2026-04-24 00:15:22 | INFO | [FIRESTORE] 💾 Saving message | session=58d3a4a1-98c2-4e21-9615-997d70594865__a1b2c3d4-0001-0000-0000-000000000001__1776984949114 | tenant=a1b2c3d4-0001-0000-0000-000000000001 | user=58d3a4a1-98c2-4e21-9615-997d70594865
2026-04-24 00:15:22 | INFO | [FIRESTORE] First message: False
2026-04-24 00:15:22 | INFO | [FIRESTORE] ✅ Message saved | doc_id=uZsgRSk8kw3iSF99EyXg
2026-04-24 00:15:22 | DEBUG | [FIRESTORE] Updated metadata for 58d3a4a1-98c2-4e21-9615-997d70594865__a1b2c3d4-0001-0000-0000-000000000001__1776984949114
2026-04-24 00:16:28 | INFO | [FIRESTORE] 📋 Getting user conversations | user=58d3a4a1-98c2-4e21-9615-997d70594865 | tenant=a1b2c3d4-0001-0000-0000-000000000001
2026-04-24 00:16:29 | INFO | [FIRESTORE] ✅ Found 4 conversations for user 58d3a4a1-98c2-4e21-9615-997d70594865
2026-04-24 00:16:32 | INFO | [FIRESTORE] 📖 Getting history | session=58d3a4a1-98c2-4e21-9615-997d70594865__a1b2c3d4-0001-0000-0000-000000000001__1776984949114 | tenant=a1b2c3d4-0001-0000-0000-000000000001
2026-04-24 00:16:32 | INFO | [FIRESTORE] ✅ Retrieved 5 messages
2026-04-24 00:17:22 | INFO | [FIRESTORE] 💾 Saving message | session=58d3a4a1-98c2-4e21-9615-997d70594865__a1b2c3d4-0001-0000-0000-000000000001__1776984949114 | tenant=a1b2c3d4-0001-0000-0000-000000000001 | user=58d3a4a1-98c2-4e21-9615-997d70594865
2026-04-24 00:17:22 | INFO | [FIRESTORE] First message: False
2026-04-24 00:17:22 | INFO | [FIRESTORE] ✅ Message saved | doc_id=3VcVipGuxLLGaXAlHgtP
2026-04-24 00:17:23 | DEBUG | [FIRESTORE] Updated metadata for 58d3a4a1-98c2-4e21-9615-997d70594865__a1b2c3d4-0001-0000-0000-000000000001__1776984949114
2026-04-24 00:17:57 | INFO | [FIRESTORE] 💾 Saving message | session=58d3a4a1-98c2-4e21-9615-997d70594865__a1b2c3d4-0001-0000-0000-000000000001__1776984949114 | tenant=a1b2c3d4-0001-0000-0000-000000000001 | user=58d3a4a1-98c2-4e21-9615-997d70594865
2026-04-24 00:17:57 | INFO | [FIRESTORE] First message: False
2026-04-24 00:17:57 | INFO | [FIRESTORE] ✅ Message saved | doc_id=1TSteiCihL0g57f0oWTh
2026-04-24 00:17:57 | DEBUG | [FIRESTORE] Updated metadata for 58d3a4a1-98c2-4e21-9615-997d70594865__a1b2c3d4-0001-0000-0000-000000000001__1776984949114
2026-04-24 00:29:36 | INFO | ✅ FirestoreConversationService initialisé
2026-04-24 00:30:18 | INFO | [FIRESTORE] 🧹 Cleaning old anonymous conversations > 1h
2026-04-24 00:30:19 | INFO | [FIRESTORE] ✅ Cleanup complete: 0 messages, 0 sessions
2026-04-24 06:21:48 | INFO | ✅ FirestoreConversationService initialisé
2026-04-24 06:23:26 | INFO | [FIRESTORE] 📋 Getting user conversations | user=58d3a4a1-98c2-4e21-9615-997d70594865 | tenant=a1b2c3d4-0001-0000-0000-000000000001
2026-04-24 06:23:28 | INFO | [FIRESTORE] ✅ Found 4 conversations for user 58d3a4a1-98c2-4e21-9615-997d70594865
2026-04-24 06:23:30 | INFO | [FIRESTORE] 📖 Getting history | session=58d3a4a1-98c2-4e21-9615-997d70594865__a1b2c3d4-0001-0000-0000-000000000001__1776984949114 | tenant=a1b2c3d4-0001-0000-0000-000000000001
2026-04-24 06:23:30 | INFO | [FIRESTORE] ✅ Retrieved 7 messages
2026-04-24 06:23:30 | INFO | [FIRESTORE] 🧹 Cleaning old anonymous conversations > 1h
2026-04-24 06:23:30 | INFO | [FIRESTORE] ✅ Cleanup complete: 0 messages, 0 sessions
2026-04-24 06:23:50 | INFO | [FIRESTORE] 💾 Saving message | session=58d3a4a1-98c2-4e21-9615-997d70594865__a1b2c3d4-0001-0000-0000-000000000001__1776984949114 | tenant=a1b2c3d4-0001-0000-0000-000000000001 | user=58d3a4a1-98c2-4e21-9615-997d70594865
2026-04-24 06:23:51 | INFO | [FIRESTORE] First message: False
2026-04-24 06:23:51 | INFO | [FIRESTORE] ✅ Message saved | doc_id=wgyF2mTOGtMFTISLbJY0
2026-04-24 06:23:51 | DEBUG | [FIRESTORE] Updated metadata for 58d3a4a1-98c2-4e21-9615-997d70594865__a1b2c3d4-0001-0000-0000-000000000001__1776984949114
2026-04-24 06:24:18 | INFO | [FIRESTORE] 💾 Saving message | session=58d3a4a1-98c2-4e21-9615-997d70594865__a1b2c3d4-0001-0000-0000-000000000001__1776984949114 | tenant=a1b2c3d4-0001-0000-0000-000000000001 | user=58d3a4a1-98c2-4e21-9615-997d70594865
2026-04-24 06:24:18 | INFO | [FIRESTORE] First message: False
2026-04-24 06:24:19 | INFO | [FIRESTORE] ✅ Message saved | doc_id=DXByRBIlACxqQPVlmOwL
2026-04-24 06:24:19 | DEBUG | [FIRESTORE] Updated metadata for 58d3a4a1-98c2-4e21-9615-997d70594865__a1b2c3d4-0001-0000-0000-000000000001__1776984949114
2026-04-24 06:27:39 | INFO | ✅ FirestoreConversationService initialisé
2026-04-24 06:28:13 | INFO | [FIRESTORE] 📋 Getting user conversations | user=58d3a4a1-98c2-4e21-9615-997d70594865 | tenant=a1b2c3d4-0001-0000-0000-000000000001
2026-04-24 06:28:15 | INFO | [FIRESTORE] ✅ Found 4 conversations for user 58d3a4a1-98c2-4e21-9615-997d70594865
2026-04-24 06:28:17 | INFO | [FIRESTORE] 🧹 Cleaning old anonymous conversations > 1h
2026-04-24 06:28:18 | INFO | [FIRESTORE] ✅ Cleanup complete: 0 messages, 0 sessions
2026-04-24 06:29:42 | INFO | [FIRESTORE] 📖 Getting history | session=58d3a4a1-98c2-4e21-9615-997d70594865__a1b2c3d4-0001-0000-0000-000000000001__1776984949114 | tenant=a1b2c3d4-0001-0000-0000-000000000001
2026-04-24 06:29:42 | INFO | [FIRESTORE] ✅ Retrieved 9 messages
2026-04-24 06:29:56 | INFO | [FIRESTORE] 💾 Saving message | session=58d3a4a1-98c2-4e21-9615-997d70594865__a1b2c3d4-0001-0000-0000-000000000001__1776984949114 | tenant=a1b2c3d4-0001-0000-0000-000000000001 | user=58d3a4a1-98c2-4e21-9615-997d70594865
2026-04-24 06:29:57 | INFO | [FIRESTORE] First message: False
2026-04-24 06:29:57 | INFO | [FIRESTORE] ✅ Message saved | doc_id=zPxbyEqf01sSM4J2K0OV
2026-04-24 06:29:57 | DEBUG | [FIRESTORE] Updated metadata for 58d3a4a1-98c2-4e21-9615-997d70594865__a1b2c3d4-0001-0000-0000-000000000001__1776984949114
2026-04-24 06:30:55 | INFO | [FIRESTORE] 💾 Saving message | session=58d3a4a1-98c2-4e21-9615-997d70594865__a1b2c3d4-0001-0000-0000-000000000001__1776984949114 | tenant=a1b2c3d4-0001-0000-0000-000000000001 | user=58d3a4a1-98c2-4e21-9615-997d70594865
2026-04-24 06:30:56 | INFO | [FIRESTORE] First message: False
2026-04-24 06:30:56 | INFO | [FIRESTORE] ✅ Message saved | doc_id=YjvbRzi4cbjs4ty3MKOv
2026-04-24 06:30:56 | DEBUG | [FIRESTORE] Updated metadata for 58d3a4a1-98c2-4e21-9615-997d70594865__a1b2c3d4-0001-0000-0000-000000000001__1776984949114
2026-04-24 06:33:39 | INFO | ✅ FirestoreConversationService initialisé
2026-04-24 06:34:13 | INFO | [FIRESTORE] 📋 Getting user conversations | user=58d3a4a1-98c2-4e21-9615-997d70594865 | tenant=a1b2c3d4-0001-0000-0000-000000000001
2026-04-24 06:34:14 | INFO | [FIRESTORE] ✅ Found 4 conversations for user 58d3a4a1-98c2-4e21-9615-997d70594865
2026-04-24 06:34:17 | INFO | [FIRESTORE] 🧹 Cleaning old anonymous conversations > 1h
2026-04-24 06:34:17 | INFO | [FIRESTORE] ✅ Cleanup complete: 0 messages, 0 sessions
2026-04-24 06:34:32 | INFO | [FIRESTORE] 📖 Getting history | session=58d3a4a1-98c2-4e21-9615-997d70594865__a1b2c3d4-0001-0000-0000-000000000001__1776984949114 | tenant=a1b2c3d4-0001-0000-0000-000000000001
2026-04-24 06:34:32 | INFO | [FIRESTORE] ✅ Retrieved 11 messages
2026-04-24 06:34:45 | INFO | [FIRESTORE] 💾 Saving message | session=58d3a4a1-98c2-4e21-9615-997d70594865__a1b2c3d4-0001-0000-0000-000000000001__1776984949114 | tenant=a1b2c3d4-0001-0000-0000-000000000001 | user=58d3a4a1-98c2-4e21-9615-997d70594865
2026-04-24 06:34:46 | INFO | [FIRESTORE] First message: False
2026-04-24 06:34:46 | INFO | [FIRESTORE] ✅ Message saved | doc_id=kyLS7aQ7rTX6YgSvOyai
2026-04-24 06:34:46 | DEBUG | [FIRESTORE] Updated metadata for 58d3a4a1-98c2-4e21-9615-997d70594865__a1b2c3d4-0001-0000-0000-000000000001__1776984949114
2026-04-24 06:35:44 | INFO | [FIRESTORE] 💾 Saving message | session=58d3a4a1-98c2-4e21-9615-997d70594865__a1b2c3d4-0001-0000-0000-000000000001__1776984949114 | tenant=a1b2c3d4-0001-0000-0000-000000000001 | user=58d3a4a1-98c2-4e21-9615-997d70594865
2026-04-24 06:35:44 | INFO | [FIRESTORE] First message: False
2026-04-24 06:35:44 | INFO | [FIRESTORE] ✅ Message saved | doc_id=f3CIYmmpGkv2SyLyog23
2026-04-24 06:35:44 | DEBUG | [FIRESTORE] Updated metadata for 58d3a4a1-98c2-4e21-9615-997d70594865__a1b2c3d4-0001-0000-0000-000000000001__1776984949114
2026-04-24 06:42:34 | INFO | [FIRESTORE] 📋 Getting user conversations | user=58d3a4a1-98c2-4e21-9615-997d70594865 | tenant=a1b2c3d4-0001-0000-0000-000000000001
2026-04-24 06:42:35 | INFO | [FIRESTORE] ✅ Found 4 conversations for user 58d3a4a1-98c2-4e21-9615-997d70594865
2026-04-24 06:43:18 | INFO | ✅ FirestoreConversationService initialisé
2026-04-24 06:44:14 | INFO | ✅ FirestoreConversationService initialisé
2026-04-24 06:44:46 | INFO | [FIRESTORE] 🧹 Cleaning old anonymous conversations > 1h
2026-04-24 06:44:47 | INFO | [FIRESTORE] ✅ Cleanup complete: 0 messages, 0 sessions
2026-04-24 06:50:32 | INFO | ✅ FirestoreConversationService initialisé
2026-04-24 06:51:14 | INFO | [FIRESTORE] 🧹 Cleaning old anonymous conversations > 1h
2026-04-24 06:51:15 | INFO | [FIRESTORE] ✅ Cleanup complete: 0 messages, 0 sessions
2026-04-24 06:51:30 | INFO | ✅ FirestoreConversationService initialisé
2026-04-24 06:52:03 | INFO | [FIRESTORE] 🧹 Cleaning old anonymous conversations > 1h
2026-04-24 06:52:04 | INFO | [FIRESTORE] ✅ Cleanup complete: 0 messages, 0 sessions
2026-04-24 06:52:18 | INFO | [FIRESTORE] 📖 Getting history | session=58d3a4a1-98c2-4e21-9615-997d70594865__a1b2c3d4-0001-0000-0000-000000000001__1776984949114 | tenant=a1b2c3d4-0001-0000-0000-000000000001
2026-04-24 06:52:18 | INFO | [FIRESTORE] ✅ Retrieved 13 messages
2026-04-24 06:52:34 | INFO | [FIRESTORE] 💾 Saving message | session=58d3a4a1-98c2-4e21-9615-997d70594865__a1b2c3d4-0001-0000-0000-000000000001__1776984949114 | tenant=a1b2c3d4-0001-0000-0000-000000000001 | user=58d3a4a1-98c2-4e21-9615-997d70594865
2026-04-24 06:52:34 | INFO | [FIRESTORE] First message: False
2026-04-24 06:52:34 | INFO | [FIRESTORE] ✅ Message saved | doc_id=GhSNB8MJ7aIYJRQWfTAK
2026-04-24 06:52:34 | DEBUG | [FIRESTORE] Updated metadata for 58d3a4a1-98c2-4e21-9615-997d70594865__a1b2c3d4-0001-0000-0000-000000000001__1776984949114
2026-04-24 06:53:40 | INFO | [FIRESTORE] 💾 Saving message | session=58d3a4a1-98c2-4e21-9615-997d70594865__a1b2c3d4-0001-0000-0000-000000000001__1776984949114 | tenant=a1b2c3d4-0001-0000-0000-000000000001 | user=58d3a4a1-98c2-4e21-9615-997d70594865
2026-04-24 06:53:40 | INFO | [FIRESTORE] First message: False
2026-04-24 06:53:40 | INFO | [FIRESTORE] ✅ Message saved | doc_id=cTxF6qT7Jr6KKnvFolgJ
2026-04-24 06:53:41 | DEBUG | [FIRESTORE] Updated metadata for 58d3a4a1-98c2-4e21-9615-997d70594865__a1b2c3d4-0001-0000-0000-000000000001__1776984949114
2026-04-24 07:01:03 | INFO | ✅ FirestoreConversationService initialisé
2026-04-24 07:01:55 | INFO | ✅ FirestoreConversationService initialisé
2026-04-24 07:02:37 | INFO | [FIRESTORE] 🧹 Cleaning old anonymous conversations > 1h
2026-04-24 07:02:38 | INFO | [FIRESTORE] ✅ Cleanup complete: 0 messages, 0 sessions
2026-04-24 07:03:49 | INFO | ✅ FirestoreConversationService initialisé
2026-04-24 07:04:17 | INFO | [FIRESTORE] 📋 Getting user conversations | user=58d3a4a1-98c2-4e21-9615-997d70594865 | tenant=a1b2c3d4-0001-0000-0000-000000000001
2026-04-24 07:04:19 | INFO | [FIRESTORE] ✅ Found 4 conversations for user 58d3a4a1-98c2-4e21-9615-997d70594865
2026-04-24 07:04:22 | INFO | [FIRESTORE] 🧹 Cleaning old anonymous conversations > 1h
2026-04-24 07:04:22 | INFO | [FIRESTORE] ✅ Cleanup complete: 0 messages, 0 sessions
2026-04-24 07:04:24 | INFO | [FIRESTORE] 📖 Getting history | session=58d3a4a1-98c2-4e21-9615-997d70594865__a1b2c3d4-0001-0000-0000-000000000001__1776984949114 | tenant=a1b2c3d4-0001-0000-0000-000000000001
2026-04-24 07:04:24 | INFO | [FIRESTORE] ✅ Retrieved 15 messages
2026-04-24 07:04:39 | INFO | [FIRESTORE] 💾 Saving message | session=58d3a4a1-98c2-4e21-9615-997d70594865__a1b2c3d4-0001-0000-0000-000000000001__1776984949114 | tenant=a1b2c3d4-0001-0000-0000-000000000001 | user=58d3a4a1-98c2-4e21-9615-997d70594865
2026-04-24 07:04:39 | INFO | [FIRESTORE] First message: False
2026-04-24 07:04:39 | INFO | [FIRESTORE] ✅ Message saved | doc_id=tY7Dr1807wme9XwxOQ0T
2026-04-24 07:04:39 | DEBUG | [FIRESTORE] Updated metadata for 58d3a4a1-98c2-4e21-9615-997d70594865__a1b2c3d4-0001-0000-0000-000000000001__1776984949114
2026-04-24 07:05:59 | INFO | [FIRESTORE] 💾 Saving message | session=58d3a4a1-98c2-4e21-9615-997d70594865__a1b2c3d4-0001-0000-0000-000000000001__1776984949114 | tenant=a1b2c3d4-0001-0000-0000-000000000001 | user=58d3a4a1-98c2-4e21-9615-997d70594865
2026-04-24 07:05:59 | INFO | [FIRESTORE] First message: False
2026-04-24 07:05:59 | INFO | [FIRESTORE] ✅ Message saved | doc_id=XknHvONuaSHRatA57vl5
2026-04-24 07:05:59 | DEBUG | [FIRESTORE] Updated metadata for 58d3a4a1-98c2-4e21-9615-997d70594865__a1b2c3d4-0001-0000-0000-000000000001__1776984949114
2026-04-24 07:09:43 | INFO | ✅ FirestoreConversationService initialisé
2026-04-24 07:10:28 | INFO | ✅ FirestoreConversationService initialisé
2026-04-24 07:10:59 | INFO | [FIRESTORE] 📋 Getting user conversations | user=58d3a4a1-98c2-4e21-9615-997d70594865 | tenant=a1b2c3d4-0001-0000-0000-000000000001
2026-04-24 07:11:01 | INFO | [FIRESTORE] ✅ Found 4 conversations for user 58d3a4a1-98c2-4e21-9615-997d70594865
2026-04-24 07:11:03 | INFO | [FIRESTORE] 🧹 Cleaning old anonymous conversations > 1h
2026-04-24 07:11:04 | INFO | [FIRESTORE] ✅ Cleanup complete: 0 messages, 0 sessions
2026-04-24 07:12:20 | INFO | [FIRESTORE] 📖 Getting history | session=58d3a4a1-98c2-4e21-9615-997d70594865__a1b2c3d4-0001-0000-0000-000000000001__1776984949114 | tenant=a1b2c3d4-0001-0000-0000-000000000001
2026-04-24 07:12:21 | INFO | [FIRESTORE] ✅ Retrieved 17 messages
2026-04-24 07:12:35 | INFO | [FIRESTORE] 💾 Saving message | session=58d3a4a1-98c2-4e21-9615-997d70594865__a1b2c3d4-0001-0000-0000-000000000001__1776984949114 | tenant=a1b2c3d4-0001-0000-0000-000000000001 | user=58d3a4a1-98c2-4e21-9615-997d70594865
2026-04-24 07:12:35 | INFO | [FIRESTORE] First message: False
2026-04-24 07:12:35 | INFO | [FIRESTORE] ✅ Message saved | doc_id=4x7HPadZLoOd3yugDftq
2026-04-24 07:12:35 | DEBUG | [FIRESTORE] Updated metadata for 58d3a4a1-98c2-4e21-9615-997d70594865__a1b2c3d4-0001-0000-0000-000000000001__1776984949114
2026-04-24 07:14:21 | INFO | [FIRESTORE] 💾 Saving message | session=58d3a4a1-98c2-4e21-9615-997d70594865__a1b2c3d4-0001-0000-0000-000000000001__1776984949114 | tenant=a1b2c3d4-0001-0000-0000-000000000001 | user=58d3a4a1-98c2-4e21-9615-997d70594865
2026-04-24 07:14:21 | INFO | [FIRESTORE] First message: False
2026-04-24 07:14:21 | INFO | [FIRESTORE] ✅ Message saved | doc_id=TgSQSVGoKyDlbBr5y6Mf
2026-04-24 07:14:21 | DEBUG | [FIRESTORE] Updated metadata for 58d3a4a1-98c2-4e21-9615-997d70594865__a1b2c3d4-0001-0000-0000-000000000001__1776984949114
2026-04-24 07:14:45 | INFO | [FIRESTORE] 📋 Getting user conversations | user=58d3a4a1-98c2-4e21-9615-997d70594865 | tenant=a1b2c3d4-0001-0000-0000-000000000001
2026-04-24 07:14:46 | INFO | [FIRESTORE] ✅ Found 4 conversations for user 58d3a4a1-98c2-4e21-9615-997d70594865
2026-04-24 07:14:48 | INFO | [FIRESTORE] 📖 Getting history | session=58d3a4a1-98c2-4e21-9615-997d70594865__a1b2c3d4-0001-0000-0000-000000000001__1776984949114 | tenant=a1b2c3d4-0001-0000-0000-000000000001
2026-04-24 07:14:48 | INFO | [FIRESTORE] ✅ Retrieved 19 messages
2026-04-24 07:15:31 | INFO | [FIRESTORE] 💾 Saving message | session=58d3a4a1-98c2-4e21-9615-997d70594865__a1b2c3d4-0001-0000-0000-000000000001__1776984949114 | tenant=a1b2c3d4-0001-0000-0000-000000000001 | user=58d3a4a1-98c2-4e21-9615-997d70594865
2026-04-24 07:15:32 | INFO | [FIRESTORE] First message: False
2026-04-24 07:15:32 | INFO | [FIRESTORE] ✅ Message saved | doc_id=KBmYPBurzX7ZKr6T4637
2026-04-24 07:15:32 | DEBUG | [FIRESTORE] Updated metadata for 58d3a4a1-98c2-4e21-9615-997d70594865__a1b2c3d4-0001-0000-0000-000000000001__1776984949114
2026-04-24 07:18:10 | INFO | [FIRESTORE] 📋 Getting user conversations | user=58d3a4a1-98c2-4e21-9615-997d70594865 | tenant=a1b2c3d4-0001-0000-0000-000000000001
2026-04-24 07:18:30 | INFO | [FIRESTORE] ✅ Found 4 conversations for user 58d3a4a1-98c2-4e21-9615-997d70594865
2026-04-24 07:18:31 | INFO | [FIRESTORE] 📋 Getting user conversations | user=58d3a4a1-98c2-4e21-9615-997d70594865 | tenant=a1b2c3d4-0001-0000-0000-000000000001
2026-04-24 07:18:31 | INFO | [FIRESTORE] ✅ Found 4 conversations for user 58d3a4a1-98c2-4e21-9615-997d70594865
2026-04-24 07:18:35 | INFO | [FIRESTORE] 📖 Getting history | session=58d3a4a1-98c2-4e21-9615-997d70594865__a1b2c3d4-0001-0000-0000-000000000001__1776984949114 | tenant=a1b2c3d4-0001-0000-0000-000000000001
2026-04-24 07:18:35 | INFO | [FIRESTORE] ✅ Retrieved 20 messages
2026-04-24 07:19:10 | INFO | [FIRESTORE] 💾 Saving message | session=58d3a4a1-98c2-4e21-9615-997d70594865__a1b2c3d4-0001-0000-0000-000000000001__1776984949114 | tenant=a1b2c3d4-0001-0000-0000-000000000001 | user=58d3a4a1-98c2-4e21-9615-997d70594865
2026-04-24 07:19:10 | INFO | [FIRESTORE] First message: False
2026-04-24 07:19:10 | INFO | [FIRESTORE] ✅ Message saved | doc_id=rX3vB7Kzjzt0qhXTr9ay
2026-04-24 07:19:10 | DEBUG | [FIRESTORE] Updated metadata for 58d3a4a1-98c2-4e21-9615-997d70594865__a1b2c3d4-0001-0000-0000-000000000001__1776984949114
2026-04-24 07:30:49 | INFO | ✅ FirestoreConversationService initialisé
2026-04-24 07:31:19 | INFO | [FIRESTORE] 📋 Getting user conversations | user=58d3a4a1-98c2-4e21-9615-997d70594865 | tenant=a1b2c3d4-0001-0000-0000-000000000001
2026-04-24 07:31:21 | INFO | [FIRESTORE] ✅ Found 4 conversations for user 58d3a4a1-98c2-4e21-9615-997d70594865
2026-04-24 07:31:23 | INFO | [FIRESTORE] 🧹 Cleaning old anonymous conversations > 1h
2026-04-24 07:31:23 | INFO | [FIRESTORE] ✅ Cleanup complete: 0 messages, 0 sessions
2026-04-24 07:35:06 | INFO | [FIRESTORE] 📖 Getting history | session=58d3a4a1-98c2-4e21-9615-997d70594865__a1b2c3d4-0001-0000-0000-000000000001__1776984949114 | tenant=a1b2c3d4-0001-0000-0000-000000000001
2026-04-24 07:35:26 | INFO | [FIRESTORE] ✅ Retrieved 21 messages
2026-04-24 07:35:26 | INFO | [FIRESTORE] 📋 Getting user conversations | user=58d3a4a1-98c2-4e21-9615-997d70594865 | tenant=a1b2c3d4-0001-0000-0000-000000000001
2026-04-24 07:35:26 | INFO | [FIRESTORE] ✅ Found 4 conversations for user 58d3a4a1-98c2-4e21-9615-997d70594865
2026-04-24 07:35:30 | INFO | [FIRESTORE] 📖 Getting history | session=58d3a4a1-98c2-4e21-9615-997d70594865__a1b2c3d4-0001-0000-0000-000000000001__1776984949114 | tenant=a1b2c3d4-0001-0000-0000-000000000001
2026-04-24 07:35:31 | INFO | [FIRESTORE] ✅ Retrieved 21 messages
2026-04-24 07:36:42 | INFO | [FIRESTORE] 💾 Saving message | session=58d3a4a1-98c2-4e21-9615-997d70594865__a1b2c3d4-0001-0000-0000-000000000001__1776984949114 | tenant=a1b2c3d4-0001-0000-0000-000000000001 | user=58d3a4a1-98c2-4e21-9615-997d70594865
2026-04-24 07:36:42 | INFO | [FIRESTORE] First message: False
2026-04-24 07:36:42 | INFO | [FIRESTORE] ✅ Message saved | doc_id=e5734sJOIBe2BZYcBjyV
2026-04-24 07:36:42 | DEBUG | [FIRESTORE] Updated metadata for 58d3a4a1-98c2-4e21-9615-997d70594865__a1b2c3d4-0001-0000-0000-000000000001__1776984949114
2026-04-24 07:50:56 | INFO | ✅ FirestoreConversationService initialisé
2026-04-24 07:51:26 | INFO | [FIRESTORE] 📋 Getting user conversations | user=58d3a4a1-98c2-4e21-9615-997d70594865 | tenant=a1b2c3d4-0001-0000-0000-000000000001
2026-04-24 07:51:28 | INFO | [FIRESTORE] ✅ Found 4 conversations for user 58d3a4a1-98c2-4e21-9615-997d70594865
2026-04-24 07:51:30 | INFO | [FIRESTORE] 🧹 Cleaning old anonymous conversations > 1h
2026-04-24 07:51:30 | INFO | [FIRESTORE] ✅ Cleanup complete: 0 messages, 0 sessions
2026-04-24 07:51:52 | INFO | [FIRESTORE] 📖 Getting history | session=58d3a4a1-98c2-4e21-9615-997d70594865__a1b2c3d4-0001-0000-0000-000000000001__1776984949114 | tenant=a1b2c3d4-0001-0000-0000-000000000001
2026-04-24 07:51:52 | INFO | [FIRESTORE] ✅ Retrieved 22 messages
2026-04-24 07:53:29 | INFO | [FIRESTORE] 💾 Saving message | session=58d3a4a1-98c2-4e21-9615-997d70594865__a1b2c3d4-0001-0000-0000-000000000001__1776984949114 | tenant=a1b2c3d4-0001-0000-0000-000000000001 | user=58d3a4a1-98c2-4e21-9615-997d70594865
2026-04-24 07:53:29 | INFO | [FIRESTORE] First message: False
2026-04-24 07:53:29 | INFO | [FIRESTORE] ✅ Message saved | doc_id=pRMXFXeD4HLZD2zClST1
2026-04-24 07:53:29 | DEBUG | [FIRESTORE] Updated metadata for 58d3a4a1-98c2-4e21-9615-997d70594865__a1b2c3d4-0001-0000-0000-000000000001__1776984949114
2026-04-24 07:57:07 | INFO | ✅ FirestoreConversationService initialisé
2026-04-24 07:57:14 | INFO | ✅ FirestoreConversationService initialisé
2026-04-24 07:57:46 | INFO | [FIRESTORE] 🧹 Cleaning old anonymous conversations > 1h
2026-04-24 07:57:47 | INFO | [FIRESTORE] ✅ Cleanup complete: 0 messages, 0 sessions
2026-04-24 07:58:54 | INFO | [FIRESTORE] 📋 Getting user conversations | user=58d3a4a1-98c2-4e21-9615-997d70594865 | tenant=a1b2c3d4-0001-0000-0000-000000000001
2026-04-24 07:58:55 | INFO | [FIRESTORE] ✅ Found 4 conversations for user 58d3a4a1-98c2-4e21-9615-997d70594865
2026-04-24 07:59:05 | INFO | [FIRESTORE] 📖 Getting history | session=58d3a4a1-98c2-4e21-9615-997d70594865__a1b2c3d4-0001-0000-0000-000000000001__1776984949114 | tenant=a1b2c3d4-0001-0000-0000-000000000001
2026-04-24 07:59:05 | INFO | [FIRESTORE] ✅ Retrieved 23 messages
2026-04-24 08:01:32 | INFO | [FIRESTORE] 💾 Saving message | session=58d3a4a1-98c2-4e21-9615-997d70594865__a1b2c3d4-0001-0000-0000-000000000001__1776984949114 | tenant=a1b2c3d4-0001-0000-0000-000000000001 | user=58d3a4a1-98c2-4e21-9615-997d70594865
2026-04-24 08:01:33 | INFO | [FIRESTORE] First message: False
2026-04-24 08:01:33 | INFO | [FIRESTORE] ✅ Message saved | doc_id=O6X15W0uOI15oj90knQt
2026-04-24 08:01:33 | DEBUG | [FIRESTORE] Updated metadata for 58d3a4a1-98c2-4e21-9615-997d70594865__a1b2c3d4-0001-0000-0000-000000000001__1776984949114
2026-04-24 11:37:23 | INFO | ✅ FirestoreConversationService initialisé
2026-04-24 11:39:32 | INFO | ✅ FirestoreConversationService initialisé
2026-04-24 11:40:06 | INFO | [FIRESTORE] 📋 Getting user conversations | user=58d3a4a1-98c2-4e21-9615-997d70594865 | tenant=a1b2c3d4-0001-0000-0000-000000000001
2026-04-24 11:40:08 | INFO | [FIRESTORE] ✅ Found 4 conversations for user 58d3a4a1-98c2-4e21-9615-997d70594865
2026-04-24 11:40:08 | INFO | [FIRESTORE] 📋 Getting user conversations | user=58d3a4a1-98c2-4e21-9615-997d70594865 | tenant=a1b2c3d4-0001-0000-0000-000000000001
2026-04-24 11:40:09 | INFO | [FIRESTORE] ✅ Found 4 conversations for user 58d3a4a1-98c2-4e21-9615-997d70594865
2026-04-24 11:40:10 | INFO | [FIRESTORE] 🧹 Cleaning old anonymous conversations > 1h
2026-04-24 11:40:10 | INFO | [FIRESTORE] ✅ Cleanup complete: 0 messages, 0 sessions
2026-04-24 11:40:11 | INFO | [FIRESTORE] 📖 Getting history | session=58d3a4a1-98c2-4e21-9615-997d70594865__a1b2c3d4-0001-0000-0000-000000000001__1776984949114 | tenant=a1b2c3d4-0001-0000-0000-000000000001
2026-04-24 11:40:11 | INFO | [FIRESTORE] ✅ Retrieved 24 messages
2026-04-24 11:40:27 | INFO | [FIRESTORE] 💾 Saving message | session=58d3a4a1-98c2-4e21-9615-997d70594865__a1b2c3d4-0001-0000-0000-000000000001__1776984949114 | tenant=a1b2c3d4-0001-0000-0000-000000000001 | user=58d3a4a1-98c2-4e21-9615-997d70594865
2026-04-24 11:40:27 | INFO | [FIRESTORE] First message: False
2026-04-24 11:40:27 | INFO | [FIRESTORE] ✅ Message saved | doc_id=Fymn7PjWaRLLHiWs3pEn
2026-04-24 11:40:27 | DEBUG | [FIRESTORE] Updated metadata for 58d3a4a1-98c2-4e21-9615-997d70594865__a1b2c3d4-0001-0000-0000-000000000001__1776984949114
2026-04-24 11:41:39 | INFO | ✅ FirestoreConversationService initialisé
2026-04-24 11:42:10 | INFO | [FIRESTORE] 📋 Getting user conversations | user=58d3a4a1-98c2-4e21-9615-997d70594865 | tenant=a1b2c3d4-0001-0000-0000-000000000001
2026-04-24 11:42:12 | INFO | [FIRESTORE] ✅ Found 4 conversations for user 58d3a4a1-98c2-4e21-9615-997d70594865
2026-04-24 11:42:15 | INFO | [FIRESTORE] 🧹 Cleaning old anonymous conversations > 1h
2026-04-24 11:42:15 | INFO | [FIRESTORE] ✅ Cleanup complete: 0 messages, 0 sessions
2026-04-24 11:46:22 | INFO | [FIRESTORE] 📋 Getting user conversations | user=58d3a4a1-98c2-4e21-9615-997d70594865 | tenant=a1b2c3d4-0001-0000-0000-000000000001
2026-04-24 11:46:24 | INFO | [FIRESTORE] ✅ Found 4 conversations for user 58d3a4a1-98c2-4e21-9615-997d70594865
2026-04-24 11:46:27 | INFO | [FIRESTORE] 📖 Getting history | session=58d3a4a1-98c2-4e21-9615-997d70594865__a1b2c3d4-0001-0000-0000-000000000001__1776984949114 | tenant=a1b2c3d4-0001-0000-0000-000000000001
2026-04-24 11:46:27 | INFO | [FIRESTORE] ✅ Retrieved 25 messages
2026-04-24 11:46:54 | INFO | [FIRESTORE] 💾 Saving message | session=58d3a4a1-98c2-4e21-9615-997d70594865__a1b2c3d4-0001-0000-0000-000000000001__1776984949114 | tenant=a1b2c3d4-0001-0000-0000-000000000001 | user=58d3a4a1-98c2-4e21-9615-997d70594865
2026-04-24 11:46:55 | INFO | [FIRESTORE] First message: False
2026-04-24 11:46:55 | INFO | [FIRESTORE] ✅ Message saved | doc_id=yOdZxRTq20PDtNlmiyb0
2026-04-24 11:46:55 | DEBUG | [FIRESTORE] Updated metadata for 58d3a4a1-98c2-4e21-9615-997d70594865__a1b2c3d4-0001-0000-0000-000000000001__1776984949114
2026-04-24 11:48:04 | INFO | ✅ FirestoreConversationService initialisé
2026-04-24 11:48:38 | INFO | [FIRESTORE] 📋 Getting user conversations | user=58d3a4a1-98c2-4e21-9615-997d70594865 | tenant=a1b2c3d4-0001-0000-0000-000000000001
2026-04-24 11:48:40 | INFO | [FIRESTORE] ✅ Found 4 conversations for user 58d3a4a1-98c2-4e21-9615-997d70594865
2026-04-24 11:48:43 | INFO | [FIRESTORE] 🧹 Cleaning old anonymous conversations > 1h
2026-04-24 11:48:43 | INFO | [FIRESTORE] ✅ Cleanup complete: 0 messages, 0 sessions
2026-04-24 11:49:09 | INFO | [FIRESTORE] 📖 Getting history | session=58d3a4a1-98c2-4e21-9615-997d70594865__a1b2c3d4-0001-0000-0000-000000000001__1776984949114 | tenant=a1b2c3d4-0001-0000-0000-000000000001
2026-04-24 11:49:09 | INFO | [FIRESTORE] ✅ Retrieved 26 messages
2026-04-24 11:51:28 | INFO | [FIRESTORE] 💾 Saving message | session=58d3a4a1-98c2-4e21-9615-997d70594865__a1b2c3d4-0001-0000-0000-000000000001__1776984949114 | tenant=a1b2c3d4-0001-0000-0000-000000000001 | user=58d3a4a1-98c2-4e21-9615-997d70594865
2026-04-24 11:51:28 | INFO | [FIRESTORE] First message: False
2026-04-24 11:51:28 | INFO | [FIRESTORE] ✅ Message saved | doc_id=JwJ3BcFdILrPwckLi6D2
2026-04-24 11:51:29 | DEBUG | [FIRESTORE] Updated metadata for 58d3a4a1-98c2-4e21-9615-997d70594865__a1b2c3d4-0001-0000-0000-000000000001__1776984949114
2026-04-24 11:53:13 | INFO | [FIRESTORE] 📋 Getting user conversations | user=58d3a4a1-98c2-4e21-9615-997d70594865 | tenant=a1b2c3d4-0001-0000-0000-000000000001
2026-04-24 11:53:14 | INFO | [FIRESTORE] ✅ Found 4 conversations for user 58d3a4a1-98c2-4e21-9615-997d70594865
2026-04-24 11:57:15 | INFO | ✅ FirestoreConversationService initialisé
2026-04-24 11:57:53 | INFO | [FIRESTORE] 🧹 Cleaning old anonymous conversations > 1h
2026-04-24 11:57:55 | INFO | [FIRESTORE] ✅ Cleanup complete: 0 messages, 0 sessions
2026-04-24 11:59:32 | INFO | ✅ FirestoreConversationService initialisé
2026-04-24 12:00:04 | INFO | [FIRESTORE] 📖 Getting history | session=58d3a4a1-98c2-4e21-9615-997d70594865__a1b2c3d4-0001-0000-0000-000000000001__1776984949114 | tenant=a1b2c3d4-0001-0000-0000-000000000001
2026-04-24 12:00:06 | INFO | [FIRESTORE] ✅ Retrieved 27 messages
2026-04-24 12:00:09 | INFO | [FIRESTORE] 🧹 Cleaning old anonymous conversations > 1h
2026-04-24 12:00:09 | INFO | [FIRESTORE] ✅ Cleanup complete: 0 messages, 0 sessions
2026-04-24 12:04:22 | INFO | [FIRESTORE] 📋 Getting user conversations | user=58d3a4a1-98c2-4e21-9615-997d70594865 | tenant=a1b2c3d4-0001-0000-0000-000000000001
2026-04-24 12:04:23 | INFO | [FIRESTORE] ✅ Found 4 conversations for user 58d3a4a1-98c2-4e21-9615-997d70594865
2026-04-24 12:04:24 | INFO | [FIRESTORE] 📖 Getting history | session=58d3a4a1-98c2-4e21-9615-997d70594865__a1b2c3d4-0001-0000-0000-000000000001__1776984949114 | tenant=a1b2c3d4-0001-0000-0000-000000000001
2026-04-24 12:04:25 | INFO | [FIRESTORE] ✅ Retrieved 27 messages
2026-04-24 12:06:50 | INFO | [FIRESTORE] 💾 Saving message | session=58d3a4a1-98c2-4e21-9615-997d70594865__a1b2c3d4-0001-0000-0000-000000000001__1776984949114 | tenant=a1b2c3d4-0001-0000-0000-000000000001 | user=58d3a4a1-98c2-4e21-9615-997d70594865
2026-04-24 12:06:51 | INFO | [FIRESTORE] First message: False
2026-04-24 12:06:51 | INFO | [FIRESTORE] ✅ Message saved | doc_id=LPz6Q5msXY9sUOQ6hY5p
2026-04-24 12:06:51 | DEBUG | [FIRESTORE] Updated metadata for 58d3a4a1-98c2-4e21-9615-997d70594865__a1b2c3d4-0001-0000-0000-000000000001__1776984949114
2026-04-24 12:06:59 | INFO | ✅ FirestoreConversationService initialisé
2026-04-24 12:07:43 | INFO | [FIRESTORE] 🧹 Cleaning old anonymous conversations > 1h
2026-04-24 12:07:45 | INFO | [FIRESTORE] ✅ Cleanup complete: 0 messages, 0 sessions
2026-04-24 12:08:01 | INFO | [FIRESTORE] 📋 Getting user conversations | user=58d3a4a1-98c2-4e21-9615-997d70594865 | tenant=a1b2c3d4-0001-0000-0000-000000000001
2026-04-24 12:08:02 | INFO | [FIRESTORE] ✅ Found 4 conversations for user 58d3a4a1-98c2-4e21-9615-997d70594865
2026-04-24 12:08:05 | INFO | [FIRESTORE] 📖 Getting history | session=58d3a4a1-98c2-4e21-9615-997d70594865__a1b2c3d4-0001-0000-0000-000000000001__1776984949114 | tenant=a1b2c3d4-0001-0000-0000-000000000001
2026-04-24 12:08:05 | INFO | [FIRESTORE] ✅ Retrieved 28 messages
2026-04-24 12:10:21 | INFO | ✅ FirestoreConversationService initialisé
2026-04-24 12:10:23 | INFO | [FIRESTORE] 💾 Saving message | session=58d3a4a1-98c2-4e21-9615-997d70594865__a1b2c3d4-0001-0000-0000-000000000001__1776984949114 | tenant=a1b2c3d4-0001-0000-0000-000000000001 | user=58d3a4a1-98c2-4e21-9615-997d70594865
2026-04-24 12:10:23 | INFO | [FIRESTORE] First message: False
2026-04-24 12:10:23 | INFO | [FIRESTORE] ✅ Message saved | doc_id=9MfhMTAmoTV1DWwshwxK
2026-04-24 12:10:23 | DEBUG | [FIRESTORE] Updated metadata for 58d3a4a1-98c2-4e21-9615-997d70594865__a1b2c3d4-0001-0000-0000-000000000001__1776984949114
2026-04-24 12:10:55 | INFO | [FIRESTORE] 🧹 Cleaning old anonymous conversations > 1h
2026-04-24 12:10:56 | INFO | [FIRESTORE] ✅ Cleanup complete: 0 messages, 0 sessions
2026-04-24 12:16:31 | INFO | ✅ FirestoreConversationService initialisé
2026-04-24 12:17:12 | INFO | [FIRESTORE] 🧹 Cleaning old anonymous conversations > 1h
2026-04-24 12:17:13 | INFO | [FIRESTORE] ✅ Cleanup complete: 0 messages, 0 sessions
2026-04-24 12:18:24 | INFO | ✅ FirestoreConversationService initialisé
2026-04-24 12:19:11 | INFO | ✅ FirestoreConversationService initialisé
2026-04-24 12:19:40 | INFO | [FIRESTORE] 🧹 Cleaning old anonymous conversations > 1h
2026-04-24 12:19:41 | INFO | [FIRESTORE] ✅ Cleanup complete: 0 messages, 0 sessions
2026-04-24 12:19:57 | INFO | [FIRESTORE] 📋 Getting user conversations | user=58d3a4a1-98c2-4e21-9615-997d70594865 | tenant=a1b2c3d4-0001-0000-0000-000000000001
2026-04-24 12:19:58 | INFO | [FIRESTORE] ✅ Found 4 conversations for user 58d3a4a1-98c2-4e21-9615-997d70594865
2026-04-24 12:19:59 | INFO | [FIRESTORE] 📖 Getting history | session=58d3a4a1-98c2-4e21-9615-997d70594865__a1b2c3d4-0001-0000-0000-000000000001__1776984949114 | tenant=a1b2c3d4-0001-0000-0000-000000000001
2026-04-24 12:19:59 | INFO | [FIRESTORE] ✅ Retrieved 29 messages
2026-04-24 12:22:57 | INFO | [FIRESTORE] 💾 Saving message | session=58d3a4a1-98c2-4e21-9615-997d70594865__a1b2c3d4-0001-0000-0000-000000000001__1776984949114 | tenant=a1b2c3d4-0001-0000-0000-000000000001 | user=58d3a4a1-98c2-4e21-9615-997d70594865
2026-04-24 12:22:57 | INFO | [FIRESTORE] First message: False
2026-04-24 12:22:58 | INFO | [FIRESTORE] ✅ Message saved | doc_id=ebX3IkIgK5oleuKJRnpt
2026-04-24 12:22:58 | DEBUG | [FIRESTORE] Updated metadata for 58d3a4a1-98c2-4e21-9615-997d70594865__a1b2c3d4-0001-0000-0000-000000000001__1776984949114
2026-04-24 13:06:19 | INFO | ✅ FirestoreConversationService initialisé
2026-04-24 13:07:03 | INFO | [FIRESTORE] 🧹 Cleaning old anonymous conversations > 1h
2026-04-24 13:07:04 | INFO | [FIRESTORE] ✅ Cleanup complete: 0 messages, 0 sessions
2026-04-24 13:07:40 | INFO | [FIRESTORE] 📋 Getting user conversations | user=58d3a4a1-98c2-4e21-9615-997d70594865 | tenant=a1b2c3d4-0001-0000-0000-000000000001
2026-04-24 13:07:41 | INFO | [FIRESTORE] ✅ Found 4 conversations for user 58d3a4a1-98c2-4e21-9615-997d70594865
2026-04-24 13:07:43 | INFO | [FIRESTORE] 📖 Getting history | session=58d3a4a1-98c2-4e21-9615-997d70594865__a1b2c3d4-0001-0000-0000-000000000001__1776984949114 | tenant=a1b2c3d4-0001-0000-0000-000000000001
2026-04-24 13:07:44 | INFO | [FIRESTORE] ✅ Retrieved 30 messages
2026-04-24 13:13:25 | INFO | [FIRESTORE] 📋 Getting user conversations | user=58d3a4a1-98c2-4e21-9615-997d70594865 | tenant=a1b2c3d4-0001-0000-0000-000000000001
2026-04-24 13:13:26 | INFO | [FIRESTORE] ✅ Found 4 conversations for user 58d3a4a1-98c2-4e21-9615-997d70594865
2026-04-24 13:13:29 | INFO | [FIRESTORE] 📖 Getting history | session=58d3a4a1-98c2-4e21-9615-997d70594865__a1b2c3d4-0001-0000-0000-000000000001__1776984949114 | tenant=a1b2c3d4-0001-0000-0000-000000000001
2026-04-24 13:13:30 | INFO | [FIRESTORE] ✅ Retrieved 30 messages
2026-04-24 15:18:21 | INFO | ✅ FirestoreConversationService initialisé
2026-04-24 15:22:12 | INFO | ✅ FirestoreConversationService initialisé
2026-04-24 15:22:53 | INFO | [FIRESTORE] 🧹 Cleaning old anonymous conversations > 1h
2026-04-24 15:22:55 | INFO | [FIRESTORE] ✅ Cleanup complete: 0 messages, 0 sessions
2026-04-24 15:40:11 | INFO | [FIRESTORE] 📋 Getting user conversations | user=58d3a4a1-98c2-4e21-9615-997d70594865 | tenant=a1b2c3d4-0001-0000-0000-000000000001
2026-04-24 15:40:12 | INFO | [FIRESTORE] ✅ Found 4 conversations for user 58d3a4a1-98c2-4e21-9615-997d70594865
2026-04-24 15:40:14 | INFO | [FIRESTORE] 📖 Getting history | session=58d3a4a1-98c2-4e21-9615-997d70594865__a1b2c3d4-0001-0000-0000-000000000001__1776984949114 | tenant=a1b2c3d4-0001-0000-0000-000000000001
2026-04-24 15:40:14 | INFO | [FIRESTORE] ✅ Retrieved 30 messages
2026-04-24 15:41:34 | INFO | [FIRESTORE] 💾 Saving message | session=58d3a4a1-98c2-4e21-9615-997d70594865__a1b2c3d4-0001-0000-0000-000000000001__1776984949114 | tenant=a1b2c3d4-0001-0000-0000-000000000001 | user=58d3a4a1-98c2-4e21-9615-997d70594865
2026-04-24 15:41:35 | INFO | [FIRESTORE] First message: False
2026-04-24 15:41:35 | INFO | [FIRESTORE] ✅ Message saved | doc_id=4jB3ImdG9hIbkm3FmTZp
2026-04-24 15:41:35 | DEBUG | [FIRESTORE] Updated metadata for 58d3a4a1-98c2-4e21-9615-997d70594865__a1b2c3d4-0001-0000-0000-000000000001__1776984949114
2026-04-24 15:41:53 | INFO | [FIRESTORE] 📋 Getting user conversations | user=58d3a4a1-98c2-4e21-9615-997d70594865 | tenant=a1b2c3d4-0001-0000-0000-000000000001
2026-04-24 15:41:54 | INFO | [FIRESTORE] ✅ Found 4 conversations for user 58d3a4a1-98c2-4e21-9615-997d70594865
2026-04-24 15:41:57 | INFO | [FIRESTORE] 📖 Getting history | session=58d3a4a1-98c2-4e21-9615-997d70594865__a1b2c3d4-0001-0000-0000-000000000001__1776984949114 | tenant=a1b2c3d4-0001-0000-0000-000000000001
2026-04-24 15:41:57 | INFO | [FIRESTORE] ✅ Retrieved 31 messages
2026-04-24 15:42:05 | INFO | [FIRESTORE] 💾 Saving message | session=58d3a4a1-98c2-4e21-9615-997d70594865__a1b2c3d4-0001-0000-0000-000000000001__1776984949114 | tenant=a1b2c3d4-0001-0000-0000-000000000001 | user=58d3a4a1-98c2-4e21-9615-997d70594865
2026-04-24 15:42:05 | INFO | [FIRESTORE] First message: False
2026-04-24 15:42:05 | INFO | [FIRESTORE] ✅ Message saved | doc_id=hpbheN6rFN5JewINgqML
2026-04-24 15:42:06 | DEBUG | [FIRESTORE] Updated metadata for 58d3a4a1-98c2-4e21-9615-997d70594865__a1b2c3d4-0001-0000-0000-000000000001__1776984949114
2026-04-24 15:42:20 | INFO | [FIRESTORE] 💾 Saving message | session=58d3a4a1-98c2-4e21-9615-997d70594865__a1b2c3d4-0001-0000-0000-000000000001__1776984949114 | tenant=a1b2c3d4-0001-0000-0000-000000000001 | user=58d3a4a1-98c2-4e21-9615-997d70594865
2026-04-24 15:42:20 | INFO | [FIRESTORE] First message: False
2026-04-24 15:42:20 | INFO | [FIRESTORE] ✅ Message saved | doc_id=5ArFvTIe4zFOXNk24UDx
2026-04-24 15:42:20 | DEBUG | [FIRESTORE] Updated metadata for 58d3a4a1-98c2-4e21-9615-997d70594865__a1b2c3d4-0001-0000-0000-000000000001__1776984949114
2026-04-24 15:49:00 | INFO | ✅ FirestoreConversationService initialisé
2026-04-24 15:49:41 | INFO | [FIRESTORE] 🧹 Cleaning old anonymous conversations > 1h
2026-04-24 15:49:42 | INFO | [FIRESTORE] ✅ Cleanup complete: 0 messages, 0 sessions
2026-04-24 15:51:00 | INFO | [FIRESTORE] 📋 Getting user conversations | user=58d3a4a1-98c2-4e21-9615-997d70594865 | tenant=a1b2c3d4-0001-0000-0000-000000000001
2026-04-24 15:51:01 | INFO | [FIRESTORE] ✅ Found 4 conversations for user 58d3a4a1-98c2-4e21-9615-997d70594865
2026-04-24 15:51:03 | INFO | [FIRESTORE] 📖 Getting history | session=58d3a4a1-98c2-4e21-9615-997d70594865__a1b2c3d4-0001-0000-0000-000000000001__1776984949114 | tenant=a1b2c3d4-0001-0000-0000-000000000001
2026-04-24 15:51:04 | INFO | [FIRESTORE] ✅ Retrieved 33 messages
2026-04-24 15:51:21 | INFO | [FIRESTORE] 💾 Saving message | session=58d3a4a1-98c2-4e21-9615-997d70594865__a1b2c3d4-0001-0000-0000-000000000001__1776984949114 | tenant=a1b2c3d4-0001-0000-0000-000000000001 | user=58d3a4a1-98c2-4e21-9615-997d70594865
2026-04-24 15:51:21 | INFO | [FIRESTORE] First message: False
2026-04-24 15:51:21 | INFO | [FIRESTORE] ✅ Message saved | doc_id=rrLKVN9wOr8YPxDlxGhC
2026-04-24 15:51:21 | DEBUG | [FIRESTORE] Updated metadata for 58d3a4a1-98c2-4e21-9615-997d70594865__a1b2c3d4-0001-0000-0000-000000000001__1776984949114
2026-04-24 15:54:38 | INFO | ✅ FirestoreConversationService initialisé
2026-04-24 15:55:10 | INFO | [FIRESTORE] 🧹 Cleaning old anonymous conversations > 1h
2026-04-24 15:55:11 | INFO | [FIRESTORE] ✅ Cleanup complete: 0 messages, 0 sessions
2026-04-24 15:59:30 | INFO | [FIRESTORE] 📋 Getting user conversations | user=58d3a4a1-98c2-4e21-9615-997d70594865 | tenant=a1b2c3d4-0001-0000-0000-000000000001
2026-04-24 15:59:31 | INFO | [FIRESTORE] ✅ Found 4 conversations for user 58d3a4a1-98c2-4e21-9615-997d70594865
2026-04-24 15:59:33 | INFO | [FIRESTORE] 📖 Getting history | session=58d3a4a1-98c2-4e21-9615-997d70594865__a1b2c3d4-0001-0000-0000-000000000001__1776984949114 | tenant=a1b2c3d4-0001-0000-0000-000000000001
2026-04-24 15:59:33 | INFO | [FIRESTORE] ✅ Retrieved 34 messages
2026-04-24 16:03:06 | INFO | ✅ FirestoreConversationService initialisé
2026-04-24 16:03:40 | INFO | [FIRESTORE] 🧹 Cleaning old anonymous conversations > 1h
2026-04-24 16:03:41 | INFO | [FIRESTORE] ✅ Cleanup complete: 0 messages, 0 sessions
2026-04-24 16:10:16 | INFO | ✅ FirestoreConversationService initialisé
2026-04-24 16:10:54 | INFO | [FIRESTORE] 🧹 Cleaning old anonymous conversations > 1h
2026-04-24 16:10:55 | INFO | [FIRESTORE] ✅ Cleanup complete: 0 messages, 0 sessions
2026-04-24 16:11:05 | INFO | [FIRESTORE] 📋 Getting user conversations | user=58d3a4a1-98c2-4e21-9615-997d70594865 | tenant=a1b2c3d4-0001-0000-0000-000000000001
2026-04-24 16:11:06 | INFO | [FIRESTORE] ✅ Found 4 conversations for user 58d3a4a1-98c2-4e21-9615-997d70594865
2026-04-24 16:11:10 | INFO | [FIRESTORE] 📖 Getting history | session=58d3a4a1-98c2-4e21-9615-997d70594865__a1b2c3d4-0001-0000-0000-000000000001__1776984949114 | tenant=a1b2c3d4-0001-0000-0000-000000000001
2026-04-24 16:11:10 | INFO | [FIRESTORE] ✅ Retrieved 34 messages
2026-04-24 16:12:47 | INFO | [FIRESTORE] 💾 Saving message | session=58d3a4a1-98c2-4e21-9615-997d70594865__a1b2c3d4-0001-0000-0000-000000000001__1776984949114 | tenant=a1b2c3d4-0001-0000-0000-000000000001 | user=58d3a4a1-98c2-4e21-9615-997d70594865
2026-04-24 16:12:48 | INFO | [FIRESTORE] First message: False
2026-04-24 16:12:48 | INFO | [FIRESTORE] ✅ Message saved | doc_id=A9uEOUVGxe2aPSptBiRE
2026-04-24 16:12:48 | DEBUG | [FIRESTORE] Updated metadata for 58d3a4a1-98c2-4e21-9615-997d70594865__a1b2c3d4-0001-0000-0000-000000000001__1776984949114
2026-04-24 16:17:02 | INFO | ✅ FirestoreConversationService initialisé
2026-04-24 16:17:47 | INFO | [FIRESTORE] 🧹 Cleaning old anonymous conversations > 1h
2026-04-24 16:17:49 | INFO | [FIRESTORE] ✅ Cleanup complete: 0 messages, 0 sessions
2026-04-24 16:18:10 | INFO | ✅ FirestoreConversationService initialisé
2026-04-24 16:18:53 | INFO | [FIRESTORE] 🧹 Cleaning old anonymous conversations > 1h
2026-04-24 16:18:54 | INFO | [FIRESTORE] ✅ Cleanup complete: 0 messages, 0 sessions
2026-04-24 17:53:01 | INFO | ✅ FirestoreConversationService initialisé
2026-04-24 17:53:52 | INFO | [FIRESTORE] 🧹 Cleaning old anonymous conversations > 1h
2026-04-24 17:53:54 | INFO | [FIRESTORE] ✅ Cleanup complete: 0 messages, 0 sessions
2026-04-24 17:53:55 | INFO | [FIRESTORE] 📋 Getting user conversations | user=58d3a4a1-98c2-4e21-9615-997d70594865 | tenant=a1b2c3d4-0001-0000-0000-000000000001
2026-04-24 17:53:56 | INFO | [FIRESTORE] ✅ Found 4 conversations for user 58d3a4a1-98c2-4e21-9615-997d70594865
2026-04-24 17:53:59 | INFO | [FIRESTORE] 📖 Getting history | session=58d3a4a1-98c2-4e21-9615-997d70594865__a1b2c3d4-0001-0000-0000-000000000001__1776984949114 | tenant=a1b2c3d4-0001-0000-0000-000000000001
2026-04-24 17:54:00 | INFO | [FIRESTORE] ✅ Retrieved 35 messages
2026-04-24 17:55:09 | INFO | [FIRESTORE] 💾 Saving message | session=58d3a4a1-98c2-4e21-9615-997d70594865__a1b2c3d4-0001-0000-0000-000000000001__1776984949114 | tenant=a1b2c3d4-0001-0000-0000-000000000001 | user=58d3a4a1-98c2-4e21-9615-997d70594865
2026-04-24 17:55:10 | INFO | [FIRESTORE] First message: False
2026-04-24 17:55:10 | INFO | [FIRESTORE] ✅ Message saved | doc_id=eBrUOCtc62M05QCASB5R
2026-04-24 17:55:10 | DEBUG | [FIRESTORE] Updated metadata for 58d3a4a1-98c2-4e21-9615-997d70594865__a1b2c3d4-0001-0000-0000-000000000001__1776984949114
2026-04-24 17:57:59 | INFO | [FIRESTORE] 📋 Getting user conversations | user=58d3a4a1-98c2-4e21-9615-997d70594865 | tenant=a1b2c3d4-0001-0000-0000-000000000001
2026-04-24 17:58:00 | INFO | [FIRESTORE] ✅ Found 4 conversations for user 58d3a4a1-98c2-4e21-9615-997d70594865
2026-04-24 17:58:37 | INFO | [FIRESTORE] 💾 Saving message | session=58d3a4a1-98c2-4e21-9615-997d70594865__a1b2c3d4-0001-0000-0000-000000000001__1777049879063 | tenant=a1b2c3d4-0001-0000-0000-000000000001 | user=58d3a4a1-98c2-4e21-9615-997d70594865
2026-04-24 17:58:37 | INFO | [FIRESTORE] First message: True
2026-04-24 17:58:38 | INFO | [FIRESTORE] ✅ Message saved | doc_id=ThRielg6Xg0t0j2d1m6q
2026-04-24 17:58:38 | INFO | [FIRESTORE] ✅ Session metadata created for 58d3a4a1-98c2-4e21-9615-997d70594865__a1b2c3d4-0001-0000-0000-000000000001__1777049879063
2026-04-24 17:59:13 | INFO | [FIRESTORE] 📋 Getting user conversations | user=58d3a4a1-98c2-4e21-9615-997d70594865 | tenant=a1b2c3d4-0001-0000-0000-000000000001
2026-04-24 17:59:15 | INFO | [FIRESTORE] ✅ Found 5 conversations for user 58d3a4a1-98c2-4e21-9615-997d70594865
2026-04-24 17:59:23 | INFO | [FIRESTORE] 📖 Getting history | session=58d3a4a1-98c2-4e21-9615-997d70594865__a1b2c3d4-0001-0000-0000-000000000001__1777049879063 | tenant=a1b2c3d4-0001-0000-0000-000000000001
2026-04-24 17:59:23 | INFO | [FIRESTORE] ✅ Retrieved 1 messages
2026-04-24 18:00:43 | INFO | [FIRESTORE] 💾 Saving message | session=58d3a4a1-98c2-4e21-9615-997d70594865__a1b2c3d4-0001-0000-0000-000000000001__1777049879063 | tenant=a1b2c3d4-0001-0000-0000-000000000001 | user=58d3a4a1-98c2-4e21-9615-997d70594865
2026-04-24 18:00:44 | INFO | [FIRESTORE] First message: False
2026-04-24 18:00:44 | INFO | [FIRESTORE] ✅ Message saved | doc_id=XE95mfkv5aPcO9xFAGnU
2026-04-24 18:00:44 | DEBUG | [FIRESTORE] Updated metadata for 58d3a4a1-98c2-4e21-9615-997d70594865__a1b2c3d4-0001-0000-0000-000000000001__1777049879063
2026-04-24 18:04:20 | INFO | [FIRESTORE] 📋 Getting user conversations | user=58d3a4a1-98c2-4e21-9615-997d70594865 | tenant=a1b2c3d4-0001-0000-0000-000000000001
2026-04-24 18:04:21 | INFO | [FIRESTORE] ✅ Found 5 conversations for user 58d3a4a1-98c2-4e21-9615-997d70594865
2026-04-24 18:04:24 | INFO | [FIRESTORE] 📖 Getting history | session=58d3a4a1-98c2-4e21-9615-997d70594865__a1b2c3d4-0001-0000-0000-000000000001__1777049879063 | tenant=a1b2c3d4-0001-0000-0000-000000000001
2026-04-24 18:04:25 | INFO | [FIRESTORE] ✅ Retrieved 2 messages
2026-04-24 18:08:52 | INFO | ✅ FirestoreConversationService initialisé
2026-04-24 18:09:21 | INFO | [FIRESTORE] 📖 Getting history | session=58d3a4a1-98c2-4e21-9615-997d70594865__a1b2c3d4-0001-0000-0000-000000000001__1776984949114 | tenant=a1b2c3d4-0001-0000-0000-000000000001
2026-04-24 18:09:23 | INFO | [FIRESTORE] ✅ Retrieved 36 messages
2026-04-24 18:09:26 | INFO | [FIRESTORE] 🧹 Cleaning old anonymous conversations > 1h
2026-04-24 18:09:26 | INFO | [FIRESTORE] ✅ Cleanup complete: 0 messages, 0 sessions
2026-04-24 18:09:26 | INFO | [FIRESTORE] 📋 Getting user conversations | user=58d3a4a1-98c2-4e21-9615-997d70594865 | tenant=a1b2c3d4-0001-0000-0000-000000000001
2026-04-24 18:09:27 | INFO | [FIRESTORE] ✅ Found 5 conversations for user 58d3a4a1-98c2-4e21-9615-997d70594865
2026-04-24 18:09:32 | INFO | [FIRESTORE] 📖 Getting history | session=58d3a4a1-98c2-4e21-9615-997d70594865__a1b2c3d4-0001-0000-0000-000000000001__1776984949114 | tenant=a1b2c3d4-0001-0000-0000-000000000001
2026-04-24 18:09:33 | INFO | [FIRESTORE] ✅ Retrieved 36 messages
2026-04-24 18:09:55 | INFO | [FIRESTORE] 💾 Saving message | session=58d3a4a1-98c2-4e21-9615-997d70594865__a1b2c3d4-0001-0000-0000-000000000001__1776984949114 | tenant=a1b2c3d4-0001-0000-0000-000000000001 | user=58d3a4a1-98c2-4e21-9615-997d70594865
2026-04-24 18:09:56 | INFO | [FIRESTORE] First message: False
2026-04-24 18:09:56 | INFO | [FIRESTORE] ✅ Message saved | doc_id=dRKxaU36tjTOczSmPkI4
2026-04-24 18:09:56 | DEBUG | [FIRESTORE] Updated metadata for 58d3a4a1-98c2-4e21-9615-997d70594865__a1b2c3d4-0001-0000-0000-000000000001__1776984949114
2026-04-24 18:10:35 | INFO | ✅ FirestoreConversationService initialisé
2026-04-24 18:11:09 | INFO | [FIRESTORE] 🧹 Cleaning old anonymous conversations > 1h
2026-04-24 18:11:11 | INFO | [FIRESTORE] ✅ Cleanup complete: 0 messages, 0 sessions
2026-04-24 18:12:59 | INFO | ✅ FirestoreConversationService initialisé
2026-04-24 18:13:29 | INFO | [FIRESTORE] 📋 Getting user conversations | user=58d3a4a1-98c2-4e21-9615-997d70594865 | tenant=a1b2c3d4-0001-0000-0000-000000000001
2026-04-24 18:13:31 | INFO | [FIRESTORE] ✅ Found 5 conversations for user 58d3a4a1-98c2-4e21-9615-997d70594865
2026-04-24 18:13:31 | INFO | [FIRESTORE] 📋 Getting user conversations | user=58d3a4a1-98c2-4e21-9615-997d70594865 | tenant=a1b2c3d4-0001-0000-0000-000000000001
2026-04-24 18:13:32 | INFO | [FIRESTORE] ✅ Found 5 conversations for user 58d3a4a1-98c2-4e21-9615-997d70594865
2026-04-24 18:13:33 | INFO | [FIRESTORE] 🧹 Cleaning old anonymous conversations > 1h
2026-04-24 18:13:33 | INFO | [FIRESTORE] ✅ Cleanup complete: 0 messages, 0 sessions
2026-04-24 18:13:35 | INFO | [FIRESTORE] 📖 Getting history | session=58d3a4a1-98c2-4e21-9615-997d70594865__a1b2c3d4-0001-0000-0000-000000000001__1776984949114 | tenant=a1b2c3d4-0001-0000-0000-000000000001
2026-04-24 18:13:35 | INFO | [FIRESTORE] ✅ Retrieved 37 messages
2026-04-24 18:14:23 | INFO | [FIRESTORE] 💾 Saving message | session=58d3a4a1-98c2-4e21-9615-997d70594865__a1b2c3d4-0001-0000-0000-000000000001__1776984949114 | tenant=a1b2c3d4-0001-0000-0000-000000000001 | user=58d3a4a1-98c2-4e21-9615-997d70594865
2026-04-24 18:14:24 | INFO | [FIRESTORE] First message: False
2026-04-24 18:14:24 | INFO | [FIRESTORE] ✅ Message saved | doc_id=dF3xO5wYAbLsx2s61pyX
2026-04-24 18:14:24 | DEBUG | [FIRESTORE] Updated metadata for 58d3a4a1-98c2-4e21-9615-997d70594865__a1b2c3d4-0001-0000-0000-000000000001__1776984949114
2026-04-24 18:18:33 | INFO | [FIRESTORE] 📋 Getting user conversations | user=58d3a4a1-98c2-4e21-9615-997d70594865 | tenant=a1b2c3d4-0001-0000-0000-000000000001
2026-04-24 18:18:34 | INFO | [FIRESTORE] ✅ Found 5 conversations for user 58d3a4a1-98c2-4e21-9615-997d70594865
2026-04-24 18:18:46 | INFO | ✅ FirestoreConversationService initialisé
2026-04-24 18:19:17 | INFO | [FIRESTORE] 📖 Getting history | session=58d3a4a1-98c2-4e21-9615-997d70594865__a1b2c3d4-0001-0000-0000-000000000001__1776984949114 | tenant=a1b2c3d4-0001-0000-0000-000000000001
2026-04-24 18:19:19 | INFO | [FIRESTORE] ✅ Retrieved 38 messages
2026-04-24 18:19:21 | INFO | [FIRESTORE] 📋 Getting user conversations | user=58d3a4a1-98c2-4e21-9615-997d70594865 | tenant=a1b2c3d4-0001-0000-0000-000000000001
2026-04-24 18:19:22 | INFO | [FIRESTORE] ✅ Found 5 conversations for user 58d3a4a1-98c2-4e21-9615-997d70594865
2026-04-24 18:19:22 | INFO | [FIRESTORE] 🧹 Cleaning old anonymous conversations > 1h
2026-04-24 18:19:22 | INFO | [FIRESTORE] ✅ Cleanup complete: 0 messages, 0 sessions
2026-04-24 18:19:24 | INFO | [FIRESTORE] 📖 Getting history | session=58d3a4a1-98c2-4e21-9615-997d70594865__a1b2c3d4-0001-0000-0000-000000000001__1776984949114 | tenant=a1b2c3d4-0001-0000-0000-000000000001
2026-04-24 18:19:24 | INFO | [FIRESTORE] ✅ Retrieved 38 messages
2026-04-24 18:19:45 | INFO | [FIRESTORE] 💾 Saving message | session=58d3a4a1-98c2-4e21-9615-997d70594865__a1b2c3d4-0001-0000-0000-000000000001__1776984949114 | tenant=a1b2c3d4-0001-0000-0000-000000000001 | user=58d3a4a1-98c2-4e21-9615-997d70594865
2026-04-24 18:19:45 | INFO | [FIRESTORE] First message: False
2026-04-24 18:19:45 | INFO | [FIRESTORE] ✅ Message saved | doc_id=2sXH0YEeT9WoLqzJjEah
2026-04-24 18:19:46 | DEBUG | [FIRESTORE] Updated metadata for 58d3a4a1-98c2-4e21-9615-997d70594865__a1b2c3d4-0001-0000-0000-000000000001__1776984949114
2026-04-24 18:20:31 | INFO | ✅ FirestoreConversationService initialisé
2026-04-24 18:21:36 | INFO | ✅ FirestoreConversationService initialisé
2026-04-24 18:22:00 | INFO | [FIRESTORE] 📋 Getting user conversations | user=58d3a4a1-98c2-4e21-9615-997d70594865 | tenant=a1b2c3d4-0001-0000-0000-000000000001
2026-04-24 18:22:01 | INFO | [FIRESTORE] ✅ Found 5 conversations for user 58d3a4a1-98c2-4e21-9615-997d70594865
2026-04-24 18:22:04 | INFO | [FIRESTORE] 🧹 Cleaning old anonymous conversations > 1h
2026-04-24 18:22:04 | INFO | [FIRESTORE] ✅ Cleanup complete: 0 messages, 0 sessions
2026-04-24 18:22:16 | INFO | [FIRESTORE] 📖 Getting history | session=58d3a4a1-98c2-4e21-9615-997d70594865__a1b2c3d4-0001-0000-0000-000000000001__1776984949114 | tenant=a1b2c3d4-0001-0000-0000-000000000001
2026-04-24 18:22:16 | INFO | [FIRESTORE] ✅ Retrieved 39 messages
2026-04-24 18:22:44 | INFO | [FIRESTORE] 💾 Saving message | session=58d3a4a1-98c2-4e21-9615-997d70594865__a1b2c3d4-0001-0000-0000-000000000001__1776984949114 | tenant=a1b2c3d4-0001-0000-0000-000000000001 | user=58d3a4a1-98c2-4e21-9615-997d70594865
2026-04-24 18:22:44 | INFO | [FIRESTORE] First message: False
2026-04-24 18:22:44 | INFO | [FIRESTORE] ✅ Message saved | doc_id=KHx5jOh96dxS5f9EEZsR
2026-04-24 18:22:44 | DEBUG | [FIRESTORE] Updated metadata for 58d3a4a1-98c2-4e21-9615-997d70594865__a1b2c3d4-0001-0000-0000-000000000001__1776984949114
2026-04-24 18:24:30 | INFO | [FIRESTORE] 📋 Getting user conversations | user=58d3a4a1-98c2-4e21-9615-997d70594865 | tenant=a1b2c3d4-0001-0000-0000-000000000001
2026-04-24 18:24:31 | INFO | [FIRESTORE] ✅ Found 5 conversations for user 58d3a4a1-98c2-4e21-9615-997d70594865
2026-04-24 18:24:33 | INFO | [FIRESTORE] 📖 Getting history | session=58d3a4a1-98c2-4e21-9615-997d70594865__a1b2c3d4-0001-0000-0000-000000000001__1776984949114 | tenant=a1b2c3d4-0001-0000-0000-000000000001
2026-04-24 18:24:33 | INFO | [FIRESTORE] ✅ Retrieved 40 messages
2026-04-24 18:25:35 | INFO | [FIRESTORE] 💾 Saving message | session=58d3a4a1-98c2-4e21-9615-997d70594865__a1b2c3d4-0001-0000-0000-000000000001__1776984949114 | tenant=a1b2c3d4-0001-0000-0000-000000000001 | user=58d3a4a1-98c2-4e21-9615-997d70594865
2026-04-24 18:25:36 | INFO | [FIRESTORE] First message: False
2026-04-24 18:25:36 | INFO | [FIRESTORE] ✅ Message saved | doc_id=x9Vxmwv2fx1kQWnlBsqN
2026-04-24 18:25:36 | DEBUG | [FIRESTORE] Updated metadata for 58d3a4a1-98c2-4e21-9615-997d70594865__a1b2c3d4-0001-0000-0000-000000000001__1776984949114
2026-04-24 18:26:13 | INFO | [FIRESTORE] 💾 Saving message | session=58d3a4a1-98c2-4e21-9615-997d70594865__a1b2c3d4-0001-0000-0000-000000000001__1776984949114 | tenant=a1b2c3d4-0001-0000-0000-000000000001 | user=58d3a4a1-98c2-4e21-9615-997d70594865
2026-04-24 18:26:13 | INFO | [FIRESTORE] First message: False
2026-04-24 18:26:13 | INFO | [FIRESTORE] ✅ Message saved | doc_id=uNPyM0L3FsQW6q7Vx1dp
2026-04-24 18:26:13 | DEBUG | [FIRESTORE] Updated metadata for 58d3a4a1-98c2-4e21-9615-997d70594865__a1b2c3d4-0001-0000-0000-000000000001__1776984949114
2026-04-24 18:26:33 | INFO | [FIRESTORE] 📋 Getting user conversations | user=58d3a4a1-98c2-4e21-9615-997d70594865 | tenant=a1b2c3d4-0001-0000-0000-000000000001
2026-04-24 18:26:34 | INFO | [FIRESTORE] ✅ Found 5 conversations for user 58d3a4a1-98c2-4e21-9615-997d70594865
2026-04-24 18:26:35 | INFO | [FIRESTORE] 📖 Getting history | session=58d3a4a1-98c2-4e21-9615-997d70594865__a1b2c3d4-0001-0000-0000-000000000001__1776984949114 | tenant=a1b2c3d4-0001-0000-0000-000000000001
2026-04-24 18:26:35 | INFO | [FIRESTORE] ✅ Retrieved 42 messages
2026-04-24 18:28:15 | INFO | [FIRESTORE] 💾 Saving message | session=58d3a4a1-98c2-4e21-9615-997d70594865__a1b2c3d4-0001-0000-0000-000000000001__1776984949114 | tenant=a1b2c3d4-0001-0000-0000-000000000001 | user=58d3a4a1-98c2-4e21-9615-997d70594865
2026-04-24 18:28:15 | INFO | [FIRESTORE] First message: False
2026-04-24 18:28:15 | INFO | [FIRESTORE] ✅ Message saved | doc_id=k6zU7v2tAqBn4A3ZrDrG
2026-04-24 18:28:15 | DEBUG | [FIRESTORE] Updated metadata for 58d3a4a1-98c2-4e21-9615-997d70594865__a1b2c3d4-0001-0000-0000-000000000001__1776984949114
2026-04-24 18:31:30 | INFO | ✅ FirestoreConversationService initialisé
2026-04-24 18:32:01 | INFO | [FIRESTORE] 🧹 Cleaning old anonymous conversations > 1h
2026-04-24 18:32:02 | INFO | [FIRESTORE] ✅ Cleanup complete: 0 messages, 0 sessions
2026-04-24 18:32:24 | INFO | [FIRESTORE] 📋 Getting user conversations | user=58d3a4a1-98c2-4e21-9615-997d70594865 | tenant=a1b2c3d4-0001-0000-0000-000000000001
2026-04-24 18:32:25 | INFO | [FIRESTORE] ✅ Found 5 conversations for user 58d3a4a1-98c2-4e21-9615-997d70594865
2026-04-24 18:32:27 | INFO | [FIRESTORE] 📖 Getting history | session=58d3a4a1-98c2-4e21-9615-997d70594865__a1b2c3d4-0001-0000-0000-000000000001__1776984949114 | tenant=a1b2c3d4-0001-0000-0000-000000000001
2026-04-24 18:32:27 | INFO | [FIRESTORE] ✅ Retrieved 43 messages
2026-04-24 18:33:13 | INFO | [FIRESTORE] 💾 Saving message | session=58d3a4a1-98c2-4e21-9615-997d70594865__a1b2c3d4-0001-0000-0000-000000000001__1776984949114 | tenant=a1b2c3d4-0001-0000-0000-000000000001 | user=58d3a4a1-98c2-4e21-9615-997d70594865
2026-04-24 18:33:14 | INFO | [FIRESTORE] First message: False
2026-04-24 18:33:14 | INFO | [FIRESTORE] ✅ Message saved | doc_id=b1z6OGu6UINWZL4flSYD
2026-04-24 18:33:14 | DEBUG | [FIRESTORE] Updated metadata for 58d3a4a1-98c2-4e21-9615-997d70594865__a1b2c3d4-0001-0000-0000-000000000001__1776984949114
2026-04-24 18:37:13 | INFO | ✅ FirestoreConversationService initialisé
2026-04-24 18:37:56 | INFO | [FIRESTORE] 🧹 Cleaning old anonymous conversations > 1h
2026-04-24 18:37:58 | INFO | [FIRESTORE] ✅ Cleanup complete: 0 messages, 0 sessions
2026-04-24 18:39:43 | INFO | ✅ FirestoreConversationService initialisé
2026-04-24 18:40:28 | INFO | ✅ FirestoreConversationService initialisé
2026-04-24 18:40:53 | INFO | [FIRESTORE] 📋 Getting user conversations | user=58d3a4a1-98c2-4e21-9615-997d70594865 | tenant=a1b2c3d4-0001-0000-0000-000000000001
2026-04-24 18:40:55 | INFO | [FIRESTORE] ✅ Found 5 conversations for user 58d3a4a1-98c2-4e21-9615-997d70594865
2026-04-24 18:40:55 | INFO | [FIRESTORE] 📋 Getting user conversations | user=58d3a4a1-98c2-4e21-9615-997d70594865 | tenant=a1b2c3d4-0001-0000-0000-000000000001
2026-04-24 18:40:57 | INFO | [FIRESTORE] ✅ Found 5 conversations for user 58d3a4a1-98c2-4e21-9615-997d70594865
2026-04-24 18:40:57 | INFO | [FIRESTORE] 🧹 Cleaning old anonymous conversations > 1h
2026-04-24 18:40:58 | INFO | [FIRESTORE] ✅ Cleanup complete: 0 messages, 0 sessions
2026-04-24 18:40:58 | INFO | [FIRESTORE] 📖 Getting history | session=58d3a4a1-98c2-4e21-9615-997d70594865__a1b2c3d4-0001-0000-0000-000000000001__1776984949114 | tenant=a1b2c3d4-0001-0000-0000-000000000001
2026-04-24 18:40:58 | INFO | [FIRESTORE] ✅ Retrieved 44 messages
2026-04-24 18:41:21 | INFO | [FIRESTORE] 💾 Saving message | session=58d3a4a1-98c2-4e21-9615-997d70594865__a1b2c3d4-0001-0000-0000-000000000001__1776984949114 | tenant=a1b2c3d4-0001-0000-0000-000000000001 | user=58d3a4a1-98c2-4e21-9615-997d70594865
2026-04-24 18:41:21 | INFO | [FIRESTORE] First message: False
2026-04-24 18:41:21 | INFO | [FIRESTORE] ✅ Message saved | doc_id=5BmwsZvnZMdGxOfFytGA
2026-04-24 18:41:21 | DEBUG | [FIRESTORE] Updated metadata for 58d3a4a1-98c2-4e21-9615-997d70594865__a1b2c3d4-0001-0000-0000-000000000001__1776984949114
2026-04-24 18:43:15 | INFO | ✅ FirestoreConversationService initialisé
2026-04-24 18:43:44 | INFO | [FIRESTORE] 📋 Getting user conversations | user=58d3a4a1-98c2-4e21-9615-997d70594865 | tenant=a1b2c3d4-0001-0000-0000-000000000001
2026-04-24 18:43:46 | INFO | [FIRESTORE] ✅ Found 5 conversations for user 58d3a4a1-98c2-4e21-9615-997d70594865
2026-04-24 18:43:48 | INFO | [FIRESTORE] 🧹 Cleaning old anonymous conversations > 1h
2026-04-24 18:43:49 | INFO | [FIRESTORE] ✅ Cleanup complete: 0 messages, 0 sessions
2026-04-24 18:44:13 | INFO | [FIRESTORE] 📖 Getting history | session=58d3a4a1-98c2-4e21-9615-997d70594865__a1b2c3d4-0001-0000-0000-000000000001__1776984949114 | tenant=a1b2c3d4-0001-0000-0000-000000000001
2026-04-24 18:44:13 | INFO | [FIRESTORE] ✅ Retrieved 45 messages
2026-04-24 18:44:53 | INFO | [FIRESTORE] 💾 Saving message | session=58d3a4a1-98c2-4e21-9615-997d70594865__a1b2c3d4-0001-0000-0000-000000000001__1776984949114 | tenant=a1b2c3d4-0001-0000-0000-000000000001 | user=58d3a4a1-98c2-4e21-9615-997d70594865
2026-04-24 18:44:53 | INFO | [FIRESTORE] First message: False
2026-04-24 18:44:53 | INFO | [FIRESTORE] ✅ Message saved | doc_id=LM46qYm0YHlcR38s34pA
2026-04-24 18:44:53 | DEBUG | [FIRESTORE] Updated metadata for 58d3a4a1-98c2-4e21-9615-997d70594865__a1b2c3d4-0001-0000-0000-000000000001__1776984949114
2026-04-24 18:45:21 | INFO | [FIRESTORE] 📋 Getting user conversations | user=58d3a4a1-98c2-4e21-9615-997d70594865 | tenant=a1b2c3d4-0001-0000-0000-000000000001
2026-04-24 18:45:22 | INFO | [FIRESTORE] ✅ Found 5 conversations for user 58d3a4a1-98c2-4e21-9615-997d70594865
2026-04-24 18:45:35 | INFO | ✅ FirestoreConversationService initialisé
2026-04-24 18:46:05 | INFO | [FIRESTORE] 📖 Getting history | session=58d3a4a1-98c2-4e21-9615-997d70594865__a1b2c3d4-0001-0000-0000-000000000001__1776984949114 | tenant=a1b2c3d4-0001-0000-0000-000000000001
2026-04-24 18:46:07 | INFO | [FIRESTORE] ✅ Retrieved 46 messages
2026-04-24 18:46:10 | INFO | [FIRESTORE] 🧹 Cleaning old anonymous conversations > 1h
2026-04-24 18:46:10 | INFO | [FIRESTORE] ✅ Cleanup complete: 0 messages, 0 sessions
2026-04-24 18:50:22 | INFO | ✅ FirestoreConversationService initialisé
2026-04-24 18:51:02 | INFO | [FIRESTORE] 🧹 Cleaning old anonymous conversations > 1h
2026-04-24 18:51:03 | INFO | [FIRESTORE] ✅ Cleanup complete: 0 messages, 0 sessions
2026-04-24 18:52:57 | INFO | [FIRESTORE] 💾 Saving message | session=58d3a4a1-98c2-4e21-9615-997d70594865__a1b2c3d4-0001-0000-0000-000000000001__1776984949114 | tenant=a1b2c3d4-0001-0000-0000-000000000001 | user=58d3a4a1-98c2-4e21-9615-997d70594865
2026-04-24 18:52:58 | INFO | [FIRESTORE] First message: False
2026-04-24 18:52:58 | INFO | [FIRESTORE] ✅ Message saved | doc_id=8Q7M8YBsAkIzXchYVfWF
2026-04-24 18:52:58 | DEBUG | [FIRESTORE] Updated metadata for 58d3a4a1-98c2-4e21-9615-997d70594865__a1b2c3d4-0001-0000-0000-000000000001__1776984949114
2026-04-24 18:53:51 | INFO | [FIRESTORE] 📋 Getting user conversations | user=58d3a4a1-98c2-4e21-9615-997d70594865 | tenant=a1b2c3d4-0001-0000-0000-000000000001
2026-04-24 18:53:53 | INFO | [FIRESTORE] ✅ Found 5 conversations for user 58d3a4a1-98c2-4e21-9615-997d70594865
2026-04-24 18:53:56 | INFO | [FIRESTORE] 📖 Getting history | session=58d3a4a1-98c2-4e21-9615-997d70594865__a1b2c3d4-0001-0000-0000-000000000001__1776984949114 | tenant=a1b2c3d4-0001-0000-0000-000000000001
2026-04-24 18:53:56 | INFO | [FIRESTORE] ✅ Retrieved 47 messages
2026-04-24 18:54:25 | INFO | [FIRESTORE] 💾 Saving message | session=58d3a4a1-98c2-4e21-9615-997d70594865__a1b2c3d4-0001-0000-0000-000000000001__1776984949114 | tenant=a1b2c3d4-0001-0000-0000-000000000001 | user=58d3a4a1-98c2-4e21-9615-997d70594865
2026-04-24 18:54:26 | INFO | [FIRESTORE] First message: False
2026-04-24 18:54:26 | INFO | [FIRESTORE] ✅ Message saved | doc_id=NnnVAFDP9UjX3RsVjkZE
2026-04-24 18:54:26 | DEBUG | [FIRESTORE] Updated metadata for 58d3a4a1-98c2-4e21-9615-997d70594865__a1b2c3d4-0001-0000-0000-000000000001__1776984949114
2026-04-24 18:55:04 | INFO | [FIRESTORE] 💾 Saving message | session=58d3a4a1-98c2-4e21-9615-997d70594865__a1b2c3d4-0001-0000-0000-000000000001__1776984949114 | tenant=a1b2c3d4-0001-0000-0000-000000000001 | user=58d3a4a1-98c2-4e21-9615-997d70594865
2026-04-24 18:55:05 | INFO | [FIRESTORE] First message: False
2026-04-24 18:55:05 | INFO | [FIRESTORE] ✅ Message saved | doc_id=LRxN3xm2WhcuH8p8hjj8
2026-04-24 18:55:05 | DEBUG | [FIRESTORE] Updated metadata for 58d3a4a1-98c2-4e21-9615-997d70594865__a1b2c3d4-0001-0000-0000-000000000001__1776984949114
2026-04-24 18:55:43 | INFO | [FIRESTORE] 📋 Getting user conversations | user=58d3a4a1-98c2-4e21-9615-997d70594865 | tenant=a1b2c3d4-0001-0000-0000-000000000001
2026-04-24 18:55:44 | INFO | [FIRESTORE] ✅ Found 5 conversations for user 58d3a4a1-98c2-4e21-9615-997d70594865
2026-04-24 18:55:45 | INFO | [FIRESTORE] 📖 Getting history | session=58d3a4a1-98c2-4e21-9615-997d70594865__a1b2c3d4-0001-0000-0000-000000000001__1776984949114 | tenant=a1b2c3d4-0001-0000-0000-000000000001
2026-04-24 18:55:46 | INFO | [FIRESTORE] ✅ Retrieved 49 messages
2026-04-24 18:57:57 | INFO | [FIRESTORE] 💾 Saving message | session=58d3a4a1-98c2-4e21-9615-997d70594865__a1b2c3d4-0001-0000-0000-000000000001__1776984949114 | tenant=a1b2c3d4-0001-0000-0000-000000000001 | user=58d3a4a1-98c2-4e21-9615-997d70594865
2026-04-24 18:57:58 | INFO | [FIRESTORE] First message: False
2026-04-24 18:57:58 | INFO | [FIRESTORE] ✅ Message saved | doc_id=rdpwNKVsFe9MO8BrrIyr
2026-04-24 18:57:58 | DEBUG | [FIRESTORE] Updated metadata for 58d3a4a1-98c2-4e21-9615-997d70594865__a1b2c3d4-0001-0000-0000-000000000001__1776984949114
2026-04-24 18:59:39 | INFO | [FIRESTORE] 📋 Getting user conversations | user=58d3a4a1-98c2-4e21-9615-997d70594865 | tenant=a1b2c3d4-0001-0000-0000-000000000001
2026-04-24 18:59:40 | INFO | [FIRESTORE] ✅ Found 5 conversations for user 58d3a4a1-98c2-4e21-9615-997d70594865
2026-04-24 20:06:21 | INFO | ✅ FirestoreConversationService initialisé
2026-04-24 20:07:04 | INFO | [FIRESTORE] 🧹 Cleaning old anonymous conversations > 1h
2026-04-24 20:07:05 | INFO | [FIRESTORE] ✅ Cleanup complete: 0 messages, 0 sessions
2026-04-24 20:07:41 | INFO | [FIRESTORE] 📋 Getting user conversations | user=58d3a4a1-98c2-4e21-9615-997d70594865 | tenant=a1b2c3d4-0001-0000-0000-000000000001
2026-04-24 20:07:43 | INFO | [FIRESTORE] ✅ Found 5 conversations for user 58d3a4a1-98c2-4e21-9615-997d70594865
2026-04-24 20:07:51 | INFO | [FIRESTORE] 📖 Getting history | session=58d3a4a1-98c2-4e21-9615-997d70594865__a1b2c3d4-0001-0000-0000-000000000001__1776984949114 | tenant=a1b2c3d4-0001-0000-0000-000000000001
2026-04-24 20:07:51 | INFO | [FIRESTORE] ✅ Retrieved 50 messages
2026-04-24 20:09:03 | INFO | [FIRESTORE] 💾 Saving message | session=58d3a4a1-98c2-4e21-9615-997d70594865__a1b2c3d4-0001-0000-0000-000000000001__1776984949114 | tenant=a1b2c3d4-0001-0000-0000-000000000001 | user=58d3a4a1-98c2-4e21-9615-997d70594865
2026-04-24 20:09:03 | INFO | [FIRESTORE] First message: False
2026-04-24 20:09:04 | INFO | [FIRESTORE] ✅ Message saved | doc_id=TghKtMucGOPdhXIki67g
2026-04-24 20:09:04 | DEBUG | [FIRESTORE] Updated metadata for 58d3a4a1-98c2-4e21-9615-997d70594865__a1b2c3d4-0001-0000-0000-000000000001__1776984949114
2026-04-24 20:09:09 | INFO | [FIRESTORE] 📋 Getting user conversations | user=58d3a4a1-98c2-4e21-9615-997d70594865 | tenant=a1b2c3d4-0001-0000-0000-000000000001
2026-04-24 20:09:10 | INFO | [FIRESTORE] ✅ Found 5 conversations for user 58d3a4a1-98c2-4e21-9615-997d70594865
2026-04-24 20:09:26 | INFO | [FIRESTORE] 📖 Getting history | session=58d3a4a1-98c2-4e21-9615-997d70594865__a1b2c3d4-0001-0000-0000-000000000001__1776984949114 | tenant=a1b2c3d4-0001-0000-0000-000000000001
2026-04-24 20:09:26 | INFO | [FIRESTORE] ✅ Retrieved 50 messages
2026-04-24 20:10:06 | INFO | [FIRESTORE] 💾 Saving message | session=58d3a4a1-98c2-4e21-9615-997d70594865__a1b2c3d4-0001-0000-0000-000000000001__1776984949114 | tenant=a1b2c3d4-0001-0000-0000-000000000001 | user=58d3a4a1-98c2-4e21-9615-997d70594865
2026-04-24 20:10:06 | INFO | [FIRESTORE] First message: False
2026-04-24 20:10:06 | INFO | [FIRESTORE] ✅ Message saved | doc_id=Kd0UmQtyXGsbAHQsyizN
2026-04-24 20:10:06 | DEBUG | [FIRESTORE] Updated metadata for 58d3a4a1-98c2-4e21-9615-997d70594865__a1b2c3d4-0001-0000-0000-000000000001__1776984949114
2026-04-24 20:12:59 | INFO | [FIRESTORE] 📋 Getting user conversations | user=58d3a4a1-98c2-4e21-9615-997d70594865 | tenant=a1b2c3d4-0001-0000-0000-000000000001
2026-04-24 20:13:00 | INFO | [FIRESTORE] ✅ Found 5 conversations for user 58d3a4a1-98c2-4e21-9615-997d70594865
2026-04-24 20:13:05 | INFO | [FIRESTORE] 📖 Getting history | session=58d3a4a1-98c2-4e21-9615-997d70594865__a1b2c3d4-0001-0000-0000-000000000001__1776984949114 | tenant=a1b2c3d4-0001-0000-0000-000000000001
2026-04-24 20:13:05 | INFO | [FIRESTORE] ✅ Retrieved 50 messages
2026-04-24 20:13:37 | INFO | [FIRESTORE] 📋 Getting user conversations | user=58d3a4a1-98c2-4e21-9615-997d70594865 | tenant=a1b2c3d4-0001-0000-0000-000000000001
2026-04-24 20:13:38 | INFO | [FIRESTORE] ✅ Found 5 conversations for user 58d3a4a1-98c2-4e21-9615-997d70594865
2026-04-24 20:13:43 | INFO | [FIRESTORE] 📖 Getting history | session=58d3a4a1-98c2-4e21-9615-997d70594865__a1b2c3d4-0001-0000-0000-000000000001__1776984949114 | tenant=a1b2c3d4-0001-0000-0000-000000000001
2026-04-24 20:13:43 | INFO | [FIRESTORE] ✅ Retrieved 50 messages
2026-04-24 20:14:27 | INFO | [FIRESTORE] 💾 Saving message | session=58d3a4a1-98c2-4e21-9615-997d70594865__a1b2c3d4-0001-0000-0000-000000000001__1776984949114 | tenant=a1b2c3d4-0001-0000-0000-000000000001 | user=58d3a4a1-98c2-4e21-9615-997d70594865
2026-04-24 20:14:27 | INFO | [FIRESTORE] First message: False
2026-04-24 20:14:27 | INFO | [FIRESTORE] ✅ Message saved | doc_id=VhpF1G99pv72QXofOGzx
2026-04-24 20:14:27 | DEBUG | [FIRESTORE] Updated metadata for 58d3a4a1-98c2-4e21-9615-997d70594865__a1b2c3d4-0001-0000-0000-000000000001__1776984949114
2026-04-24 20:14:41 | INFO | [FIRESTORE] 📋 Getting user conversations | user=58d3a4a1-98c2-4e21-9615-997d70594865 | tenant=a1b2c3d4-0001-0000-0000-000000000001
2026-04-24 20:14:42 | INFO | [FIRESTORE] ✅ Found 5 conversations for user 58d3a4a1-98c2-4e21-9615-997d70594865
2026-04-24 20:14:44 | INFO | [FIRESTORE] 📖 Getting history | session=58d3a4a1-98c2-4e21-9615-997d70594865__a1b2c3d4-0001-0000-0000-000000000001__1776984949114 | tenant=a1b2c3d4-0001-0000-0000-000000000001
2026-04-24 20:14:44 | INFO | [FIRESTORE] ✅ Retrieved 50 messages
2026-04-24 20:19:34 | INFO | [FIRESTORE] 💾 Saving message | session=58d3a4a1-98c2-4e21-9615-997d70594865__a1b2c3d4-0001-0000-0000-000000000001__1776984949114 | tenant=a1b2c3d4-0001-0000-0000-000000000001 | user=58d3a4a1-98c2-4e21-9615-997d70594865
2026-04-24 20:19:35 | INFO | [FIRESTORE] First message: False
2026-04-24 20:19:35 | INFO | [FIRESTORE] ✅ Message saved | doc_id=UV8d9pbIRIm1gl8R3keS
2026-04-24 20:19:35 | DEBUG | [FIRESTORE] Updated metadata for 58d3a4a1-98c2-4e21-9615-997d70594865__a1b2c3d4-0001-0000-0000-000000000001__1776984949114
2026-04-24 20:19:53 | INFO | [FIRESTORE] 📋 Getting user conversations | user=58d3a4a1-98c2-4e21-9615-997d70594865 | tenant=a1b2c3d4-0001-0000-0000-000000000001
2026-04-24 20:19:54 | INFO | [FIRESTORE] ✅ Found 5 conversations for user 58d3a4a1-98c2-4e21-9615-997d70594865
2026-04-24 20:26:44 | INFO | ✅ FirestoreConversationService initialisé
2026-04-24 20:27:33 | INFO | [FIRESTORE] 🧹 Cleaning old anonymous conversations > 1h
2026-04-24 20:27:35 | INFO | [FIRESTORE] ✅ Cleanup complete: 0 messages, 0 sessions
2026-04-24 20:27:58 | INFO | ✅ FirestoreConversationService initialisé
2026-04-24 20:28:42 | INFO | [FIRESTORE] 🧹 Cleaning old anonymous conversations > 1h
2026-04-24 20:28:44 | INFO | [FIRESTORE] ✅ Cleanup complete: 0 messages, 0 sessions
2026-04-24 20:29:54 | INFO | ✅ FirestoreConversationService initialisé
2026-04-24 20:30:32 | INFO | [FIRESTORE] 🧹 Cleaning old anonymous conversations > 1h
2026-04-24 20:30:33 | INFO | [FIRESTORE] ✅ Cleanup complete: 0 messages, 0 sessions
2026-04-24 20:31:37 | INFO | ✅ FirestoreConversationService initialisé
2026-04-24 20:32:12 | INFO | [FIRESTORE] 🧹 Cleaning old anonymous conversations > 1h
2026-04-24 20:32:13 | INFO | [FIRESTORE] ✅ Cleanup complete: 0 messages, 0 sessions
2026-04-24 20:36:36 | INFO | ✅ FirestoreConversationService initialisé
2026-04-24 20:37:21 | INFO | ✅ FirestoreConversationService initialisé
2026-04-24 20:37:50 | INFO | [FIRESTORE] 🧹 Cleaning old anonymous conversations > 1h
2026-04-24 20:37:52 | INFO | [FIRESTORE] ✅ Cleanup complete: 0 messages, 0 sessions
2026-04-24 20:38:38 | INFO | [FIRESTORE] 📋 Getting user conversations | user=58d3a4a1-98c2-4e21-9615-997d70594865 | tenant=a1b2c3d4-0001-0000-0000-000000000001
2026-04-24 20:38:40 | INFO | [FIRESTORE] ✅ Found 5 conversations for user 58d3a4a1-98c2-4e21-9615-997d70594865
2026-04-24 20:40:53 | INFO | [FIRESTORE] 📖 Getting history | session=58d3a4a1-98c2-4e21-9615-997d70594865__a1b2c3d4-0001-0000-0000-000000000001__1776984949114 | tenant=a1b2c3d4-0001-0000-0000-000000000001
2026-04-24 20:40:54 | INFO | [FIRESTORE] ✅ Retrieved 50 messages
2026-04-24 20:41:11 | INFO | [FIRESTORE] 📖 Getting history | session=58d3a4a1-98c2-4e21-9615-997d70594865__a1b2c3d4-0001-0000-0000-000000000001__1777049879063 | tenant=a1b2c3d4-0001-0000-0000-000000000001
2026-04-24 20:41:11 | INFO | [FIRESTORE] ✅ Retrieved 2 messages
2026-04-24 20:42:13 | INFO | [FIRESTORE] 💾 Saving message | session=58d3a4a1-98c2-4e21-9615-997d70594865__a1b2c3d4-0001-0000-0000-000000000001__1777049879063 | tenant=a1b2c3d4-0001-0000-0000-000000000001 | user=58d3a4a1-98c2-4e21-9615-997d70594865
2026-04-24 20:42:13 | INFO | [FIRESTORE] First message: False
2026-04-24 20:42:14 | INFO | [FIRESTORE] ✅ Message saved | doc_id=aALmEKC8GN2SkSZp8AiB
2026-04-24 20:42:14 | DEBUG | [FIRESTORE] Updated metadata for 58d3a4a1-98c2-4e21-9615-997d70594865__a1b2c3d4-0001-0000-0000-000000000001__1777049879063
2026-04-24 20:47:54 | INFO | [FIRESTORE] 📋 Getting user conversations | user=58d3a4a1-98c2-4e21-9615-997d70594865 | tenant=a1b2c3d4-0001-0000-0000-000000000001
2026-04-24 20:47:56 | INFO | [FIRESTORE] ✅ Found 5 conversations for user 58d3a4a1-98c2-4e21-9615-997d70594865
2026-04-24 20:48:30 | INFO | [FIRESTORE] 📖 Getting history | session=58d3a4a1-98c2-4e21-9615-997d70594865__a1b2c3d4-0001-0000-0000-000000000001__1777049879063 | tenant=a1b2c3d4-0001-0000-0000-000000000001
2026-04-24 20:48:30 | INFO | [FIRESTORE] ✅ Retrieved 3 messages
2026-04-24 20:51:42 | INFO | [FIRESTORE] 💾 Saving message | session=58d3a4a1-98c2-4e21-9615-997d70594865__a1b2c3d4-0001-0000-0000-000000000001__1777049879063 | tenant=a1b2c3d4-0001-0000-0000-000000000001 | user=58d3a4a1-98c2-4e21-9615-997d70594865
2026-04-24 20:51:43 | INFO | [FIRESTORE] First message: False
2026-04-24 20:51:43 | INFO | [FIRESTORE] ✅ Message saved | doc_id=4Oi2gU0DH0XD34bl5hGh
2026-04-24 20:51:43 | DEBUG | [FIRESTORE] Updated metadata for 58d3a4a1-98c2-4e21-9615-997d70594865__a1b2c3d4-0001-0000-0000-000000000001__1777049879063
2026-04-24 20:52:47 | INFO | ✅ FirestoreConversationService initialisé
2026-04-24 20:53:24 | INFO | [FIRESTORE] 🧹 Cleaning old anonymous conversations > 1h
2026-04-24 20:53:25 | INFO | [FIRESTORE] ✅ Cleanup complete: 0 messages, 0 sessions
2026-04-24 20:59:45 | INFO | [FIRESTORE] 📋 Getting user conversations | user=58d3a4a1-98c2-4e21-9615-997d70594865 | tenant=a1b2c3d4-0001-0000-0000-000000000001
2026-04-24 20:59:46 | INFO | [FIRESTORE] ✅ Found 5 conversations for user 58d3a4a1-98c2-4e21-9615-997d70594865
2026-04-24 21:07:38 | INFO | ✅ FirestoreConversationService initialisé
2026-04-24 21:08:12 | INFO | [FIRESTORE] 🧹 Cleaning old anonymous conversations > 1h
2026-04-24 21:08:13 | INFO | [FIRESTORE] ✅ Cleanup complete: 0 messages, 0 sessions
2026-04-24 21:08:54 | INFO | [FIRESTORE] 📋 Getting user conversations | user=58d3a4a1-98c2-4e21-9615-997d70594865 | tenant=a1b2c3d4-0001-0000-0000-000000000001
2026-04-24 21:08:55 | INFO | [FIRESTORE] ✅ Found 5 conversations for user 58d3a4a1-98c2-4e21-9615-997d70594865
2026-04-24 21:13:10 | INFO | [FIRESTORE] 📖 Getting history | session=58d3a4a1-98c2-4e21-9615-997d70594865__a1b2c3d4-0001-0000-0000-000000000001__1777049879063 | tenant=a1b2c3d4-0001-0000-0000-000000000001
2026-04-24 21:13:11 | INFO | [FIRESTORE] ✅ Retrieved 4 messages
2026-04-24 21:14:15 | INFO | [FIRESTORE] 💾 Saving message | session=58d3a4a1-98c2-4e21-9615-997d70594865__a1b2c3d4-0001-0000-0000-000000000001__1777049879063 | tenant=a1b2c3d4-0001-0000-0000-000000000001 | user=58d3a4a1-98c2-4e21-9615-997d70594865
2026-04-24 21:14:15 | INFO | [FIRESTORE] First message: False
2026-04-24 21:14:16 | INFO | [FIRESTORE] ✅ Message saved | doc_id=BoKvXVcnCx10QptvB9Rd
2026-04-24 21:14:16 | DEBUG | [FIRESTORE] Updated metadata for 58d3a4a1-98c2-4e21-9615-997d70594865__a1b2c3d4-0001-0000-0000-000000000001__1777049879063
2026-04-24 21:17:29 | INFO | [FIRESTORE] 📋 Getting user conversations | user=58d3a4a1-98c2-4e21-9615-997d70594865 | tenant=a1b2c3d4-0001-0000-0000-000000000001
2026-04-24 21:17:30 | INFO | [FIRESTORE] ✅ Found 5 conversations for user 58d3a4a1-98c2-4e21-9615-997d70594865
2026-04-24 21:17:31 | INFO | [FIRESTORE] 📖 Getting history | session=58d3a4a1-98c2-4e21-9615-997d70594865__a1b2c3d4-0001-0000-0000-000000000001__1777049879063 | tenant=a1b2c3d4-0001-0000-0000-000000000001
2026-04-24 21:17:31 | INFO | [FIRESTORE] ✅ Retrieved 5 messages
2026-04-24 21:19:18 | INFO | [FIRESTORE] 💾 Saving message | session=58d3a4a1-98c2-4e21-9615-997d70594865__a1b2c3d4-0001-0000-0000-000000000001__1777049879063 | tenant=a1b2c3d4-0001-0000-0000-000000000001 | user=58d3a4a1-98c2-4e21-9615-997d70594865
2026-04-24 21:19:19 | INFO | [FIRESTORE] First message: False
2026-04-24 21:19:19 | INFO | [FIRESTORE] ✅ Message saved | doc_id=KlTkvfEQLTL3f6j6EVBU
2026-04-24 21:19:19 | DEBUG | [FIRESTORE] Updated metadata for 58d3a4a1-98c2-4e21-9615-997d70594865__a1b2c3d4-0001-0000-0000-000000000001__1777049879063
2026-04-24 21:25:14 | INFO | ✅ FirestoreConversationService initialisé
2026-04-24 21:25:52 | INFO | [FIRESTORE] 🧹 Cleaning old anonymous conversations > 1h
2026-04-24 21:25:54 | INFO | [FIRESTORE] ✅ Cleanup complete: 0 messages, 0 sessions
2026-04-24 21:29:24 | INFO | ✅ FirestoreConversationService initialisé
2026-04-24 21:30:12 | INFO | [FIRESTORE] 🧹 Cleaning old anonymous conversations > 1h
2026-04-24 21:30:13 | INFO | [FIRESTORE] ✅ Cleanup complete: 0 messages, 0 sessions
2026-04-24 21:31:19 | INFO | ✅ FirestoreConversationService initialisé
2026-04-24 21:32:05 | INFO | [FIRESTORE] 🧹 Cleaning old anonymous conversations > 1h
2026-04-24 21:32:06 | INFO | [FIRESTORE] ✅ Cleanup complete: 0 messages, 0 sessions
2026-04-24 21:32:26 | INFO | ✅ FirestoreConversationService initialisé
2026-04-24 21:33:01 | INFO | [FIRESTORE] 🧹 Cleaning old anonymous conversations > 1h
2026-04-24 21:33:03 | INFO | [FIRESTORE] ✅ Cleanup complete: 0 messages, 0 sessions
2026-04-24 21:34:16 | INFO | [FIRESTORE] 📋 Getting user conversations | user=58d3a4a1-98c2-4e21-9615-997d70594865 | tenant=a1b2c3d4-0001-0000-0000-000000000001
2026-04-24 21:34:17 | INFO | [FIRESTORE] ✅ Found 5 conversations for user 58d3a4a1-98c2-4e21-9615-997d70594865
2026-04-24 21:34:19 | INFO | [FIRESTORE] 📖 Getting history | session=58d3a4a1-98c2-4e21-9615-997d70594865__a1b2c3d4-0001-0000-0000-000000000001__1777049879063 | tenant=a1b2c3d4-0001-0000-0000-000000000001
2026-04-24 21:34:19 | INFO | [FIRESTORE] ✅ Retrieved 6 messages
2026-04-24 23:07:42 | INFO | ✅ FirestoreConversationService initialisé
2026-04-24 23:08:36 | INFO | [FIRESTORE] 🧹 Cleaning old anonymous conversations > 1h
2026-04-24 23:08:37 | INFO | [FIRESTORE] ✅ Cleanup complete: 0 messages, 0 sessions
2026-04-24 23:08:57 | INFO | [FIRESTORE] 📋 Getting user conversations | user=58d3a4a1-98c2-4e21-9615-997d70594865 | tenant=a1b2c3d4-0001-0000-0000-000000000001
2026-04-24 23:08:58 | INFO | [FIRESTORE] ✅ Found 5 conversations for user 58d3a4a1-98c2-4e21-9615-997d70594865
2026-04-24 23:09:03 | INFO | [FIRESTORE] 📖 Getting history | session=58d3a4a1-98c2-4e21-9615-997d70594865__a1b2c3d4-0001-0000-0000-000000000001__1777049879063 | tenant=a1b2c3d4-0001-0000-0000-000000000001
2026-04-24 23:09:03 | INFO | [FIRESTORE] ✅ Retrieved 6 messages
2026-04-24 23:11:05 | INFO | [FIRESTORE] 💾 Saving message | session=58d3a4a1-98c2-4e21-9615-997d70594865__a1b2c3d4-0001-0000-0000-000000000001__1777049879063 | tenant=a1b2c3d4-0001-0000-0000-000000000001 | user=58d3a4a1-98c2-4e21-9615-997d70594865
2026-04-24 23:11:06 | INFO | [FIRESTORE] First message: False
2026-04-24 23:11:06 | INFO | [FIRESTORE] ✅ Message saved | doc_id=1t37zEcfz9zq4ULyOGlh
2026-04-24 23:11:06 | DEBUG | [FIRESTORE] Updated metadata for 58d3a4a1-98c2-4e21-9615-997d70594865__a1b2c3d4-0001-0000-0000-000000000001__1777049879063
2026-04-24 23:27:03 | INFO | ✅ FirestoreConversationService initialisé
2026-04-24 23:28:04 | INFO | [FIRESTORE] 🧹 Cleaning old anonymous conversations > 1h
2026-04-24 23:28:05 | INFO | [FIRESTORE] ✅ Cleanup complete: 0 messages, 0 sessions
2026-04-24 23:30:05 | INFO | [FIRESTORE] 📋 Getting user conversations | user=58d3a4a1-98c2-4e21-9615-997d70594865 | tenant=a1b2c3d4-0001-0000-0000-000000000001
2026-04-24 23:30:06 | INFO | [FIRESTORE] ✅ Found 5 conversations for user 58d3a4a1-98c2-4e21-9615-997d70594865
2026-04-24 23:30:10 | INFO | [FIRESTORE] 📋 Getting user conversations | user=58d3a4a1-98c2-4e21-9615-997d70594865 | tenant=a1b2c3d4-0001-0000-0000-000000000001
2026-04-24 23:30:10 | INFO | [FIRESTORE] ✅ Found 5 conversations for user 58d3a4a1-98c2-4e21-9615-997d70594865
2026-04-24 23:31:49 | INFO | [FIRESTORE] 📖 Getting history | session=58d3a4a1-98c2-4e21-9615-997d70594865__a1b2c3d4-0001-0000-0000-000000000001__1777049879063 | tenant=a1b2c3d4-0001-0000-0000-000000000001
2026-04-24 23:31:49 | INFO | [FIRESTORE] ✅ Retrieved 7 messages
2026-04-24 23:33:55 | INFO | [FIRESTORE] 💾 Saving message | session=58d3a4a1-98c2-4e21-9615-997d70594865__a1b2c3d4-0001-0000-0000-000000000001__1777049879063 | tenant=a1b2c3d4-0001-0000-0000-000000000001 | user=58d3a4a1-98c2-4e21-9615-997d70594865
2026-04-24 23:33:55 | INFO | [FIRESTORE] First message: False
2026-04-24 23:33:56 | INFO | [FIRESTORE] ✅ Message saved | doc_id=uDD0nvzrOljPHNPaExAT
2026-04-24 23:33:56 | DEBUG | [FIRESTORE] Updated metadata for 58d3a4a1-98c2-4e21-9615-997d70594865__a1b2c3d4-0001-0000-0000-000000000001__1777049879063
2026-04-24 23:39:24 | INFO | ✅ FirestoreConversationService initialisé
2026-04-24 23:40:10 | INFO | [FIRESTORE] 🧹 Cleaning old anonymous conversations > 1h
2026-04-24 23:40:12 | INFO | [FIRESTORE] ✅ Cleanup complete: 0 messages, 0 sessions
2026-04-24 23:45:24 | INFO | ✅ FirestoreConversationService initialisé
2026-04-24 23:47:06 | INFO | ✅ FirestoreConversationService initialisé
2026-04-24 23:47:47 | INFO | [FIRESTORE] 🧹 Cleaning old anonymous conversations > 1h
2026-04-24 23:47:49 | INFO | [FIRESTORE] ✅ Cleanup complete: 0 messages, 0 sessions
2026-04-24 23:48:20 | INFO | ✅ FirestoreConversationService initialisé
2026-04-24 23:48:48 | INFO | [FIRESTORE] 📋 Getting user conversations | user=58d3a4a1-98c2-4e21-9615-997d70594865 | tenant=a1b2c3d4-0001-0000-0000-000000000001
2026-04-24 23:48:50 | INFO | [FIRESTORE] ✅ Found 5 conversations for user 58d3a4a1-98c2-4e21-9615-997d70594865
2026-04-24 23:48:52 | INFO | [FIRESTORE] 🧹 Cleaning old anonymous conversations > 1h
2026-04-24 23:48:53 | INFO | [FIRESTORE] ✅ Cleanup complete: 0 messages, 0 sessions
2026-04-24 23:49:38 | INFO | [FIRESTORE] 📋 Getting user conversations | user=58d3a4a1-98c2-4e21-9615-997d70594865 | tenant=a1b2c3d4-0001-0000-0000-000000000001
2026-04-24 23:49:39 | INFO | [FIRESTORE] ✅ Found 5 conversations for user 58d3a4a1-98c2-4e21-9615-997d70594865
2026-04-24 23:49:40 | INFO | [FIRESTORE] 📖 Getting history | session=58d3a4a1-98c2-4e21-9615-997d70594865__a1b2c3d4-0001-0000-0000-000000000001__1777049879063 | tenant=a1b2c3d4-0001-0000-0000-000000000001
2026-04-24 23:49:40 | INFO | [FIRESTORE] ✅ Retrieved 8 messages
2026-04-24 23:51:42 | INFO | [FIRESTORE] 💾 Saving message | session=58d3a4a1-98c2-4e21-9615-997d70594865__a1b2c3d4-0001-0000-0000-000000000001__1777049879063 | tenant=a1b2c3d4-0001-0000-0000-000000000001 | user=58d3a4a1-98c2-4e21-9615-997d70594865
2026-04-24 23:51:42 | INFO | [FIRESTORE] First message: False
2026-04-24 23:51:42 | INFO | [FIRESTORE] ✅ Message saved | doc_id=JAxE2rM3XLQaWQZRMTEu
2026-04-24 23:51:42 | DEBUG | [FIRESTORE] Updated metadata for 58d3a4a1-98c2-4e21-9615-997d70594865__a1b2c3d4-0001-0000-0000-000000000001__1777049879063
2026-04-25 00:02:03 | INFO | ✅ FirestoreConversationService initialisé
2026-04-25 00:03:06 | INFO | [FIRESTORE] 🧹 Cleaning old anonymous conversations > 1h
2026-04-25 00:03:07 | INFO | [FIRESTORE] ✅ Cleanup complete: 0 messages, 0 sessions
2026-04-25 00:04:12 | INFO | ✅ FirestoreConversationService initialisé
2026-04-25 00:05:02 | INFO | [FIRESTORE] 📋 Getting user conversations | user=58d3a4a1-98c2-4e21-9615-997d70594865 | tenant=a1b2c3d4-0001-0000-0000-000000000001
2026-04-25 00:05:04 | INFO | [FIRESTORE] ✅ Found 5 conversations for user 58d3a4a1-98c2-4e21-9615-997d70594865
2026-04-25 00:05:06 | INFO | [FIRESTORE] 🧹 Cleaning old anonymous conversations > 1h
2026-04-25 00:05:06 | INFO | [FIRESTORE] ✅ Cleanup complete: 0 messages, 0 sessions
2026-04-25 00:07:45 | INFO | [FIRESTORE] 📋 Getting user conversations | user=58d3a4a1-98c2-4e21-9615-997d70594865 | tenant=a1b2c3d4-0001-0000-0000-000000000001
2026-04-25 00:08:05 | INFO | [FIRESTORE] ✅ Found 5 conversations for user 58d3a4a1-98c2-4e21-9615-997d70594865
2026-04-25 00:08:05 | INFO | [FIRESTORE] 📋 Getting user conversations | user=58d3a4a1-98c2-4e21-9615-997d70594865 | tenant=a1b2c3d4-0001-0000-0000-000000000001
2026-04-25 00:08:06 | INFO | [FIRESTORE] ✅ Found 5 conversations for user 58d3a4a1-98c2-4e21-9615-997d70594865
2026-04-25 00:08:10 | INFO | [FIRESTORE] 📖 Getting history | session=58d3a4a1-98c2-4e21-9615-997d70594865__a1b2c3d4-0001-0000-0000-000000000001__1777049879063 | tenant=a1b2c3d4-0001-0000-0000-000000000001
2026-04-25 00:08:10 | INFO | [FIRESTORE] ✅ Retrieved 9 messages
2026-04-25 00:10:28 | INFO | [FIRESTORE] 💾 Saving message | session=58d3a4a1-98c2-4e21-9615-997d70594865__a1b2c3d4-0001-0000-0000-000000000001__1777049879063 | tenant=a1b2c3d4-0001-0000-0000-000000000001 | user=58d3a4a1-98c2-4e21-9615-997d70594865
2026-04-25 00:10:47 | INFO | [FIRESTORE] First message: False
2026-04-25 00:10:47 | INFO | [FIRESTORE] ✅ Message saved | doc_id=7ditS1JUoyzHc1lGitKD
2026-04-25 00:10:48 | DEBUG | [FIRESTORE] Updated metadata for 58d3a4a1-98c2-4e21-9615-997d70594865__a1b2c3d4-0001-0000-0000-000000000001__1777049879063
2026-04-25 00:12:06 | INFO | [FIRESTORE] 📋 Getting user conversations | user=58d3a4a1-98c2-4e21-9615-997d70594865 | tenant=a1b2c3d4-0001-0000-0000-000000000001
2026-04-25 00:12:07 | INFO | [FIRESTORE] ✅ Found 5 conversations for user 58d3a4a1-98c2-4e21-9615-997d70594865
2026-04-25 00:12:09 | INFO | [FIRESTORE] 📖 Getting history | session=58d3a4a1-98c2-4e21-9615-997d70594865__a1b2c3d4-0001-0000-0000-000000000001__1777049879063 | tenant=a1b2c3d4-0001-0000-0000-000000000001
2026-04-25 00:12:09 | INFO | [FIRESTORE] ✅ Retrieved 10 messages
2026-04-25 00:13:58 | INFO | [FIRESTORE] 💾 Saving message | session=58d3a4a1-98c2-4e21-9615-997d70594865__a1b2c3d4-0001-0000-0000-000000000001__1777049879063 | tenant=a1b2c3d4-0001-0000-0000-000000000001 | user=58d3a4a1-98c2-4e21-9615-997d70594865
2026-04-25 00:13:58 | INFO | [FIRESTORE] First message: False
2026-04-25 00:13:59 | INFO | [FIRESTORE] ✅ Message saved | doc_id=6LeBV9YK0rLRu8V05Ed0
2026-04-25 00:13:59 | DEBUG | [FIRESTORE] Updated metadata for 58d3a4a1-98c2-4e21-9615-997d70594865__a1b2c3d4-0001-0000-0000-000000000001__1777049879063
2026-04-25 00:20:57 | INFO | ✅ FirestoreConversationService initialisé
2026-04-25 00:21:32 | INFO | [FIRESTORE] 📋 Getting user conversations | user=58d3a4a1-98c2-4e21-9615-997d70594865 | tenant=a1b2c3d4-0001-0000-0000-000000000001
2026-04-25 00:21:34 | INFO | [FIRESTORE] ✅ Found 5 conversations for user 58d3a4a1-98c2-4e21-9615-997d70594865
2026-04-25 00:21:37 | INFO | [FIRESTORE] 🧹 Cleaning old anonymous conversations > 1h
2026-04-25 00:21:37 | INFO | [FIRESTORE] ✅ Cleanup complete: 0 messages, 0 sessions
2026-04-25 00:21:55 | INFO | [FIRESTORE] 📖 Getting history | session=58d3a4a1-98c2-4e21-9615-997d70594865__a1b2c3d4-0001-0000-0000-000000000001__1777049879063 | tenant=a1b2c3d4-0001-0000-0000-000000000001
2026-04-25 00:21:55 | INFO | [FIRESTORE] ✅ Retrieved 11 messages
2026-04-25 00:23:50 | INFO | [FIRESTORE] 💾 Saving message | session=58d3a4a1-98c2-4e21-9615-997d70594865__a1b2c3d4-0001-0000-0000-000000000001__1777049879063 | tenant=a1b2c3d4-0001-0000-0000-000000000001 | user=58d3a4a1-98c2-4e21-9615-997d70594865
2026-04-25 00:23:50 | INFO | [FIRESTORE] First message: False
2026-04-25 00:23:50 | INFO | [FIRESTORE] ✅ Message saved | doc_id=MQavTxRJkZNbzArFMbFG
2026-04-25 00:23:50 | DEBUG | [FIRESTORE] Updated metadata for 58d3a4a1-98c2-4e21-9615-997d70594865__a1b2c3d4-0001-0000-0000-000000000001__1777049879063
2026-04-25 00:29:55 | INFO | [FIRESTORE] 📋 Getting user conversations | user=58d3a4a1-98c2-4e21-9615-997d70594865 | tenant=a1b2c3d4-0001-0000-0000-000000000001
2026-04-25 00:29:57 | INFO | [FIRESTORE] ✅ Found 5 conversations for user 58d3a4a1-98c2-4e21-9615-997d70594865
2026-04-25 00:30:08 | INFO | [FIRESTORE] 📖 Getting history | session=58d3a4a1-98c2-4e21-9615-997d70594865__a1b2c3d4-0001-0000-0000-000000000001__1777049879063 | tenant=a1b2c3d4-0001-0000-0000-000000000001
2026-04-25 00:30:08 | INFO | [FIRESTORE] ✅ Retrieved 12 messages
2026-04-25 00:31:07 | INFO | [FIRESTORE] 💾 Saving message | session=58d3a4a1-98c2-4e21-9615-997d70594865__a1b2c3d4-0001-0000-0000-000000000001__1777049879063 | tenant=a1b2c3d4-0001-0000-0000-000000000001 | user=58d3a4a1-98c2-4e21-9615-997d70594865
2026-04-25 00:31:07 | INFO | [FIRESTORE] First message: False
2026-04-25 00:31:07 | INFO | [FIRESTORE] ✅ Message saved | doc_id=vv8XUzO3xUR4zt3eAW5b
2026-04-25 00:31:07 | DEBUG | [FIRESTORE] Updated metadata for 58d3a4a1-98c2-4e21-9615-997d70594865__a1b2c3d4-0001-0000-0000-000000000001__1777049879063
2026-04-25 00:32:42 | INFO | [FIRESTORE] 💾 Saving message | session=58d3a4a1-98c2-4e21-9615-997d70594865__a1b2c3d4-0001-0000-0000-000000000001__1777049879063 | tenant=a1b2c3d4-0001-0000-0000-000000000001 | user=58d3a4a1-98c2-4e21-9615-997d70594865
2026-04-25 00:32:42 | INFO | [FIRESTORE] First message: False
2026-04-25 00:32:42 | INFO | [FIRESTORE] ✅ Message saved | doc_id=m5aMhijjY1SHXUOYsRg8
2026-04-25 00:32:42 | DEBUG | [FIRESTORE] Updated metadata for 58d3a4a1-98c2-4e21-9615-997d70594865__a1b2c3d4-0001-0000-0000-000000000001__1777049879063
2026-04-25 00:33:26 | INFO | [FIRESTORE] 📋 Getting user conversations | user=58d3a4a1-98c2-4e21-9615-997d70594865 | tenant=a1b2c3d4-0001-0000-0000-000000000001
2026-04-25 00:33:27 | INFO | [FIRESTORE] ✅ Found 5 conversations for user 58d3a4a1-98c2-4e21-9615-997d70594865
2026-04-25 00:35:36 | INFO | [FIRESTORE] 📖 Getting history | session=58d3a4a1-98c2-4e21-9615-997d70594865__a1b2c3d4-0001-0000-0000-000000000001__1776885357546 | tenant=a1b2c3d4-0001-0000-0000-000000000001
2026-04-25 00:35:36 | INFO | [FIRESTORE] ✅ Retrieved 6 messages
2026-04-25 00:35:54 | INFO | [FIRESTORE] 📖 Getting history | session=58d3a4a1-98c2-4e21-9615-997d70594865__a1b2c3d4-0001-0000-0000-000000000001__1776888324008 | tenant=a1b2c3d4-0001-0000-0000-000000000001
2026-04-25 00:35:54 | INFO | [FIRESTORE] ✅ Retrieved 15 messages
2026-04-25 00:36:35 | INFO | [FIRESTORE] 💾 Saving message | session=58d3a4a1-98c2-4e21-9615-997d70594865__a1b2c3d4-0001-0000-0000-000000000001__1776888324008 | tenant=a1b2c3d4-0001-0000-0000-000000000001 | user=58d3a4a1-98c2-4e21-9615-997d70594865
2026-04-25 00:36:36 | INFO | [FIRESTORE] First message: False
2026-04-25 00:36:36 | INFO | [FIRESTORE] ✅ Message saved | doc_id=dk6fBvDjLtQkrYO1JvT4
2026-04-25 00:36:36 | DEBUG | [FIRESTORE] Updated metadata for 58d3a4a1-98c2-4e21-9615-997d70594865__a1b2c3d4-0001-0000-0000-000000000001__1776888324008
2026-04-25 00:37:18 | INFO | [FIRESTORE] 💾 Saving message | session=58d3a4a1-98c2-4e21-9615-997d70594865__a1b2c3d4-0001-0000-0000-000000000001__1776888324008 | tenant=a1b2c3d4-0001-0000-0000-000000000001 | user=58d3a4a1-98c2-4e21-9615-997d70594865
2026-04-25 00:37:18 | INFO | [FIRESTORE] First message: False
2026-04-25 00:37:18 | INFO | [FIRESTORE] ✅ Message saved | doc_id=dHyz2w8mK7uAEwVe88Es
2026-04-25 00:37:18 | DEBUG | [FIRESTORE] Updated metadata for 58d3a4a1-98c2-4e21-9615-997d70594865__a1b2c3d4-0001-0000-0000-000000000001__1776888324008
2026-04-25 00:51:32 | INFO | [FIRESTORE] 🧹 Cleaning old anonymous conversations > 1h
2026-04-25 00:51:32 | INFO | [FIRESTORE] ✅ Cleanup complete: 0 messages, 0 sessions
2026-04-25 00:52:44 | INFO | [FIRESTORE] 📋 Getting user conversations | user=58d3a4a1-98c2-4e21-9615-997d70594865 | tenant=a1b2c3d4-0001-0000-0000-000000000001
2026-04-25 00:52:45 | INFO | [FIRESTORE] ✅ Found 5 conversations for user 58d3a4a1-98c2-4e21-9615-997d70594865
2026-04-25 00:52:48 | INFO | [FIRESTORE] 📖 Getting history | session=58d3a4a1-98c2-4e21-9615-997d70594865__a1b2c3d4-0001-0000-0000-000000000001__1776888324008 | tenant=a1b2c3d4-0001-0000-0000-000000000001
2026-04-25 00:52:48 | INFO | [FIRESTORE] ✅ Retrieved 17 messages
2026-04-25 00:53:26 | INFO | [FIRESTORE] 💾 Saving message | session=58d3a4a1-98c2-4e21-9615-997d70594865__a1b2c3d4-0001-0000-0000-000000000001__1776888324008 | tenant=a1b2c3d4-0001-0000-0000-000000000001 | user=58d3a4a1-98c2-4e21-9615-997d70594865
2026-04-25 00:53:26 | INFO | [FIRESTORE] First message: False
2026-04-25 00:53:26 | INFO | [FIRESTORE] ✅ Message saved | doc_id=mCBypH3c5tf1oN5T1NvM
2026-04-25 00:53:26 | DEBUG | [FIRESTORE] Updated metadata for 58d3a4a1-98c2-4e21-9615-997d70594865__a1b2c3d4-0001-0000-0000-000000000001__1776888324008
2026-04-25 00:53:28 | INFO | [FIRESTORE] 💾 Saving message | session=58d3a4a1-98c2-4e21-9615-997d70594865__a1b2c3d4-0001-0000-0000-000000000001__1776888324008 | tenant=a1b2c3d4-0001-0000-0000-000000000001 | user=58d3a4a1-98c2-4e21-9615-997d70594865
2026-04-25 00:53:28 | INFO | [FIRESTORE] First message: False
2026-04-25 00:53:28 | INFO | [FIRESTORE] ✅ Message saved | doc_id=TG0fPPm9lgFeeFj6OWjY
2026-04-25 00:53:28 | DEBUG | [FIRESTORE] Updated metadata for 58d3a4a1-98c2-4e21-9615-997d70594865__a1b2c3d4-0001-0000-0000-000000000001__1776888324008
2026-04-25 00:57:51 | INFO | [FIRESTORE] 📋 Getting user conversations | user=58d3a4a1-98c2-4e21-9615-997d70594865 | tenant=a1b2c3d4-0001-0000-0000-000000000001
2026-04-25 00:58:14 | INFO | [FIRESTORE] ✅ Found 5 conversations for user 58d3a4a1-98c2-4e21-9615-997d70594865
2026-04-25 00:58:14 | INFO | [FIRESTORE] 📋 Getting user conversations | user=58d3a4a1-98c2-4e21-9615-997d70594865 | tenant=a1b2c3d4-0001-0000-0000-000000000001
2026-04-25 00:58:15 | INFO | [FIRESTORE] ✅ Found 5 conversations for user 58d3a4a1-98c2-4e21-9615-997d70594865
2026-04-25 01:00:44 | INFO | [FIRESTORE] 📋 Getting user conversations | user=58d3a4a1-98c2-4e21-9615-997d70594865 | tenant=a1b2c3d4-0001-0000-0000-000000000001
2026-04-25 01:00:45 | INFO | [FIRESTORE] ✅ Found 5 conversations for user 58d3a4a1-98c2-4e21-9615-997d70594865
2026-04-25 01:00:48 | INFO | [FIRESTORE] 📖 Getting history | session=58d3a4a1-98c2-4e21-9615-997d70594865__a1b2c3d4-0001-0000-0000-000000000001__1776888324008 | tenant=a1b2c3d4-0001-0000-0000-000000000001
2026-04-25 01:00:48 | INFO | [FIRESTORE] ✅ Retrieved 19 messages
2026-04-25 01:01:03 | INFO | [FIRESTORE] 💾 Saving message | session=58d3a4a1-98c2-4e21-9615-997d70594865__a1b2c3d4-0001-0000-0000-000000000001__1776888324008 | tenant=a1b2c3d4-0001-0000-0000-000000000001 | user=58d3a4a1-98c2-4e21-9615-997d70594865
2026-04-25 01:01:03 | INFO | [FIRESTORE] First message: False
2026-04-25 01:01:03 | INFO | [FIRESTORE] ✅ Message saved | doc_id=Q6mwtC6ttH1xxS3uxn0S
2026-04-25 01:01:03 | DEBUG | [FIRESTORE] Updated metadata for 58d3a4a1-98c2-4e21-9615-997d70594865__a1b2c3d4-0001-0000-0000-000000000001__1776888324008
2026-04-25 01:01:25 | INFO | [FIRESTORE] 💾 Saving message | session=58d3a4a1-98c2-4e21-9615-997d70594865__a1b2c3d4-0001-0000-0000-000000000001__1776888324008 | tenant=a1b2c3d4-0001-0000-0000-000000000001 | user=58d3a4a1-98c2-4e21-9615-997d70594865
2026-04-25 01:01:25 | INFO | [FIRESTORE] First message: False
2026-04-25 01:01:26 | INFO | [FIRESTORE] ✅ Message saved | doc_id=2RdXDBFuEh6lHZJ6ETF5
2026-04-25 01:01:26 | DEBUG | [FIRESTORE] Updated metadata for 58d3a4a1-98c2-4e21-9615-997d70594865__a1b2c3d4-0001-0000-0000-000000000001__1776888324008
2026-04-25 01:02:42 | INFO | [FIRESTORE] 📋 Getting user conversations | user=58d3a4a1-98c2-4e21-9615-997d70594865 | tenant=a1b2c3d4-0001-0000-0000-000000000001
2026-04-25 01:02:43 | INFO | [FIRESTORE] ✅ Found 5 conversations for user 58d3a4a1-98c2-4e21-9615-997d70594865
2026-04-25 01:02:49 | INFO | [FIRESTORE] 📖 Getting history | session=58d3a4a1-98c2-4e21-9615-997d70594865__a1b2c3d4-0001-0000-0000-000000000001__1776888324008 | tenant=a1b2c3d4-0001-0000-0000-000000000001
2026-04-25 01:02:49 | INFO | [FIRESTORE] ✅ Retrieved 21 messages
2026-04-25 01:03:02 | INFO | [FIRESTORE] 💾 Saving message | session=58d3a4a1-98c2-4e21-9615-997d70594865__a1b2c3d4-0001-0000-0000-000000000001__1776888324008 | tenant=a1b2c3d4-0001-0000-0000-000000000001 | user=58d3a4a1-98c2-4e21-9615-997d70594865
2026-04-25 01:03:02 | INFO | [FIRESTORE] First message: False
2026-04-25 01:03:02 | INFO | [FIRESTORE] ✅ Message saved | doc_id=kFww8m96LHK8dt9U6lkT
2026-04-25 01:03:02 | DEBUG | [FIRESTORE] Updated metadata for 58d3a4a1-98c2-4e21-9615-997d70594865__a1b2c3d4-0001-0000-0000-000000000001__1776888324008
2026-04-25 01:03:14 | INFO | [FIRESTORE] 💾 Saving message | session=58d3a4a1-98c2-4e21-9615-997d70594865__a1b2c3d4-0001-0000-0000-000000000001__1776888324008 | tenant=a1b2c3d4-0001-0000-0000-000000000001 | user=58d3a4a1-98c2-4e21-9615-997d70594865
2026-04-25 01:03:14 | INFO | [FIRESTORE] First message: False
2026-04-25 01:03:14 | INFO | [FIRESTORE] ✅ Message saved | doc_id=Pb0zewn0JQubxmbR8XA3
2026-04-25 01:03:14 | DEBUG | [FIRESTORE] Updated metadata for 58d3a4a1-98c2-4e21-9615-997d70594865__a1b2c3d4-0001-0000-0000-000000000001__1776888324008
2026-04-25 01:04:01 | INFO | [FIRESTORE] 📋 Getting user conversations | user=58d3a4a1-98c2-4e21-9615-997d70594865 | tenant=a1b2c3d4-0001-0000-0000-000000000001
2026-04-25 01:04:02 | INFO | [FIRESTORE] ✅ Found 5 conversations for user 58d3a4a1-98c2-4e21-9615-997d70594865
2026-04-25 01:04:03 | INFO | [FIRESTORE] 📖 Getting history | session=58d3a4a1-98c2-4e21-9615-997d70594865__a1b2c3d4-0001-0000-0000-000000000001__1776888324008 | tenant=a1b2c3d4-0001-0000-0000-000000000001
2026-04-25 01:04:03 | INFO | [FIRESTORE] ✅ Retrieved 23 messages
2026-04-25 01:05:14 | INFO | [FIRESTORE] 💾 Saving message | session=58d3a4a1-98c2-4e21-9615-997d70594865__a1b2c3d4-0001-0000-0000-000000000001__1776888324008 | tenant=a1b2c3d4-0001-0000-0000-000000000001 | user=58d3a4a1-98c2-4e21-9615-997d70594865
2026-04-25 01:05:14 | INFO | [FIRESTORE] First message: False
2026-04-25 01:05:14 | INFO | [FIRESTORE] ✅ Message saved | doc_id=vDW6bHfywS6dYwANjoIf
2026-04-25 01:05:15 | DEBUG | [FIRESTORE] Updated metadata for 58d3a4a1-98c2-4e21-9615-997d70594865__a1b2c3d4-0001-0000-0000-000000000001__1776888324008
2026-04-25 01:05:17 | INFO | [FIRESTORE] 💾 Saving message | session=58d3a4a1-98c2-4e21-9615-997d70594865__a1b2c3d4-0001-0000-0000-000000000001__1776888324008 | tenant=a1b2c3d4-0001-0000-0000-000000000001 | user=58d3a4a1-98c2-4e21-9615-997d70594865
2026-04-25 01:05:17 | INFO | [FIRESTORE] First message: False
2026-04-25 01:05:17 | INFO | [FIRESTORE] ✅ Message saved | doc_id=Ji1mzMhrGVyMpC23WdbA
2026-04-25 01:05:17 | DEBUG | [FIRESTORE] Updated metadata for 58d3a4a1-98c2-4e21-9615-997d70594865__a1b2c3d4-0001-0000-0000-000000000001__1776888324008
2026-04-25 01:08:42 | INFO | [FIRESTORE] 📋 Getting user conversations | user=58d3a4a1-98c2-4e21-9615-997d70594865 | tenant=a1b2c3d4-0001-0000-0000-000000000001
2026-04-25 01:08:43 | INFO | [FIRESTORE] ✅ Found 5 conversations for user 58d3a4a1-98c2-4e21-9615-997d70594865
2026-04-25 01:09:17 | INFO | [FIRESTORE] 📖 Getting history | session=58d3a4a1-98c2-4e21-9615-997d70594865__a1b2c3d4-0001-0000-0000-000000000001__1776888324008 | tenant=a1b2c3d4-0001-0000-0000-000000000001
2026-04-25 01:09:17 | INFO | [FIRESTORE] ✅ Retrieved 25 messages
2026-04-25 01:09:32 | INFO | [FIRESTORE] 💾 Saving message | session=58d3a4a1-98c2-4e21-9615-997d70594865__a1b2c3d4-0001-0000-0000-000000000001__1776888324008 | tenant=a1b2c3d4-0001-0000-0000-000000000001 | user=58d3a4a1-98c2-4e21-9615-997d70594865
2026-04-25 01:09:32 | INFO | [FIRESTORE] First message: False
2026-04-25 01:09:32 | INFO | [FIRESTORE] ✅ Message saved | doc_id=N0UIBGlCkvH7HoL4Gpwm
2026-04-25 01:09:32 | DEBUG | [FIRESTORE] Updated metadata for 58d3a4a1-98c2-4e21-9615-997d70594865__a1b2c3d4-0001-0000-0000-000000000001__1776888324008
2026-04-25 01:09:42 | INFO | [FIRESTORE] 📋 Getting user conversations | user=58d3a4a1-98c2-4e21-9615-997d70594865 | tenant=a1b2c3d4-0001-0000-0000-000000000001
2026-04-25 01:09:44 | INFO | [FIRESTORE] ✅ Found 5 conversations for user 58d3a4a1-98c2-4e21-9615-997d70594865
2026-04-25 01:10:38 | INFO | [FIRESTORE] 📖 Getting history | session=58d3a4a1-98c2-4e21-9615-997d70594865__a1b2c3d4-0001-0000-0000-000000000001__1776888324008 | tenant=a1b2c3d4-0001-0000-0000-000000000001
2026-04-25 01:10:38 | INFO | [FIRESTORE] ✅ Retrieved 26 messages
2026-04-25 01:10:52 | INFO | [FIRESTORE] 📖 Getting history | session=58d3a4a1-98c2-4e21-9615-997d70594865__a1b2c3d4-0001-0000-0000-000000000001__1777049879063 | tenant=a1b2c3d4-0001-0000-0000-000000000001
2026-04-25 01:10:52 | INFO | [FIRESTORE] ✅ Retrieved 14 messages
2026-04-25 01:12:26 | INFO | [FIRESTORE] 💾 Saving message | session=58d3a4a1-98c2-4e21-9615-997d70594865__a1b2c3d4-0001-0000-0000-000000000001__1777049879063 | tenant=a1b2c3d4-0001-0000-0000-000000000001 | user=58d3a4a1-98c2-4e21-9615-997d70594865
2026-04-25 01:12:26 | INFO | [FIRESTORE] First message: False
2026-04-25 01:12:26 | INFO | [FIRESTORE] ✅ Message saved | doc_id=26biXdK4KLDL7ZJ2OjGO
2026-04-25 01:12:26 | DEBUG | [FIRESTORE] Updated metadata for 58d3a4a1-98c2-4e21-9615-997d70594865__a1b2c3d4-0001-0000-0000-000000000001__1777049879063
2026-04-25 01:14:07 | INFO | [FIRESTORE] 💾 Saving message | session=58d3a4a1-98c2-4e21-9615-997d70594865__a1b2c3d4-0001-0000-0000-000000000001__1777049879063 | tenant=a1b2c3d4-0001-0000-0000-000000000001 | user=58d3a4a1-98c2-4e21-9615-997d70594865
2026-04-25 01:14:07 | INFO | [FIRESTORE] First message: False
2026-04-25 01:14:07 | INFO | [FIRESTORE] ✅ Message saved | doc_id=SmXDQHIIQQe8mpc2yMu8
2026-04-25 01:14:07 | DEBUG | [FIRESTORE] Updated metadata for 58d3a4a1-98c2-4e21-9615-997d70594865__a1b2c3d4-0001-0000-0000-000000000001__1777049879063
2026-04-25 01:21:29 | INFO | [FIRESTORE] 📋 Getting user conversations | user=58d3a4a1-98c2-4e21-9615-997d70594865 | tenant=a1b2c3d4-0001-0000-0000-000000000001
2026-04-25 01:21:31 | INFO | [FIRESTORE] ✅ Found 5 conversations for user 58d3a4a1-98c2-4e21-9615-997d70594865
2026-04-25 01:21:32 | INFO | [FIRESTORE] 🧹 Cleaning old anonymous conversations > 1h
2026-04-25 01:21:32 | INFO | [FIRESTORE] ✅ Cleanup complete: 0 messages, 0 sessions
2026-04-25 01:21:36 | INFO | [FIRESTORE] 📖 Getting history | session=58d3a4a1-98c2-4e21-9615-997d70594865__a1b2c3d4-0001-0000-0000-000000000001__1777049879063 | tenant=a1b2c3d4-0001-0000-0000-000000000001
2026-04-25 01:21:36 | INFO | [FIRESTORE] ✅ Retrieved 16 messages
2026-04-25 01:21:57 | INFO | [FIRESTORE] 💾 Saving message | session=58d3a4a1-98c2-4e21-9615-997d70594865__a1b2c3d4-0001-0000-0000-000000000001__1777049879063 | tenant=a1b2c3d4-0001-0000-0000-000000000001 | user=58d3a4a1-98c2-4e21-9615-997d70594865
2026-04-25 01:21:58 | INFO | [FIRESTORE] First message: False
2026-04-25 01:21:58 | INFO | [FIRESTORE] ✅ Message saved | doc_id=QiAP3VquuMxdIiwFxR7W
2026-04-25 01:21:58 | DEBUG | [FIRESTORE] Updated metadata for 58d3a4a1-98c2-4e21-9615-997d70594865__a1b2c3d4-0001-0000-0000-000000000001__1777049879063
2026-04-25 01:22:28 | INFO | [FIRESTORE] 💾 Saving message | session=58d3a4a1-98c2-4e21-9615-997d70594865__a1b2c3d4-0001-0000-0000-000000000001__1777049879063 | tenant=a1b2c3d4-0001-0000-0000-000000000001 | user=58d3a4a1-98c2-4e21-9615-997d70594865
2026-04-25 01:22:28 | INFO | [FIRESTORE] First message: False
2026-04-25 01:22:29 | INFO | [FIRESTORE] ✅ Message saved | doc_id=n6HTDN8a4t2cbXqxHseG
2026-04-25 01:22:29 | DEBUG | [FIRESTORE] Updated metadata for 58d3a4a1-98c2-4e21-9615-997d70594865__a1b2c3d4-0001-0000-0000-000000000001__1777049879063
2026-04-25 01:24:52 | INFO | [FIRESTORE] 📋 Getting user conversations | user=58d3a4a1-98c2-4e21-9615-997d70594865 | tenant=a1b2c3d4-0001-0000-0000-000000000001
2026-04-25 01:24:53 | INFO | [FIRESTORE] ✅ Found 5 conversations for user 58d3a4a1-98c2-4e21-9615-997d70594865
2026-04-25 01:27:54 | INFO | [FIRESTORE] 📋 Getting user conversations | user=58d3a4a1-98c2-4e21-9615-997d70594865 | tenant=a1b2c3d4-0001-0000-0000-000000000001
2026-04-25 01:27:55 | INFO | [FIRESTORE] ✅ Found 5 conversations for user 58d3a4a1-98c2-4e21-9615-997d70594865
2026-04-25 01:27:57 | INFO | [FIRESTORE] 📖 Getting history | session=58d3a4a1-98c2-4e21-9615-997d70594865__a1b2c3d4-0001-0000-0000-000000000001__1777049879063 | tenant=a1b2c3d4-0001-0000-0000-000000000001
2026-04-25 01:27:57 | INFO | [FIRESTORE] ✅ Retrieved 18 messages
2026-04-25 01:28:07 | INFO | [FIRESTORE] 💾 Saving message | session=58d3a4a1-98c2-4e21-9615-997d70594865__a1b2c3d4-0001-0000-0000-000000000001__1777049879063 | tenant=a1b2c3d4-0001-0000-0000-000000000001 | user=58d3a4a1-98c2-4e21-9615-997d70594865
2026-04-25 01:28:07 | INFO | [FIRESTORE] First message: False
2026-04-25 01:28:07 | INFO | [FIRESTORE] ✅ Message saved | doc_id=7ddMr3bY1nSVDWBMTVmB
2026-04-25 01:28:08 | DEBUG | [FIRESTORE] Updated metadata for 58d3a4a1-98c2-4e21-9615-997d70594865__a1b2c3d4-0001-0000-0000-000000000001__1777049879063
2026-04-25 01:28:28 | INFO | [FIRESTORE] 💾 Saving message | session=58d3a4a1-98c2-4e21-9615-997d70594865__a1b2c3d4-0001-0000-0000-000000000001__1777049879063 | tenant=a1b2c3d4-0001-0000-0000-000000000001 | user=58d3a4a1-98c2-4e21-9615-997d70594865
2026-04-25 01:28:29 | INFO | [FIRESTORE] First message: False
2026-04-25 01:28:29 | INFO | [FIRESTORE] ✅ Message saved | doc_id=s3NkpWpXlHL2rkmlypfx
2026-04-25 01:28:29 | DEBUG | [FIRESTORE] Updated metadata for 58d3a4a1-98c2-4e21-9615-997d70594865__a1b2c3d4-0001-0000-0000-000000000001__1777049879063
2026-04-25 01:30:58 | INFO | [FIRESTORE] 📋 Getting user conversations | user=58d3a4a1-98c2-4e21-9615-997d70594865 | tenant=a1b2c3d4-0001-0000-0000-000000000001
2026-04-25 01:30:59 | INFO | [FIRESTORE] ✅ Found 5 conversations for user 58d3a4a1-98c2-4e21-9615-997d70594865
2026-04-25 01:31:12 | INFO | [FIRESTORE] 💾 Saving message | session=58d3a4a1-98c2-4e21-9615-997d70594865__a1b2c3d4-0001-0000-0000-000000000001__1777077058540 | tenant=a1b2c3d4-0001-0000-0000-000000000001 | user=58d3a4a1-98c2-4e21-9615-997d70594865
2026-04-25 01:31:12 | INFO | [FIRESTORE] First message: True
2026-04-25 01:31:12 | INFO | [FIRESTORE] ✅ Message saved | doc_id=AJlaDd2wkW1LHa98XLSR
2026-04-25 01:31:12 | INFO | [FIRESTORE] ✅ Session metadata created for 58d3a4a1-98c2-4e21-9615-997d70594865__a1b2c3d4-0001-0000-0000-000000000001__1777077058540
2026-04-25 01:35:28 | INFO | [FIRESTORE] 📋 Getting user conversations | user=58d3a4a1-98c2-4e21-9615-997d70594865 | tenant=a1b2c3d4-0001-0000-0000-000000000001
2026-04-25 01:35:30 | INFO | [FIRESTORE] ✅ Found 6 conversations for user 58d3a4a1-98c2-4e21-9615-997d70594865
2026-04-25 01:35:34 | INFO | [FIRESTORE] 🗑️ Deleting conversation | session=58d3a4a1-98c2-4e21-9615-997d70594865__a1b2c3d4-0001-0000-0000-000000000001__1777077058540 | tenant=a1b2c3d4-0001-0000-0000-000000000001
2026-04-25 01:35:35 | INFO | [FIRESTORE] ✅ Deleted 1 messages from session 58d3a4a1-98c2-4e21-9615-997d70594865__a1b2c3d4-0001-0000-0000-000000000001__1777077058540
2026-04-25 01:35:36 | INFO | [FIRESTORE] 📖 Getting history | session=58d3a4a1-98c2-4e21-9615-997d70594865__a1b2c3d4-0001-0000-0000-000000000001__1776888324008 | tenant=a1b2c3d4-0001-0000-0000-000000000001
2026-04-25 01:35:36 | INFO | [FIRESTORE] ✅ Retrieved 26 messages
2026-04-25 01:35:57 | INFO | [FIRESTORE] 💾 Saving message | session=58d3a4a1-98c2-4e21-9615-997d70594865__a1b2c3d4-0001-0000-0000-000000000001__1776888324008 | tenant=a1b2c3d4-0001-0000-0000-000000000001 | user=58d3a4a1-98c2-4e21-9615-997d70594865
2026-04-25 01:35:58 | INFO | [FIRESTORE] First message: False
2026-04-25 01:35:58 | INFO | [FIRESTORE] ✅ Message saved | doc_id=DiaHM7Wip0JogwllYo1l
2026-04-25 01:35:58 | DEBUG | [FIRESTORE] Updated metadata for 58d3a4a1-98c2-4e21-9615-997d70594865__a1b2c3d4-0001-0000-0000-000000000001__1776888324008
2026-04-25 01:36:49 | INFO | [FIRESTORE] 💾 Saving message | session=58d3a4a1-98c2-4e21-9615-997d70594865__a1b2c3d4-0001-0000-0000-000000000001__1776888324008 | tenant=a1b2c3d4-0001-0000-0000-000000000001 | user=58d3a4a1-98c2-4e21-9615-997d70594865
2026-04-25 01:36:49 | INFO | [FIRESTORE] First message: False
2026-04-25 01:36:49 | INFO | [FIRESTORE] ✅ Message saved | doc_id=jjjgy8NF6FgsU6Fbxy90
2026-04-25 01:36:49 | DEBUG | [FIRESTORE] Updated metadata for 58d3a4a1-98c2-4e21-9615-997d70594865__a1b2c3d4-0001-0000-0000-000000000001__1776888324008
2026-04-25 01:43:20 | INFO | ✅ FirestoreConversationService initialisé
2026-04-25 01:44:06 | INFO | [FIRESTORE] 🧹 Cleaning old anonymous conversations > 1h
2026-04-25 01:44:07 | INFO | [FIRESTORE] ✅ Cleanup complete: 0 messages, 0 sessions
2026-04-25 01:51:24 | INFO | [FIRESTORE] 📋 Getting user conversations | user=58d3a4a1-98c2-4e21-9615-997d70594865 | tenant=a1b2c3d4-0001-0000-0000-000000000001
2026-04-25 01:51:26 | INFO | [FIRESTORE] ✅ Found 5 conversations for user 58d3a4a1-98c2-4e21-9615-997d70594865
2026-04-25 01:51:29 | INFO | [FIRESTORE] 📖 Getting history | session=58d3a4a1-98c2-4e21-9615-997d70594865__a1b2c3d4-0001-0000-0000-000000000001__1776888324008 | tenant=a1b2c3d4-0001-0000-0000-000000000001
2026-04-25 01:51:30 | INFO | [FIRESTORE] ✅ Retrieved 28 messages
2026-04-25 01:52:30 | INFO | [FIRESTORE] 💾 Saving message | session=58d3a4a1-98c2-4e21-9615-997d70594865__a1b2c3d4-0001-0000-0000-000000000001__1776888324008 | tenant=a1b2c3d4-0001-0000-0000-000000000001 | user=58d3a4a1-98c2-4e21-9615-997d70594865
2026-04-25 01:52:30 | INFO | [FIRESTORE] First message: False
2026-04-25 01:52:31 | INFO | [FIRESTORE] ✅ Message saved | doc_id=Aar5i8hmlJMcPlVrUoRG
2026-04-25 01:52:31 | DEBUG | [FIRESTORE] Updated metadata for 58d3a4a1-98c2-4e21-9615-997d70594865__a1b2c3d4-0001-0000-0000-000000000001__1776888324008
2026-04-25 01:53:16 | INFO | [FIRESTORE] 💾 Saving message | session=58d3a4a1-98c2-4e21-9615-997d70594865__a1b2c3d4-0001-0000-0000-000000000001__1776888324008 | tenant=a1b2c3d4-0001-0000-0000-000000000001 | user=58d3a4a1-98c2-4e21-9615-997d70594865
2026-04-25 01:53:17 | INFO | [FIRESTORE] First message: False
2026-04-25 01:53:17 | INFO | [FIRESTORE] ✅ Message saved | doc_id=N7tBLUYZXa3hQYJtUvoC
2026-04-25 01:53:17 | DEBUG | [FIRESTORE] Updated metadata for 58d3a4a1-98c2-4e21-9615-997d70594865__a1b2c3d4-0001-0000-0000-000000000001__1776888324008
2026-04-25 01:54:24 | INFO | [FIRESTORE] 📋 Getting user conversations | user=58d3a4a1-98c2-4e21-9615-997d70594865 | tenant=a1b2c3d4-0001-0000-0000-000000000001
2026-04-25 01:54:25 | INFO | [FIRESTORE] ✅ Found 5 conversations for user 58d3a4a1-98c2-4e21-9615-997d70594865
2026-04-25 01:54:28 | INFO | [FIRESTORE] 📖 Getting history | session=58d3a4a1-98c2-4e21-9615-997d70594865__a1b2c3d4-0001-0000-0000-000000000001__1776888324008 | tenant=a1b2c3d4-0001-0000-0000-000000000001
2026-04-25 01:54:28 | INFO | [FIRESTORE] ✅ Retrieved 30 messages
2026-04-25 01:55:07 | INFO | [FIRESTORE] 💾 Saving message | session=58d3a4a1-98c2-4e21-9615-997d70594865__a1b2c3d4-0001-0000-0000-000000000001__1776888324008 | tenant=a1b2c3d4-0001-0000-0000-000000000001 | user=58d3a4a1-98c2-4e21-9615-997d70594865
2026-04-25 01:55:07 | INFO | [FIRESTORE] First message: False
2026-04-25 01:55:08 | INFO | [FIRESTORE] ✅ Message saved | doc_id=12vmxcnj5IqMhUlrykB6
2026-04-25 01:55:08 | DEBUG | [FIRESTORE] Updated metadata for 58d3a4a1-98c2-4e21-9615-997d70594865__a1b2c3d4-0001-0000-0000-000000000001__1776888324008
2026-04-25 10:49:06 | INFO | ✅ FirestoreConversationService initialisé
2026-04-25 10:50:42 | INFO | [FIRESTORE] 🧹 Cleaning old anonymous conversations > 1h
2026-04-25 10:50:43 | INFO | [FIRESTORE] ✅ Cleanup complete: 0 messages, 0 sessions
2026-04-25 10:53:20 | INFO | ✅ FirestoreConversationService initialisé
2026-04-25 10:55:28 | INFO | ✅ FirestoreConversationService initialisé
2026-04-25 10:56:00 | INFO | [FIRESTORE] 📋 Getting user conversations | user=58d3a4a1-98c2-4e21-9615-997d70594865 | tenant=a1b2c3d4-0001-0000-0000-000000000001
2026-04-25 10:56:02 | INFO | [FIRESTORE] ✅ Found 5 conversations for user 58d3a4a1-98c2-4e21-9615-997d70594865
2026-04-25 10:56:04 | INFO | [FIRESTORE] 🧹 Cleaning old anonymous conversations > 1h
2026-04-25 10:56:04 | INFO | [FIRESTORE] ✅ Cleanup complete: 0 messages, 0 sessions
2026-04-25 10:58:32 | INFO | [FIRESTORE] 📖 Getting history | session=58d3a4a1-98c2-4e21-9615-997d70594865__a1b2c3d4-0001-0000-0000-000000000001__1776888324008 | tenant=a1b2c3d4-0001-0000-0000-000000000001
2026-04-25 10:58:32 | INFO | [FIRESTORE] ✅ Retrieved 31 messages
2026-04-25 10:59:27 | INFO | [FIRESTORE] 💾 Saving message | session=58d3a4a1-98c2-4e21-9615-997d70594865__a1b2c3d4-0001-0000-0000-000000000001__1776888324008 | tenant=a1b2c3d4-0001-0000-0000-000000000001 | user=58d3a4a1-98c2-4e21-9615-997d70594865
2026-04-25 10:59:27 | INFO | [FIRESTORE] First message: False
2026-04-25 10:59:27 | INFO | [FIRESTORE] ✅ Message saved | doc_id=RtlUDtiqeiYGZGsEHKiy
2026-04-25 10:59:27 | DEBUG | [FIRESTORE] Updated metadata for 58d3a4a1-98c2-4e21-9615-997d70594865__a1b2c3d4-0001-0000-0000-000000000001__1776888324008
2026-04-25 10:59:47 | INFO | [FIRESTORE] 💾 Saving message | session=58d3a4a1-98c2-4e21-9615-997d70594865__a1b2c3d4-0001-0000-0000-000000000001__1776888324008 | tenant=a1b2c3d4-0001-0000-0000-000000000001 | user=58d3a4a1-98c2-4e21-9615-997d70594865
2026-04-25 10:59:47 | INFO | [FIRESTORE] First message: False
2026-04-25 10:59:47 | INFO | [FIRESTORE] ✅ Message saved | doc_id=7TnNc3M4FPREurSOerfj
2026-04-25 10:59:47 | DEBUG | [FIRESTORE] Updated metadata for 58d3a4a1-98c2-4e21-9615-997d70594865__a1b2c3d4-0001-0000-0000-000000000001__1776888324008
2026-04-25 11:12:24 | INFO | ✅ FirestoreConversationService initialisé
2026-04-25 11:13:31 | INFO | ✅ FirestoreConversationService initialisé
2026-04-25 11:14:20 | INFO | [FIRESTORE] 🧹 Cleaning old anonymous conversations > 1h
2026-04-25 11:14:21 | INFO | [FIRESTORE] ✅ Cleanup complete: 0 messages, 0 sessions
2026-04-25 11:15:50 | INFO | ✅ FirestoreConversationService initialisé
2026-04-25 11:16:46 | INFO | ✅ FirestoreConversationService initialisé
2026-04-25 11:17:08 | INFO | [FIRESTORE] 📋 Getting user conversations | user=58d3a4a1-98c2-4e21-9615-997d70594865 | tenant=a1b2c3d4-0001-0000-0000-000000000001
2026-04-25 11:17:10 | INFO | [FIRESTORE] ✅ Found 5 conversations for user 58d3a4a1-98c2-4e21-9615-997d70594865
2026-04-25 11:17:13 | INFO | [FIRESTORE] 📖 Getting history | session=58d3a4a1-98c2-4e21-9615-997d70594865__a1b2c3d4-0001-0000-0000-000000000001__1776888324008 | tenant=a1b2c3d4-0001-0000-0000-000000000001
2026-04-25 11:17:13 | INFO | [FIRESTORE] ✅ Retrieved 33 messages
2026-04-25 11:17:13 | INFO | [FIRESTORE] 🧹 Cleaning old anonymous conversations > 1h
2026-04-25 11:17:13 | INFO | [FIRESTORE] ✅ Cleanup complete: 0 messages, 0 sessions
2026-04-25 11:17:57 | INFO | [FIRESTORE] 💾 Saving message | session=58d3a4a1-98c2-4e21-9615-997d70594865__a1b2c3d4-0001-0000-0000-000000000001__1776888324008 | tenant=a1b2c3d4-0001-0000-0000-000000000001 | user=58d3a4a1-98c2-4e21-9615-997d70594865
2026-04-25 11:17:57 | INFO | [FIRESTORE] First message: False
2026-04-25 11:17:57 | INFO | [FIRESTORE] ✅ Message saved | doc_id=ucP0sOjGTWzAUKeOsAil
2026-04-25 11:17:57 | DEBUG | [FIRESTORE] Updated metadata for 58d3a4a1-98c2-4e21-9615-997d70594865__a1b2c3d4-0001-0000-0000-000000000001__1776888324008
2026-04-25 11:18:47 | INFO | [FIRESTORE] 💾 Saving message | session=58d3a4a1-98c2-4e21-9615-997d70594865__a1b2c3d4-0001-0000-0000-000000000001__1776888324008 | tenant=a1b2c3d4-0001-0000-0000-000000000001 | user=58d3a4a1-98c2-4e21-9615-997d70594865
2026-04-25 11:18:47 | INFO | [FIRESTORE] First message: False
2026-04-25 11:18:47 | INFO | [FIRESTORE] ✅ Message saved | doc_id=e7PNwGv2Oh0ZdQ6t1ozC
2026-04-25 11:18:47 | DEBUG | [FIRESTORE] Updated metadata for 58d3a4a1-98c2-4e21-9615-997d70594865__a1b2c3d4-0001-0000-0000-000000000001__1776888324008
2026-04-25 11:27:56 | INFO | ✅ FirestoreConversationService initialisé
2026-04-25 11:28:34 | INFO | [FIRESTORE] 🧹 Cleaning old anonymous conversations > 1h
2026-04-25 11:28:36 | INFO | [FIRESTORE] ✅ Cleanup complete: 0 messages, 0 sessions
2026-04-25 11:35:20 | INFO | [FIRESTORE] 📋 Getting user conversations | user=58d3a4a1-98c2-4e21-9615-997d70594865 | tenant=a1b2c3d4-0001-0000-0000-000000000001
2026-04-25 11:35:22 | INFO | [FIRESTORE] ✅ Found 5 conversations for user 58d3a4a1-98c2-4e21-9615-997d70594865
2026-04-25 11:35:24 | INFO | [FIRESTORE] 📖 Getting history | session=58d3a4a1-98c2-4e21-9615-997d70594865__a1b2c3d4-0001-0000-0000-000000000001__1776888324008 | tenant=a1b2c3d4-0001-0000-0000-000000000001
2026-04-25 11:35:24 | INFO | [FIRESTORE] ✅ Retrieved 35 messages
2026-04-25 11:35:50 | INFO | [FIRESTORE] 💾 Saving message | session=58d3a4a1-98c2-4e21-9615-997d70594865__a1b2c3d4-0001-0000-0000-000000000001__1776888324008 | tenant=a1b2c3d4-0001-0000-0000-000000000001 | user=58d3a4a1-98c2-4e21-9615-997d70594865
2026-04-25 11:35:50 | INFO | [FIRESTORE] First message: False
2026-04-25 11:35:50 | INFO | [FIRESTORE] ✅ Message saved | doc_id=z1xiMr6PsSBhMmfDx7m5
2026-04-25 11:35:50 | DEBUG | [FIRESTORE] Updated metadata for 58d3a4a1-98c2-4e21-9615-997d70594865__a1b2c3d4-0001-0000-0000-000000000001__1776888324008
2026-04-25 11:36:54 | INFO | [FIRESTORE] 💾 Saving message | session=58d3a4a1-98c2-4e21-9615-997d70594865__a1b2c3d4-0001-0000-0000-000000000001__1776888324008 | tenant=a1b2c3d4-0001-0000-0000-000000000001 | user=58d3a4a1-98c2-4e21-9615-997d70594865
2026-04-25 11:36:54 | INFO | [FIRESTORE] First message: False
2026-04-25 11:36:54 | INFO | [FIRESTORE] ✅ Message saved | doc_id=YHoMsrnNYOyi3ZE4htp4
2026-04-25 11:36:54 | DEBUG | [FIRESTORE] Updated metadata for 58d3a4a1-98c2-4e21-9615-997d70594865__a1b2c3d4-0001-0000-0000-000000000001__1776888324008
2026-04-25 11:42:20 | INFO | ✅ FirestoreConversationService initialisé
2026-04-25 11:42:52 | INFO | [FIRESTORE] 🧹 Cleaning old anonymous conversations > 1h
2026-04-25 11:42:53 | INFO | [FIRESTORE] ✅ Cleanup complete: 0 messages, 0 sessions
2026-04-25 11:43:59 | INFO | [FIRESTORE] 📋 Getting user conversations | user=58d3a4a1-98c2-4e21-9615-997d70594865 | tenant=a1b2c3d4-0001-0000-0000-000000000001
2026-04-25 11:44:00 | INFO | [FIRESTORE] ✅ Found 5 conversations for user 58d3a4a1-98c2-4e21-9615-997d70594865
2026-04-25 11:45:22 | INFO | [FIRESTORE] 📖 Getting history | session=58d3a4a1-98c2-4e21-9615-997d70594865__a1b2c3d4-0001-0000-0000-000000000001__1776888324008 | tenant=a1b2c3d4-0001-0000-0000-000000000001
2026-04-25 11:45:23 | INFO | [FIRESTORE] ✅ Retrieved 37 messages
2026-04-25 11:47:15 | INFO | [FIRESTORE] 💾 Saving message | session=58d3a4a1-98c2-4e21-9615-997d70594865__a1b2c3d4-0001-0000-0000-000000000001__1776888324008 | tenant=a1b2c3d4-0001-0000-0000-000000000001 | user=58d3a4a1-98c2-4e21-9615-997d70594865
2026-04-25 11:47:15 | INFO | [FIRESTORE] First message: False
2026-04-25 11:47:15 | INFO | [FIRESTORE] ✅ Message saved | doc_id=oosl1UM0EkSX2QZVy4MB
2026-04-25 11:47:16 | DEBUG | [FIRESTORE] Updated metadata for 58d3a4a1-98c2-4e21-9615-997d70594865__a1b2c3d4-0001-0000-0000-000000000001__1776888324008
2026-04-25 11:48:49 | INFO | [FIRESTORE] 💾 Saving message | session=58d3a4a1-98c2-4e21-9615-997d70594865__a1b2c3d4-0001-0000-0000-000000000001__1776888324008 | tenant=a1b2c3d4-0001-0000-0000-000000000001 | user=58d3a4a1-98c2-4e21-9615-997d70594865
2026-04-25 11:48:50 | INFO | [FIRESTORE] First message: False
2026-04-25 11:48:50 | INFO | [FIRESTORE] ✅ Message saved | doc_id=onzbZofelHDphRFtYS0C
2026-04-25 11:48:50 | DEBUG | [FIRESTORE] Updated metadata for 58d3a4a1-98c2-4e21-9615-997d70594865__a1b2c3d4-0001-0000-0000-000000000001__1776888324008
2026-04-25 11:50:06 | INFO | [FIRESTORE] 📋 Getting user conversations | user=58d3a4a1-98c2-4e21-9615-997d70594865 | tenant=a1b2c3d4-0001-0000-0000-000000000001
2026-04-25 11:50:07 | INFO | [FIRESTORE] ✅ Found 5 conversations for user 58d3a4a1-98c2-4e21-9615-997d70594865
2026-04-25 11:50:10 | INFO | [FIRESTORE] 📖 Getting history | session=58d3a4a1-98c2-4e21-9615-997d70594865__a1b2c3d4-0001-0000-0000-000000000001__1776888324008 | tenant=a1b2c3d4-0001-0000-0000-000000000001
2026-04-25 11:50:10 | INFO | [FIRESTORE] ✅ Retrieved 39 messages
2026-04-25 11:50:25 | INFO | [FIRESTORE] 💾 Saving message | session=58d3a4a1-98c2-4e21-9615-997d70594865__a1b2c3d4-0001-0000-0000-000000000001__1776888324008 | tenant=a1b2c3d4-0001-0000-0000-000000000001 | user=58d3a4a1-98c2-4e21-9615-997d70594865
2026-04-25 11:50:26 | INFO | [FIRESTORE] First message: False
2026-04-25 11:50:26 | INFO | [FIRESTORE] ✅ Message saved | doc_id=eaG37ELUyT9qBb4KXuxb
2026-04-25 11:50:26 | DEBUG | [FIRESTORE] Updated metadata for 58d3a4a1-98c2-4e21-9615-997d70594865__a1b2c3d4-0001-0000-0000-000000000001__1776888324008
2026-04-25 11:50:38 | INFO | [FIRESTORE] 💾 Saving message | session=58d3a4a1-98c2-4e21-9615-997d70594865__a1b2c3d4-0001-0000-0000-000000000001__1776888324008 | tenant=a1b2c3d4-0001-0000-0000-000000000001 | user=58d3a4a1-98c2-4e21-9615-997d70594865
2026-04-25 11:50:38 | INFO | [FIRESTORE] First message: False
2026-04-25 11:50:38 | INFO | [FIRESTORE] ✅ Message saved | doc_id=7fP403vxztgOHVa5LaSr
2026-04-25 11:50:39 | DEBUG | [FIRESTORE] Updated metadata for 58d3a4a1-98c2-4e21-9615-997d70594865__a1b2c3d4-0001-0000-0000-000000000001__1776888324008
2026-04-25 11:54:18 | INFO | ✅ FirestoreConversationService initialisé
2026-04-25 11:54:50 | INFO | [FIRESTORE] 🧹 Cleaning old anonymous conversations > 1h
2026-04-25 11:54:51 | INFO | [FIRESTORE] ✅ Cleanup complete: 0 messages, 0 sessions
2026-04-25 11:55:09 | INFO | [FIRESTORE] 📋 Getting user conversations | user=58d3a4a1-98c2-4e21-9615-997d70594865 | tenant=a1b2c3d4-0001-0000-0000-000000000001
2026-04-25 11:55:10 | INFO | [FIRESTORE] ✅ Found 5 conversations for user 58d3a4a1-98c2-4e21-9615-997d70594865
2026-04-25 11:55:15 | INFO | [FIRESTORE] 📖 Getting history | session=58d3a4a1-98c2-4e21-9615-997d70594865__a1b2c3d4-0001-0000-0000-000000000001__1776888324008 | tenant=a1b2c3d4-0001-0000-0000-000000000001
2026-04-25 11:55:15 | INFO | [FIRESTORE] ✅ Retrieved 41 messages
2026-04-25 11:55:58 | INFO | [FIRESTORE] 💾 Saving message | session=58d3a4a1-98c2-4e21-9615-997d70594865__a1b2c3d4-0001-0000-0000-000000000001__1777114525694 | tenant=a1b2c3d4-0001-0000-0000-000000000001 | user=58d3a4a1-98c2-4e21-9615-997d70594865
2026-04-25 11:55:58 | INFO | [FIRESTORE] First message: True
2026-04-25 11:55:58 | INFO | [FIRESTORE] ✅ Message saved | doc_id=STodCW2zmKav4pepa04y
2026-04-25 11:55:58 | INFO | [FIRESTORE] ✅ Session metadata created for 58d3a4a1-98c2-4e21-9615-997d70594865__a1b2c3d4-0001-0000-0000-000000000001__1777114525694
2026-04-25 11:56:32 | INFO | [FIRESTORE] 💾 Saving message | session=58d3a4a1-98c2-4e21-9615-997d70594865__a1b2c3d4-0001-0000-0000-000000000001__1777114525694 | tenant=a1b2c3d4-0001-0000-0000-000000000001 | user=58d3a4a1-98c2-4e21-9615-997d70594865
2026-04-25 11:56:32 | INFO | [FIRESTORE] First message: False
2026-04-25 11:56:33 | INFO | [FIRESTORE] ✅ Message saved | doc_id=RjP347KRYT3r9Z5wbcPd
2026-04-25 11:56:33 | DEBUG | [FIRESTORE] Updated metadata for 58d3a4a1-98c2-4e21-9615-997d70594865__a1b2c3d4-0001-0000-0000-000000000001__1777114525694
2026-04-25 11:57:52 | INFO | [FIRESTORE] 📋 Getting user conversations | user=58d3a4a1-98c2-4e21-9615-997d70594865 | tenant=a1b2c3d4-0001-0000-0000-000000000001
2026-04-25 11:57:53 | INFO | [FIRESTORE] ✅ Found 6 conversations for user 58d3a4a1-98c2-4e21-9615-997d70594865
2026-04-25 11:57:57 | INFO | [FIRESTORE] 🗑️ Deleting conversation | session=58d3a4a1-98c2-4e21-9615-997d70594865__a1b2c3d4-0001-0000-0000-000000000001__1777114525694 | tenant=a1b2c3d4-0001-0000-0000-000000000001
2026-04-25 11:57:57 | INFO | [FIRESTORE] ✅ Deleted 2 messages from session 58d3a4a1-98c2-4e21-9615-997d70594865__a1b2c3d4-0001-0000-0000-000000000001__1777114525694
2026-04-25 11:58:06 | INFO | [FIRESTORE] 💾 Saving message | session=58d3a4a1-98c2-4e21-9615-997d70594865__a1b2c3d4-0001-0000-0000-000000000001__1777114671643 | tenant=a1b2c3d4-0001-0000-0000-000000000001 | user=58d3a4a1-98c2-4e21-9615-997d70594865
2026-04-25 11:58:06 | INFO | [FIRESTORE] First message: True
2026-04-25 11:58:06 | INFO | [FIRESTORE] ✅ Message saved | doc_id=SbkBGp40XaGQSwWDlqUl
2026-04-25 11:58:07 | INFO | [FIRESTORE] ✅ Session metadata created for 58d3a4a1-98c2-4e21-9615-997d70594865__a1b2c3d4-0001-0000-0000-000000000001__1777114671643
2026-04-25 11:58:39 | INFO | [FIRESTORE] 💾 Saving message | session=58d3a4a1-98c2-4e21-9615-997d70594865__a1b2c3d4-0001-0000-0000-000000000001__1777114671643 | tenant=a1b2c3d4-0001-0000-0000-000000000001 | user=58d3a4a1-98c2-4e21-9615-997d70594865
2026-04-25 11:58:39 | INFO | [FIRESTORE] First message: False
2026-04-25 11:58:40 | INFO | [FIRESTORE] ✅ Message saved | doc_id=nXHycCJgnhBcFVtPf5pU
2026-04-25 11:58:40 | DEBUG | [FIRESTORE] Updated metadata for 58d3a4a1-98c2-4e21-9615-997d70594865__a1b2c3d4-0001-0000-0000-000000000001__1777114671643
2026-04-25 12:41:11 | INFO | [FIRESTORE] 📋 Getting user conversations | user=58d3a4a1-98c2-4e21-9615-997d70594865 | tenant=a1b2c3d4-0001-0000-0000-000000000001
2026-04-25 12:41:46 | INFO | [FIRESTORE] ✅ Found 6 conversations for user 58d3a4a1-98c2-4e21-9615-997d70594865
2026-04-25 12:45:03 | INFO | ✅ FirestoreConversationService initialisé
2026-04-25 12:45:48 | INFO | [FIRESTORE] 🧹 Cleaning old anonymous conversations > 1h
2026-04-25 12:45:49 | INFO | [FIRESTORE] ✅ Cleanup complete: 0 messages, 0 sessions
2026-04-25 12:46:27 | INFO | ✅ FirestoreConversationService initialisé
2026-04-25 12:47:07 | INFO | [FIRESTORE] 🧹 Cleaning old anonymous conversations > 1h
2026-04-25 12:47:08 | INFO | [FIRESTORE] ✅ Cleanup complete: 0 messages, 0 sessions
2026-04-25 12:48:05 | INFO | ✅ FirestoreConversationService initialisé
2026-04-25 12:48:53 | INFO | ✅ FirestoreConversationService initialisé
2026-04-25 12:49:21 | INFO | [FIRESTORE] 🧹 Cleaning old anonymous conversations > 1h
2026-04-25 12:49:22 | INFO | [FIRESTORE] ✅ Cleanup complete: 0 messages, 0 sessions
2026-04-25 12:53:55 | INFO | [FIRESTORE] 📋 Getting user conversations | user=58d3a4a1-98c2-4e21-9615-997d70594865 | tenant=a1b2c3d4-0001-0000-0000-000000000001
2026-04-25 12:53:57 | INFO | [FIRESTORE] ✅ Found 6 conversations for user 58d3a4a1-98c2-4e21-9615-997d70594865
2026-04-25 12:53:59 | INFO | [FIRESTORE] 📖 Getting history | session=58d3a4a1-98c2-4e21-9615-997d70594865__a1b2c3d4-0001-0000-0000-000000000001__1777114671643 | tenant=a1b2c3d4-0001-0000-0000-000000000001
2026-04-25 12:53:59 | INFO | [FIRESTORE] ✅ Retrieved 2 messages
2026-04-25 12:54:10 | INFO | [FIRESTORE] 🗑️ Deleting conversation | session=58d3a4a1-98c2-4e21-9615-997d70594865__a1b2c3d4-0001-0000-0000-000000000001__1777114671643 | tenant=a1b2c3d4-0001-0000-0000-000000000001
2026-04-25 12:54:10 | INFO | [FIRESTORE] ✅ Deleted 2 messages from session 58d3a4a1-98c2-4e21-9615-997d70594865__a1b2c3d4-0001-0000-0000-000000000001__1777114671643
2026-04-25 12:54:46 | INFO | [FIRESTORE] 💾 Saving message | session=58d3a4a1-98c2-4e21-9615-997d70594865__a1b2c3d4-0001-0000-0000-000000000001__1777118050604 | tenant=a1b2c3d4-0001-0000-0000-000000000001 | user=58d3a4a1-98c2-4e21-9615-997d70594865
2026-04-25 12:54:46 | INFO | [FIRESTORE] First message: True
2026-04-25 12:54:46 | INFO | [FIRESTORE] ✅ Message saved | doc_id=3IpkYd5s9kcLwQYnwMVY
2026-04-25 12:54:46 | INFO | [FIRESTORE] ✅ Session metadata created for 58d3a4a1-98c2-4e21-9615-997d70594865__a1b2c3d4-0001-0000-0000-000000000001__1777118050604
2026-04-25 12:55:12 | INFO | [FIRESTORE] 💾 Saving message | session=58d3a4a1-98c2-4e21-9615-997d70594865__a1b2c3d4-0001-0000-0000-000000000001__1777118050604 | tenant=a1b2c3d4-0001-0000-0000-000000000001 | user=58d3a4a1-98c2-4e21-9615-997d70594865
2026-04-25 12:55:13 | INFO | [FIRESTORE] First message: False
2026-04-25 12:55:13 | INFO | [FIRESTORE] ✅ Message saved | doc_id=UH5xXrVUVogTaKH9j7a1
2026-04-25 12:55:13 | DEBUG | [FIRESTORE] Updated metadata for 58d3a4a1-98c2-4e21-9615-997d70594865__a1b2c3d4-0001-0000-0000-000000000001__1777118050604
2026-04-25 12:55:42 | INFO | [FIRESTORE] 📋 Getting user conversations | user=58d3a4a1-98c2-4e21-9615-997d70594865 | tenant=a1b2c3d4-0001-0000-0000-000000000001
2026-04-25 12:55:43 | INFO | [FIRESTORE] ✅ Found 6 conversations for user 58d3a4a1-98c2-4e21-9615-997d70594865
2026-04-25 12:55:58 | INFO | [FIRESTORE] 📖 Getting history | session=58d3a4a1-98c2-4e21-9615-997d70594865__a1b2c3d4-0001-0000-0000-000000000001__1777118050604 | tenant=a1b2c3d4-0001-0000-0000-000000000001
2026-04-25 12:55:58 | INFO | [FIRESTORE] ✅ Retrieved 2 messages
2026-04-25 12:56:16 | INFO | [FIRESTORE] 💾 Saving message | session=58d3a4a1-98c2-4e21-9615-997d70594865__a1b2c3d4-0001-0000-0000-000000000001__1777118050604 | tenant=a1b2c3d4-0001-0000-0000-000000000001 | user=58d3a4a1-98c2-4e21-9615-997d70594865
2026-04-25 12:56:16 | INFO | [FIRESTORE] First message: False
2026-04-25 12:56:16 | INFO | [FIRESTORE] ✅ Message saved | doc_id=5tc5hx4MBdtglWBe77pk
2026-04-25 12:56:16 | DEBUG | [FIRESTORE] Updated metadata for 58d3a4a1-98c2-4e21-9615-997d70594865__a1b2c3d4-0001-0000-0000-000000000001__1777118050604
2026-04-25 12:57:18 | INFO | [FIRESTORE] 💾 Saving message | session=58d3a4a1-98c2-4e21-9615-997d70594865__a1b2c3d4-0001-0000-0000-000000000001__1777118050604 | tenant=a1b2c3d4-0001-0000-0000-000000000001 | user=58d3a4a1-98c2-4e21-9615-997d70594865
2026-04-25 12:57:18 | INFO | [FIRESTORE] First message: False
2026-04-25 12:57:18 | INFO | [FIRESTORE] ✅ Message saved | doc_id=0OAPFpso3j3vGeA1UWwA
2026-04-25 12:57:19 | DEBUG | [FIRESTORE] Updated metadata for 58d3a4a1-98c2-4e21-9615-997d70594865__a1b2c3d4-0001-0000-0000-000000000001__1777118050604
2026-04-25 13:18:03 | INFO | ✅ FirestoreConversationService initialisé
2026-04-25 13:18:54 | INFO | ✅ FirestoreConversationService initialisé
2026-04-25 13:19:32 | INFO | [FIRESTORE] 🧹 Cleaning old anonymous conversations > 1h
2026-04-25 13:19:34 | INFO | [FIRESTORE] ✅ Cleanup complete: 0 messages, 0 sessions
2026-04-25 13:28:06 | INFO | ✅ FirestoreConversationService initialisé
2026-04-25 13:28:49 | INFO | [FIRESTORE] 🧹 Cleaning old anonymous conversations > 1h
2026-04-25 13:28:50 | INFO | [FIRESTORE] ✅ Cleanup complete: 0 messages, 0 sessions
2026-04-25 13:34:11 | INFO | ✅ FirestoreConversationService initialisé
2026-04-25 13:34:53 | INFO | [FIRESTORE] 🧹 Cleaning old anonymous conversations > 1h
2026-04-25 13:34:55 | INFO | [FIRESTORE] ✅ Cleanup complete: 0 messages, 0 sessions
2026-04-25 13:38:41 | INFO | [FIRESTORE] 📋 Getting user conversations | user=58d3a4a1-98c2-4e21-9615-997d70594865 | tenant=a1b2c3d4-0001-0000-0000-000000000001
2026-04-25 13:38:43 | INFO | [FIRESTORE] ✅ Found 6 conversations for user 58d3a4a1-98c2-4e21-9615-997d70594865
2026-04-25 13:38:44 | INFO | [FIRESTORE] 📖 Getting history | session=58d3a4a1-98c2-4e21-9615-997d70594865__a1b2c3d4-0001-0000-0000-000000000001__1777118050604 | tenant=a1b2c3d4-0001-0000-0000-000000000001
2026-04-25 13:38:44 | INFO | [FIRESTORE] ✅ Retrieved 4 messages
2026-04-25 13:39:23 | INFO | [FIRESTORE] 💾 Saving message | session=58d3a4a1-98c2-4e21-9615-997d70594865__a1b2c3d4-0001-0000-0000-000000000001__1777118050604 | tenant=a1b2c3d4-0001-0000-0000-000000000001 | user=58d3a4a1-98c2-4e21-9615-997d70594865
2026-04-25 13:39:23 | INFO | [FIRESTORE] First message: False
2026-04-25 13:39:23 | INFO | [FIRESTORE] ✅ Message saved | doc_id=1DEiRDtz1XFldqbabsXP
2026-04-25 13:39:24 | DEBUG | [FIRESTORE] Updated metadata for 58d3a4a1-98c2-4e21-9615-997d70594865__a1b2c3d4-0001-0000-0000-000000000001__1777118050604
2026-04-25 13:39:51 | INFO | [FIRESTORE] 📋 Getting user conversations | user=58d3a4a1-98c2-4e21-9615-997d70594865 | tenant=a1b2c3d4-0001-0000-0000-000000000001
2026-04-25 13:39:52 | INFO | [FIRESTORE] ✅ Found 6 conversations for user 58d3a4a1-98c2-4e21-9615-997d70594865
2026-04-25 13:39:55 | INFO | [FIRESTORE] 📖 Getting history | session=58d3a4a1-98c2-4e21-9615-997d70594865__a1b2c3d4-0001-0000-0000-000000000001__1777118050604 | tenant=a1b2c3d4-0001-0000-0000-000000000001
2026-04-25 13:39:55 | INFO | [FIRESTORE] ✅ Retrieved 5 messages
2026-04-25 13:40:23 | INFO | [FIRESTORE] 💾 Saving message | session=58d3a4a1-98c2-4e21-9615-997d70594865__a1b2c3d4-0001-0000-0000-000000000001__1777118050604 | tenant=a1b2c3d4-0001-0000-0000-000000000001 | user=58d3a4a1-98c2-4e21-9615-997d70594865
2026-04-25 13:40:23 | INFO | [FIRESTORE] First message: False
2026-04-25 13:40:23 | INFO | [FIRESTORE] ✅ Message saved | doc_id=UuAjvKaahNfSIJzBlbPT
2026-04-25 13:40:23 | DEBUG | [FIRESTORE] Updated metadata for 58d3a4a1-98c2-4e21-9615-997d70594865__a1b2c3d4-0001-0000-0000-000000000001__1777118050604
2026-04-25 13:40:35 | INFO | [FIRESTORE] 📋 Getting user conversations | user=58d3a4a1-98c2-4e21-9615-997d70594865 | tenant=a1b2c3d4-0001-0000-0000-000000000001
2026-04-25 13:40:36 | INFO | [FIRESTORE] ✅ Found 6 conversations for user 58d3a4a1-98c2-4e21-9615-997d70594865
2026-04-25 13:40:37 | INFO | [FIRESTORE] 📖 Getting history | session=58d3a4a1-98c2-4e21-9615-997d70594865__a1b2c3d4-0001-0000-0000-000000000001__1777118050604 | tenant=a1b2c3d4-0001-0000-0000-000000000001
2026-04-25 13:40:37 | INFO | [FIRESTORE] ✅ Retrieved 6 messages
2026-04-25 13:40:54 | INFO | [FIRESTORE] 🗑️ Deleting conversation | session=58d3a4a1-98c2-4e21-9615-997d70594865__a1b2c3d4-0001-0000-0000-000000000001__1777118050604 | tenant=a1b2c3d4-0001-0000-0000-000000000001
2026-04-25 13:40:55 | INFO | [FIRESTORE] ✅ Deleted 6 messages from session 58d3a4a1-98c2-4e21-9615-997d70594865__a1b2c3d4-0001-0000-0000-000000000001__1777118050604
2026-04-25 13:56:48 | INFO | ✅ FirestoreConversationService initialisé
2026-04-25 13:57:44 | INFO | [FIRESTORE] 🧹 Cleaning old anonymous conversations > 1h
2026-04-25 13:57:46 | INFO | [FIRESTORE] ✅ Cleanup complete: 0 messages, 0 sessions
2026-04-25 13:58:03 | INFO | ✅ FirestoreConversationService initialisé
2026-04-25 13:58:39 | INFO | [FIRESTORE] 📋 Getting user conversations | user=58d3a4a1-98c2-4e21-9615-997d70594865 | tenant=a1b2c3d4-0001-0000-0000-000000000001
2026-04-25 13:58:41 | INFO | [FIRESTORE] ✅ Found 5 conversations for user 58d3a4a1-98c2-4e21-9615-997d70594865
2026-04-25 13:58:43 | INFO | [FIRESTORE] 🧹 Cleaning old anonymous conversations > 1h
2026-04-25 13:58:44 | INFO | [FIRESTORE] ✅ Cleanup complete: 0 messages, 0 sessions
2026-04-25 13:58:44 | INFO | [FIRESTORE] 📖 Getting history | session=58d3a4a1-98c2-4e21-9615-997d70594865__a1b2c3d4-0001-0000-0000-000000000001__1776888324008 | tenant=a1b2c3d4-0001-0000-0000-000000000001
2026-04-25 13:58:44 | INFO | [FIRESTORE] ✅ Retrieved 41 messages
2026-04-25 13:59:09 | INFO | [FIRESTORE] 📖 Getting history | session=58d3a4a1-98c2-4e21-9615-997d70594865__a1b2c3d4-0001-0000-0000-000000000001__1777049879063 | tenant=a1b2c3d4-0001-0000-0000-000000000001
2026-04-25 13:59:09 | INFO | [FIRESTORE] ✅ Retrieved 20 messages
2026-04-25 13:59:20 | INFO | [FIRESTORE] 📖 Getting history | session=58d3a4a1-98c2-4e21-9615-997d70594865__a1b2c3d4-0001-0000-0000-000000000001__1776888324008 | tenant=a1b2c3d4-0001-0000-0000-000000000001
2026-04-25 13:59:20 | INFO | [FIRESTORE] ✅ Retrieved 41 messages
2026-04-25 14:03:06 | INFO | ✅ FirestoreConversationService initialisé
2026-04-25 14:04:22 | INFO | ✅ FirestoreConversationService initialisé
2026-04-25 14:04:51 | INFO | [FIRESTORE] 🧹 Cleaning old anonymous conversations > 1h
2026-04-25 14:04:52 | INFO | [FIRESTORE] ✅ Cleanup complete: 0 messages, 0 sessions
2026-04-25 14:09:21 | INFO | ✅ FirestoreConversationService initialisé
2026-04-25 14:09:56 | INFO | [FIRESTORE] 🧹 Cleaning old anonymous conversations > 1h
2026-04-25 14:09:57 | INFO | [FIRESTORE] ✅ Cleanup complete: 0 messages, 0 sessions
2026-04-25 14:10:27 | INFO | [FIRESTORE] 💾 Saving message | session=58d3a4a1-98c2-4e21-9615-997d70594865__a1b2c3d4-0001-0000-0000-000000000001__1776888324008 | tenant=a1b2c3d4-0001-0000-0000-000000000001 | user=58d3a4a1-98c2-4e21-9615-997d70594865
2026-04-25 14:10:27 | INFO | [FIRESTORE] First message: False
2026-04-25 14:10:27 | INFO | [FIRESTORE] ✅ Message saved | doc_id=K0EXaA39p68eH6puNTfU
2026-04-25 14:10:27 | DEBUG | [FIRESTORE] Updated metadata for 58d3a4a1-98c2-4e21-9615-997d70594865__a1b2c3d4-0001-0000-0000-000000000001__1776888324008
2026-04-25 14:12:02 | INFO | [FIRESTORE] 💾 Saving message | session=58d3a4a1-98c2-4e21-9615-997d70594865__a1b2c3d4-0001-0000-0000-000000000001__1776888324008 | tenant=a1b2c3d4-0001-0000-0000-000000000001 | user=58d3a4a1-98c2-4e21-9615-997d70594865
2026-04-25 14:12:02 | INFO | [FIRESTORE] First message: False
2026-04-25 14:12:03 | INFO | [FIRESTORE] ✅ Message saved | doc_id=TfYRrZXbis4GUXDzco5v
2026-04-25 14:12:03 | DEBUG | [FIRESTORE] Updated metadata for 58d3a4a1-98c2-4e21-9615-997d70594865__a1b2c3d4-0001-0000-0000-000000000001__1776888324008
2026-04-25 14:12:36 | INFO | [FIRESTORE] 📋 Getting user conversations | user=58d3a4a1-98c2-4e21-9615-997d70594865 | tenant=a1b2c3d4-0001-0000-0000-000000000001
2026-04-25 14:12:37 | INFO | [FIRESTORE] ✅ Found 5 conversations for user 58d3a4a1-98c2-4e21-9615-997d70594865
2026-04-25 14:39:51 | INFO | [FIRESTORE] 🧹 Cleaning old anonymous conversations > 1h
2026-04-25 14:39:51 | INFO | [FIRESTORE] ✅ Cleanup complete: 0 messages, 0 sessions
2026-04-25 15:34:14 | INFO | ✅ FirestoreConversationService initialisé
2026-04-25 15:34:50 | INFO | [FIRESTORE] 🧹 Cleaning old anonymous conversations > 1h
2026-04-25 15:34:52 | INFO | [FIRESTORE] ✅ Cleanup complete: 0 messages, 0 sessions
2026-04-25 15:40:59 | INFO | [FIRESTORE] 📋 Getting user conversations | user=58d3a4a1-98c2-4e21-9615-997d70594865 | tenant=a1b2c3d4-0001-0000-0000-000000000001
2026-04-25 15:41:00 | INFO | [FIRESTORE] ✅ Found 5 conversations for user 58d3a4a1-98c2-4e21-9615-997d70594865
2026-04-25 15:41:06 | INFO | [FIRESTORE] 📖 Getting history | session=58d3a4a1-98c2-4e21-9615-997d70594865__a1b2c3d4-0001-0000-0000-000000000001__1776888324008 | tenant=a1b2c3d4-0001-0000-0000-000000000001
2026-04-25 15:41:07 | INFO | [FIRESTORE] ✅ Retrieved 43 messages
2026-04-25 16:04:51 | INFO | [FIRESTORE] 🧹 Cleaning old anonymous conversations > 1h
2026-04-25 16:05:28 | INFO | [FIRESTORE] ✅ Cleanup complete: 0 messages, 0 sessions
2026-04-25 16:13:12 | INFO | ✅ FirestoreConversationService initialisé
2026-04-25 16:14:00 | INFO | [FIRESTORE] 🧹 Cleaning old anonymous conversations > 1h
2026-04-25 16:14:02 | INFO | [FIRESTORE] ✅ Cleanup complete: 0 messages, 0 sessions
2026-04-25 16:15:55 | INFO | ✅ FirestoreConversationService initialisé
2026-04-25 16:16:36 | INFO | [FIRESTORE] 🧹 Cleaning old anonymous conversations > 1h
2026-04-25 16:16:38 | INFO | [FIRESTORE] ✅ Cleanup complete: 0 messages, 0 sessions
2026-04-25 16:20:51 | INFO | ✅ FirestoreConversationService initialisé
2026-04-25 16:21:40 | INFO | ✅ FirestoreConversationService initialisé
2026-04-25 16:22:18 | INFO | [FIRESTORE] 🧹 Cleaning old anonymous conversations > 1h
2026-04-25 16:22:20 | INFO | [FIRESTORE] ✅ Cleanup complete: 0 messages, 0 sessions
2026-04-25 16:23:58 | INFO | ✅ FirestoreConversationService initialisé
2026-04-25 16:24:34 | INFO | [FIRESTORE] 🧹 Cleaning old anonymous conversations > 1h
2026-04-25 16:24:35 | INFO | [FIRESTORE] ✅ Cleanup complete: 0 messages, 0 sessions
2026-04-25 16:24:38 | INFO | [FIRESTORE] 📋 Getting user conversations | user=58d3a4a1-98c2-4e21-9615-997d70594865 | tenant=a1b2c3d4-0001-0000-0000-000000000001
2026-04-25 16:24:39 | INFO | [FIRESTORE] ✅ Found 5 conversations for user 58d3a4a1-98c2-4e21-9615-997d70594865
2026-04-25 16:24:41 | INFO | [FIRESTORE] 📖 Getting history | session=58d3a4a1-98c2-4e21-9615-997d70594865__a1b2c3d4-0001-0000-0000-000000000001__1776888324008 | tenant=a1b2c3d4-0001-0000-0000-000000000001
2026-04-25 16:24:41 | INFO | [FIRESTORE] ✅ Retrieved 43 messages
2026-04-25 16:29:53 | INFO | [FIRESTORE] 📋 Getting user conversations | user=58d3a4a1-98c2-4e21-9615-997d70594865 | tenant=a1b2c3d4-0001-0000-0000-000000000001
2026-04-25 16:29:54 | INFO | [FIRESTORE] ✅ Found 5 conversations for user 58d3a4a1-98c2-4e21-9615-997d70594865
2026-04-25 16:29:56 | INFO | [FIRESTORE] 📖 Getting history | session=58d3a4a1-98c2-4e21-9615-997d70594865__a1b2c3d4-0001-0000-0000-000000000001__1776888324008 | tenant=a1b2c3d4-0001-0000-0000-000000000001
2026-04-25 16:29:56 | INFO | [FIRESTORE] ✅ Retrieved 43 messages
2026-04-25 16:47:32 | INFO | ✅ FirestoreConversationService initialisé
2026-04-25 16:48:10 | INFO | [FIRESTORE] 📋 Getting user conversations | user=58d3a4a1-98c2-4e21-9615-997d70594865 | tenant=a1b2c3d4-0001-0000-0000-000000000001
2026-04-25 16:48:12 | INFO | [FIRESTORE] ✅ Found 5 conversations for user 58d3a4a1-98c2-4e21-9615-997d70594865
2026-04-25 16:48:14 | INFO | [FIRESTORE] 🧹 Cleaning old anonymous conversations > 1h
2026-04-25 16:48:14 | INFO | [FIRESTORE] ✅ Cleanup complete: 0 messages, 0 sessions
2026-04-25 16:49:33 | INFO | [FIRESTORE] 📖 Getting history | session=58d3a4a1-98c2-4e21-9615-997d70594865__a1b2c3d4-0001-0000-0000-000000000001__1776888324008 | tenant=a1b2c3d4-0001-0000-0000-000000000001
2026-04-25 16:49:33 | INFO | [FIRESTORE] ✅ Retrieved 43 messages
2026-04-25 16:49:59 | INFO | [FIRESTORE] 💾 Saving message | session=58d3a4a1-98c2-4e21-9615-997d70594865__a1b2c3d4-0001-0000-0000-000000000001__1776888324008 | tenant=a1b2c3d4-0001-0000-0000-000000000001 | user=58d3a4a1-98c2-4e21-9615-997d70594865
2026-04-25 16:49:59 | INFO | [FIRESTORE] First message: False
2026-04-25 16:49:59 | INFO | [FIRESTORE] ✅ Message saved | doc_id=bNPNClqOvzoNJu0cEs7L
2026-04-25 16:49:59 | DEBUG | [FIRESTORE] Updated metadata for 58d3a4a1-98c2-4e21-9615-997d70594865__a1b2c3d4-0001-0000-0000-000000000001__1776888324008
2026-04-25 16:50:31 | INFO | [FIRESTORE] 💾 Saving message | session=58d3a4a1-98c2-4e21-9615-997d70594865__a1b2c3d4-0001-0000-0000-000000000001__1776888324008 | tenant=a1b2c3d4-0001-0000-0000-000000000001 | user=58d3a4a1-98c2-4e21-9615-997d70594865
2026-04-25 16:50:31 | INFO | [FIRESTORE] First message: False
2026-04-25 16:50:31 | INFO | [FIRESTORE] ✅ Message saved | doc_id=0Mrs5DiYK7UrkGocJe2c
2026-04-25 16:50:31 | DEBUG | [FIRESTORE] Updated metadata for 58d3a4a1-98c2-4e21-9615-997d70594865__a1b2c3d4-0001-0000-0000-000000000001__1776888324008
2026-04-25 17:01:13 | INFO | ✅ FirestoreConversationService initialisé
2026-04-25 17:01:49 | INFO | [FIRESTORE] 🧹 Cleaning old anonymous conversations > 1h
2026-04-25 17:01:50 | INFO | [FIRESTORE] ✅ Cleanup complete: 0 messages, 0 sessions
2026-04-25 17:10:46 | INFO | ✅ FirestoreConversationService initialisé
2026-04-25 17:11:36 | INFO | [FIRESTORE] 🧹 Cleaning old anonymous conversations > 1h
2026-04-25 17:11:37 | INFO | [FIRESTORE] ✅ Cleanup complete: 0 messages, 0 sessions
2026-04-25 17:14:44 | INFO | ✅ FirestoreConversationService initialisé
2026-04-25 17:15:33 | INFO | [FIRESTORE] 🧹 Cleaning old anonymous conversations > 1h
2026-04-25 17:15:34 | INFO | [FIRESTORE] ✅ Cleanup complete: 0 messages, 0 sessions
2026-04-25 17:16:07 | INFO | ✅ FirestoreConversationService initialisé
2026-04-25 17:16:52 | INFO | [FIRESTORE] 📋 Getting user conversations | user=58d3a4a1-98c2-4e21-9615-997d70594865 | tenant=a1b2c3d4-0001-0000-0000-000000000001
2026-04-25 17:16:54 | INFO | [FIRESTORE] ✅ Found 5 conversations for user 58d3a4a1-98c2-4e21-9615-997d70594865
2026-04-25 17:16:56 | INFO | [FIRESTORE] 🧹 Cleaning old anonymous conversations > 1h
2026-04-25 17:16:56 | INFO | [FIRESTORE] ✅ Cleanup complete: 0 messages, 0 sessions
2026-04-25 17:17:06 | INFO | [FIRESTORE] 📋 Getting user conversations | user=58d3a4a1-98c2-4e21-9615-997d70594865 | tenant=a1b2c3d4-0001-0000-0000-000000000001
2026-04-25 17:17:07 | INFO | [FIRESTORE] ✅ Found 5 conversations for user 58d3a4a1-98c2-4e21-9615-997d70594865
2026-04-25 17:17:08 | INFO | [FIRESTORE] 📖 Getting history | session=58d3a4a1-98c2-4e21-9615-997d70594865__a1b2c3d4-0001-0000-0000-000000000001__1776888324008 | tenant=a1b2c3d4-0001-0000-0000-000000000001
2026-04-25 17:17:08 | INFO | [FIRESTORE] ✅ Retrieved 45 messages
2026-04-25 17:17:22 | INFO | [FIRESTORE] 💾 Saving message | session=58d3a4a1-98c2-4e21-9615-997d70594865__a1b2c3d4-0001-0000-0000-000000000001__1776888324008 | tenant=a1b2c3d4-0001-0000-0000-000000000001 | user=58d3a4a1-98c2-4e21-9615-997d70594865
2026-04-25 17:17:22 | INFO | [FIRESTORE] First message: False
2026-04-25 17:17:22 | INFO | [FIRESTORE] ✅ Message saved | doc_id=R6Qs3UBgXbuBUwAEa2yq
2026-04-25 17:17:22 | DEBUG | [FIRESTORE] Updated metadata for 58d3a4a1-98c2-4e21-9615-997d70594865__a1b2c3d4-0001-0000-0000-000000000001__1776888324008
2026-04-25 17:17:46 | INFO | [FIRESTORE] 💾 Saving message | session=58d3a4a1-98c2-4e21-9615-997d70594865__a1b2c3d4-0001-0000-0000-000000000001__1776888324008 | tenant=a1b2c3d4-0001-0000-0000-000000000001 | user=58d3a4a1-98c2-4e21-9615-997d70594865
2026-04-25 17:17:46 | INFO | [FIRESTORE] First message: False
2026-04-25 17:17:46 | INFO | [FIRESTORE] ✅ Message saved | doc_id=7PyWjNJQf9QythaaguZf
2026-04-25 17:17:46 | DEBUG | [FIRESTORE] Updated metadata for 58d3a4a1-98c2-4e21-9615-997d70594865__a1b2c3d4-0001-0000-0000-000000000001__1776888324008
2026-04-26 11:15:29 | INFO | ✅ FirestoreConversationService initialisé
2026-04-26 11:17:12 | INFO | [FIRESTORE] 🧹 Cleaning old anonymous conversations > 1h
2026-04-26 11:17:14 | INFO | [FIRESTORE] ✅ Cleanup complete: 0 messages, 0 sessions
2026-04-26 11:20:47 | INFO | ✅ FirestoreConversationService initialisé
2026-04-26 11:21:40 | INFO | [FIRESTORE] 🧹 Cleaning old anonymous conversations > 1h
2026-04-26 11:21:42 | INFO | [FIRESTORE] ✅ Cleanup complete: 0 messages, 0 sessions
2026-04-26 11:27:44 | INFO | ✅ FirestoreConversationService initialisé
2026-04-26 11:29:19 | INFO | [FIRESTORE] 🧹 Cleaning old anonymous conversations > 1h
2026-04-26 11:29:21 | INFO | [FIRESTORE] ✅ Cleanup complete: 0 messages, 0 sessions
2026-04-26 11:36:24 | INFO | ✅ FirestoreConversationService initialisé
2026-04-26 11:36:55 | INFO | [FIRESTORE] 🧹 Cleaning old anonymous conversations > 1h
2026-04-26 11:36:56 | INFO | [FIRESTORE] ✅ Cleanup complete: 0 messages, 0 sessions
2026-04-26 11:40:42 | INFO | ✅ FirestoreConversationService initialisé
2026-04-26 11:41:30 | INFO | [FIRESTORE] 🧹 Cleaning old anonymous conversations > 1h
2026-04-26 11:41:32 | INFO | [FIRESTORE] ✅ Cleanup complete: 0 messages, 0 sessions
2026-04-26 11:43:35 | INFO | ✅ FirestoreConversationService initialisé
2026-04-26 11:44:10 | INFO | [FIRESTORE] 🧹 Cleaning old anonymous conversations > 1h
2026-04-26 11:44:11 | INFO | [FIRESTORE] ✅ Cleanup complete: 0 messages, 0 sessions
2026-04-26 11:56:37 | INFO | ✅ FirestoreConversationService initialisé
2026-04-26 11:57:07 | INFO | [FIRESTORE] 🧹 Cleaning old anonymous conversations > 1h
2026-04-26 11:57:08 | INFO | [FIRESTORE] ✅ Cleanup complete: 0 messages, 0 sessions
2026-04-26 12:27:02 | INFO | [FIRESTORE] 🧹 Cleaning old anonymous conversations > 1h
2026-04-26 12:27:03 | INFO | [FIRESTORE] ✅ Cleanup complete: 0 messages, 0 sessions
2026-04-26 12:57:02 | INFO | [FIRESTORE] 🧹 Cleaning old anonymous conversations > 1h
2026-04-26 12:57:04 | INFO | [FIRESTORE] ✅ Cleanup complete: 0 messages, 0 sessions
2026-04-26 13:07:54 | INFO | ✅ FirestoreConversationService initialisé
2026-04-26 13:08:30 | INFO | [FIRESTORE] 🧹 Cleaning old anonymous conversations > 1h
2026-04-26 13:08:31 | INFO | [FIRESTORE] ✅ Cleanup complete: 0 messages, 0 sessions
2026-04-26 13:19:13 | INFO | ✅ FirestoreConversationService initialisé
2026-04-26 13:20:55 | INFO | [FIRESTORE] 🧹 Cleaning old anonymous conversations > 1h
2026-04-26 13:20:56 | INFO | [FIRESTORE] ✅ Cleanup complete: 0 messages, 0 sessions
2026-04-26 13:28:25 | INFO | ✅ FirestoreConversationService initialisé
2026-04-26 13:29:07 | INFO | ✅ FirestoreConversationService initialisé
2026-04-26 13:29:36 | INFO | [FIRESTORE] 🧹 Cleaning old anonymous conversations > 1h
2026-04-26 13:29:37 | INFO | [FIRESTORE] ✅ Cleanup complete: 0 messages, 0 sessions
2026-04-26 13:31:01 | INFO | ✅ FirestoreConversationService initialisé
2026-04-26 13:31:31 | INFO | [FIRESTORE] 🧹 Cleaning old anonymous conversations > 1h
2026-04-26 13:31:32 | INFO | [FIRESTORE] ✅ Cleanup complete: 0 messages, 0 sessions
2026-04-26 13:33:53 | INFO | ✅ FirestoreConversationService initialisé
2026-04-26 13:34:23 | INFO | [FIRESTORE] 🧹 Cleaning old anonymous conversations > 1h
2026-04-26 13:34:25 | INFO | [FIRESTORE] ✅ Cleanup complete: 0 messages, 0 sessions
2026-04-26 13:34:38 | INFO | [FIRESTORE] 📋 Getting user conversations | user=38fb7e8a-0d7a-4f3c-b530-bccce3d808ff | tenant=a1b2c3d4-0001-0000-0000-000000000001
2026-04-26 13:34:39 | INFO | [FIRESTORE] ✅ Found 0 conversations for user 38fb7e8a-0d7a-4f3c-b530-bccce3d808ff
2026-04-26 13:35:03 | INFO | [FIRESTORE] 📋 Getting user conversations | user=431fff88-549d-46bb-96b1-e4b3521221b7 | tenant=a1b2c3d4-0001-0000-0000-000000000001
2026-04-26 13:35:04 | INFO | [FIRESTORE] ✅ Found 0 conversations for user 431fff88-549d-46bb-96b1-e4b3521221b7
2026-04-26 13:38:09 | INFO | ✅ FirestoreConversationService initialisé
2026-04-26 13:38:38 | INFO | [FIRESTORE] 🧹 Cleaning old anonymous conversations > 1h
2026-04-26 13:38:40 | INFO | [FIRESTORE] ✅ Cleanup complete: 0 messages, 0 sessions
2026-04-26 13:38:53 | INFO | [FIRESTORE] 📋 Getting user conversations | user=38fb7e8a-0d7a-4f3c-b530-bccce3d808ff | tenant=a1b2c3d4-0001-0000-0000-000000000001
2026-04-26 13:38:53 | INFO | [FIRESTORE] ✅ Found 0 conversations for user 38fb7e8a-0d7a-4f3c-b530-bccce3d808ff
2026-04-26 13:40:10 | INFO | [FIRESTORE] 💾 Saving message | session=38fb7e8a-0d7a-4f3c-b530-bccce3d808ff__a1b2c3d4-0001-0000-0000-000000000001__1777207133319 | tenant=a1b2c3d4-0001-0000-0000-000000000001 | user=38fb7e8a-0d7a-4f3c-b530-bccce3d808ff
2026-04-26 13:40:10 | INFO | [FIRESTORE] First message: True
2026-04-26 13:40:10 | INFO | [FIRESTORE] ✅ Message saved | doc_id=ZgxXcoBBYBXTUizMOiyz
2026-04-26 13:40:10 | INFO | [FIRESTORE] ✅ Session metadata created for 38fb7e8a-0d7a-4f3c-b530-bccce3d808ff__a1b2c3d4-0001-0000-0000-000000000001__1777207133319
2026-04-26 13:40:12 | INFO | [FIRESTORE] 📋 Getting user conversations | user=38fb7e8a-0d7a-4f3c-b530-bccce3d808ff | tenant=a1b2c3d4-0001-0000-0000-000000000001
2026-04-26 13:40:13 | INFO | [FIRESTORE] ✅ Found 1 conversations for user 38fb7e8a-0d7a-4f3c-b530-bccce3d808ff
2026-04-26 13:40:16 | INFO | [FIRESTORE] 📖 Getting history | session=38fb7e8a-0d7a-4f3c-b530-bccce3d808ff__a1b2c3d4-0001-0000-0000-000000000001__1777207133319 | tenant=a1b2c3d4-0001-0000-0000-000000000001
2026-04-26 13:40:16 | INFO | [FIRESTORE] ✅ Retrieved 1 messages
2026-04-26 13:45:28 | INFO | ✅ FirestoreConversationService initialisé
2026-04-26 13:45:59 | INFO | [FIRESTORE] 🧹 Cleaning old anonymous conversations > 1h
2026-04-26 13:46:00 | INFO | [FIRESTORE] ✅ Cleanup complete: 0 messages, 0 sessions
2026-04-26 13:46:03 | INFO | [FIRESTORE] 📋 Getting user conversations | user=38fb7e8a-0d7a-4f3c-b530-bccce3d808ff | tenant=a1b2c3d4-0001-0000-0000-000000000001
2026-04-26 13:46:03 | INFO | [FIRESTORE] ✅ Found 1 conversations for user 38fb7e8a-0d7a-4f3c-b530-bccce3d808ff
2026-04-26 13:46:06 | INFO | [FIRESTORE] 📖 Getting history | session=38fb7e8a-0d7a-4f3c-b530-bccce3d808ff__a1b2c3d4-0001-0000-0000-000000000001__1777207133319 | tenant=a1b2c3d4-0001-0000-0000-000000000001
2026-04-26 13:46:06 | INFO | [FIRESTORE] ✅ Retrieved 1 messages
2026-04-26 13:46:22 | INFO | [FIRESTORE] 💾 Saving message | session=38fb7e8a-0d7a-4f3c-b530-bccce3d808ff__a1b2c3d4-0001-0000-0000-000000000001__1777207133319 | tenant=a1b2c3d4-0001-0000-0000-000000000001 | user=38fb7e8a-0d7a-4f3c-b530-bccce3d808ff
2026-04-26 13:46:22 | INFO | [FIRESTORE] First message: False
2026-04-26 13:46:22 | INFO | [FIRESTORE] ✅ Message saved | doc_id=ffsShuL7DKJYJqcBXx5m
2026-04-26 13:46:22 | DEBUG | [FIRESTORE] Updated metadata for 38fb7e8a-0d7a-4f3c-b530-bccce3d808ff__a1b2c3d4-0001-0000-0000-000000000001__1777207133319
2026-04-26 13:46:49 | INFO | [FIRESTORE] 💾 Saving message | session=38fb7e8a-0d7a-4f3c-b530-bccce3d808ff__a1b2c3d4-0001-0000-0000-000000000001__1777207133319 | tenant=a1b2c3d4-0001-0000-0000-000000000001 | user=38fb7e8a-0d7a-4f3c-b530-bccce3d808ff
2026-04-26 13:46:49 | INFO | [FIRESTORE] First message: False
2026-04-26 13:46:50 | INFO | [FIRESTORE] ✅ Message saved | doc_id=dI7IGarOwHo6wJDPI2BS
2026-04-26 13:46:50 | DEBUG | [FIRESTORE] Updated metadata for 38fb7e8a-0d7a-4f3c-b530-bccce3d808ff__a1b2c3d4-0001-0000-0000-000000000001__1777207133319
2026-04-26 13:56:37 | INFO | ✅ FirestoreConversationService initialisé
2026-04-26 13:57:06 | INFO | [FIRESTORE] 📋 Getting user conversations | user=38fb7e8a-0d7a-4f3c-b530-bccce3d808ff | tenant=a1b2c3d4-0001-0000-0000-000000000001
2026-04-26 13:57:08 | INFO | [FIRESTORE] ✅ Found 1 conversations for user 38fb7e8a-0d7a-4f3c-b530-bccce3d808ff
2026-04-26 13:57:11 | INFO | [FIRESTORE] 🧹 Cleaning old anonymous conversations > 1h
2026-04-26 13:57:11 | INFO | [FIRESTORE] ✅ Cleanup complete: 0 messages, 0 sessions
2026-04-26 13:57:12 | INFO | [FIRESTORE] 📖 Getting history | session=38fb7e8a-0d7a-4f3c-b530-bccce3d808ff__a1b2c3d4-0001-0000-0000-000000000001__1777207133319 | tenant=a1b2c3d4-0001-0000-0000-000000000001
2026-04-26 13:57:12 | INFO | [FIRESTORE] ✅ Retrieved 3 messages
2026-04-26 13:57:21 | INFO | [FIRESTORE] 💾 Saving message | session=38fb7e8a-0d7a-4f3c-b530-bccce3d808ff__a1b2c3d4-0001-0000-0000-000000000001__1777207133319 | tenant=a1b2c3d4-0001-0000-0000-000000000001 | user=38fb7e8a-0d7a-4f3c-b530-bccce3d808ff
2026-04-26 13:57:22 | INFO | [FIRESTORE] First message: False
2026-04-26 13:57:22 | INFO | [FIRESTORE] ✅ Message saved | doc_id=4c4YM9zM5bmGxM6oUj43
2026-04-26 13:57:22 | DEBUG | [FIRESTORE] Updated metadata for 38fb7e8a-0d7a-4f3c-b530-bccce3d808ff__a1b2c3d4-0001-0000-0000-000000000001__1777207133319
2026-04-26 13:57:42 | INFO | [FIRESTORE] 💾 Saving message | session=38fb7e8a-0d7a-4f3c-b530-bccce3d808ff__a1b2c3d4-0001-0000-0000-000000000001__1777207133319 | tenant=a1b2c3d4-0001-0000-0000-000000000001 | user=38fb7e8a-0d7a-4f3c-b530-bccce3d808ff
2026-04-26 13:57:42 | INFO | [FIRESTORE] First message: False
2026-04-26 13:57:42 | INFO | [FIRESTORE] ✅ Message saved | doc_id=BS1rdAOV3Nk2qIWBNjoA
2026-04-26 13:57:42 | DEBUG | [FIRESTORE] Updated metadata for 38fb7e8a-0d7a-4f3c-b530-bccce3d808ff__a1b2c3d4-0001-0000-0000-000000000001__1777207133319
2026-04-26 14:05:06 | INFO | ✅ FirestoreConversationService initialisé
2026-04-26 14:05:33 | INFO | [FIRESTORE] 📋 Getting user conversations | user=38fb7e8a-0d7a-4f3c-b530-bccce3d808ff | tenant=a1b2c3d4-0001-0000-0000-000000000001
2026-04-26 14:05:35 | INFO | [FIRESTORE] ✅ Found 1 conversations for user 38fb7e8a-0d7a-4f3c-b530-bccce3d808ff
2026-04-26 14:05:38 | INFO | [FIRESTORE] 🧹 Cleaning old anonymous conversations > 1h
2026-04-26 14:05:38 | INFO | [FIRESTORE] ✅ Cleanup complete: 0 messages, 0 sessions
2026-04-26 14:05:57 | INFO | [FIRESTORE] 📖 Getting history | session=38fb7e8a-0d7a-4f3c-b530-bccce3d808ff__a1b2c3d4-0001-0000-0000-000000000001__1777207133319 | tenant=a1b2c3d4-0001-0000-0000-000000000001
2026-04-26 14:05:57 | INFO | [FIRESTORE] ✅ Retrieved 5 messages
2026-04-26 14:06:07 | INFO | [FIRESTORE] 💾 Saving message | session=38fb7e8a-0d7a-4f3c-b530-bccce3d808ff__a1b2c3d4-0001-0000-0000-000000000001__1777207133319 | tenant=a1b2c3d4-0001-0000-0000-000000000001 | user=38fb7e8a-0d7a-4f3c-b530-bccce3d808ff
2026-04-26 14:06:07 | INFO | [FIRESTORE] First message: False
2026-04-26 14:06:07 | INFO | [FIRESTORE] ✅ Message saved | doc_id=18aMrq5JF1AkISVblonE
2026-04-26 14:06:08 | DEBUG | [FIRESTORE] Updated metadata for 38fb7e8a-0d7a-4f3c-b530-bccce3d808ff__a1b2c3d4-0001-0000-0000-000000000001__1777207133319
2026-04-26 14:06:25 | INFO | [FIRESTORE] 💾 Saving message | session=38fb7e8a-0d7a-4f3c-b530-bccce3d808ff__a1b2c3d4-0001-0000-0000-000000000001__1777207133319 | tenant=a1b2c3d4-0001-0000-0000-000000000001 | user=38fb7e8a-0d7a-4f3c-b530-bccce3d808ff
2026-04-26 14:06:25 | INFO | [FIRESTORE] First message: False
2026-04-26 14:06:25 | INFO | [FIRESTORE] ✅ Message saved | doc_id=pECnPP0klU3Tlj53xJA4
2026-04-26 14:06:25 | DEBUG | [FIRESTORE] Updated metadata for 38fb7e8a-0d7a-4f3c-b530-bccce3d808ff__a1b2c3d4-0001-0000-0000-000000000001__1777207133319
2026-04-26 14:06:32 | INFO | [FIRESTORE] 💾 Saving message | session=38fb7e8a-0d7a-4f3c-b530-bccce3d808ff__a1b2c3d4-0001-0000-0000-000000000001__1777207133319 | tenant=a1b2c3d4-0001-0000-0000-000000000001 | user=38fb7e8a-0d7a-4f3c-b530-bccce3d808ff
2026-04-26 14:06:32 | INFO | [FIRESTORE] First message: False
2026-04-26 14:06:33 | INFO | [FIRESTORE] ✅ Message saved | doc_id=lk2DZtWBfbQ8QUImnGRr
2026-04-26 14:06:33 | DEBUG | [FIRESTORE] Updated metadata for 38fb7e8a-0d7a-4f3c-b530-bccce3d808ff__a1b2c3d4-0001-0000-0000-000000000001__1777207133319
2026-04-26 14:13:07 | INFO | ✅ FirestoreConversationService initialisé
2026-04-26 14:14:00 | INFO | [FIRESTORE] 🧹 Cleaning old anonymous conversations > 1h
2026-04-26 14:14:02 | INFO | [FIRESTORE] ✅ Cleanup complete: 0 messages, 0 sessions
2026-04-26 14:14:38 | INFO | ✅ FirestoreConversationService initialisé
2026-04-26 14:15:07 | INFO | [FIRESTORE] 📋 Getting user conversations | user=38fb7e8a-0d7a-4f3c-b530-bccce3d808ff | tenant=a1b2c3d4-0001-0000-0000-000000000001
2026-04-26 14:15:08 | INFO | [FIRESTORE] ✅ Found 1 conversations for user 38fb7e8a-0d7a-4f3c-b530-bccce3d808ff
2026-04-26 14:15:12 | INFO | [FIRESTORE] 🧹 Cleaning old anonymous conversations > 1h
2026-04-26 14:15:12 | INFO | [FIRESTORE] ✅ Cleanup complete: 0 messages, 0 sessions
2026-04-26 14:15:27 | INFO | [FIRESTORE] 📖 Getting history | session=38fb7e8a-0d7a-4f3c-b530-bccce3d808ff__a1b2c3d4-0001-0000-0000-000000000001__1777207133319 | tenant=a1b2c3d4-0001-0000-0000-000000000001
2026-04-26 14:15:27 | INFO | [FIRESTORE] ✅ Retrieved 8 messages
2026-04-26 14:15:39 | INFO | [FIRESTORE] 💾 Saving message | session=38fb7e8a-0d7a-4f3c-b530-bccce3d808ff__a1b2c3d4-0001-0000-0000-000000000001__1777207133319 | tenant=a1b2c3d4-0001-0000-0000-000000000001 | user=38fb7e8a-0d7a-4f3c-b530-bccce3d808ff
2026-04-26 14:15:39 | INFO | [FIRESTORE] First message: False
2026-04-26 14:15:39 | INFO | [FIRESTORE] ✅ Message saved | doc_id=eVvB4nvMZeCGeZgXJ7DL
2026-04-26 14:15:39 | DEBUG | [FIRESTORE] Updated metadata for 38fb7e8a-0d7a-4f3c-b530-bccce3d808ff__a1b2c3d4-0001-0000-0000-000000000001__1777207133319
2026-04-26 14:15:58 | INFO | [FIRESTORE] 💾 Saving message | session=38fb7e8a-0d7a-4f3c-b530-bccce3d808ff__a1b2c3d4-0001-0000-0000-000000000001__1777207133319 | tenant=a1b2c3d4-0001-0000-0000-000000000001 | user=38fb7e8a-0d7a-4f3c-b530-bccce3d808ff
2026-04-26 14:15:59 | INFO | [FIRESTORE] First message: False
2026-04-26 14:15:59 | INFO | [FIRESTORE] ✅ Message saved | doc_id=o0zrxlvFjKlQ2shyX6or
2026-04-26 14:15:59 | DEBUG | [FIRESTORE] Updated metadata for 38fb7e8a-0d7a-4f3c-b530-bccce3d808ff__a1b2c3d4-0001-0000-0000-000000000001__1777207133319
2026-04-26 14:16:07 | INFO | [FIRESTORE] 💾 Saving message | session=38fb7e8a-0d7a-4f3c-b530-bccce3d808ff__a1b2c3d4-0001-0000-0000-000000000001__1777207133319 | tenant=a1b2c3d4-0001-0000-0000-000000000001 | user=38fb7e8a-0d7a-4f3c-b530-bccce3d808ff
2026-04-26 14:16:07 | INFO | [FIRESTORE] First message: False
2026-04-26 14:16:07 | INFO | [FIRESTORE] ✅ Message saved | doc_id=ARYhFxabqNQDwrTaQLEx
2026-04-26 14:16:07 | DEBUG | [FIRESTORE] Updated metadata for 38fb7e8a-0d7a-4f3c-b530-bccce3d808ff__a1b2c3d4-0001-0000-0000-000000000001__1777207133319
2026-04-26 14:18:15 | INFO | ✅ FirestoreConversationService initialisé
2026-04-26 14:18:43 | INFO | [FIRESTORE] 📋 Getting user conversations | user=38fb7e8a-0d7a-4f3c-b530-bccce3d808ff | tenant=a1b2c3d4-0001-0000-0000-000000000001
2026-04-26 14:18:45 | INFO | [FIRESTORE] ✅ Found 1 conversations for user 38fb7e8a-0d7a-4f3c-b530-bccce3d808ff
2026-04-26 14:18:48 | INFO | [FIRESTORE] 🧹 Cleaning old anonymous conversations > 1h
2026-04-26 14:18:48 | INFO | [FIRESTORE] ✅ Cleanup complete: 0 messages, 0 sessions
2026-04-26 14:18:48 | INFO | [FIRESTORE] 📖 Getting history | session=38fb7e8a-0d7a-4f3c-b530-bccce3d808ff__a1b2c3d4-0001-0000-0000-000000000001__1777207133319 | tenant=a1b2c3d4-0001-0000-0000-000000000001
2026-04-26 14:18:48 | INFO | [FIRESTORE] ✅ Retrieved 11 messages
2026-04-26 14:18:59 | INFO | [FIRESTORE] 💾 Saving message | session=38fb7e8a-0d7a-4f3c-b530-bccce3d808ff__a1b2c3d4-0001-0000-0000-000000000001__1777207133319 | tenant=a1b2c3d4-0001-0000-0000-000000000001 | user=38fb7e8a-0d7a-4f3c-b530-bccce3d808ff
2026-04-26 14:18:59 | INFO | [FIRESTORE] First message: False
2026-04-26 14:18:59 | INFO | [FIRESTORE] ✅ Message saved | doc_id=xyjOZ4SfPBOhLrg18Vx0
2026-04-26 14:18:59 | DEBUG | [FIRESTORE] Updated metadata for 38fb7e8a-0d7a-4f3c-b530-bccce3d808ff__a1b2c3d4-0001-0000-0000-000000000001__1777207133319
2026-04-26 14:19:21 | INFO | [FIRESTORE] 💾 Saving message | session=38fb7e8a-0d7a-4f3c-b530-bccce3d808ff__a1b2c3d4-0001-0000-0000-000000000001__1777207133319 | tenant=a1b2c3d4-0001-0000-0000-000000000001 | user=38fb7e8a-0d7a-4f3c-b530-bccce3d808ff
2026-04-26 14:19:21 | INFO | [FIRESTORE] First message: False
2026-04-26 14:19:21 | INFO | [FIRESTORE] ✅ Message saved | doc_id=BtPDjc2SxAtqlNhGsN5Q
2026-04-26 14:19:21 | DEBUG | [FIRESTORE] Updated metadata for 38fb7e8a-0d7a-4f3c-b530-bccce3d808ff__a1b2c3d4-0001-0000-0000-000000000001__1777207133319
2026-04-26 14:20:01 | INFO | [FIRESTORE] 💾 Saving message | session=38fb7e8a-0d7a-4f3c-b530-bccce3d808ff__a1b2c3d4-0001-0000-0000-000000000001__1777207133319 | tenant=a1b2c3d4-0001-0000-0000-000000000001 | user=38fb7e8a-0d7a-4f3c-b530-bccce3d808ff
2026-04-26 14:20:01 | INFO | [FIRESTORE] First message: False
2026-04-26 14:20:01 | INFO | [FIRESTORE] ✅ Message saved | doc_id=bpTlq2OI1ek0z2c0WIDl
2026-04-26 14:20:01 | DEBUG | [FIRESTORE] Updated metadata for 38fb7e8a-0d7a-4f3c-b530-bccce3d808ff__a1b2c3d4-0001-0000-0000-000000000001__1777207133319
2026-04-26 14:20:58 | INFO | [FIRESTORE] 💾 Saving message | session=38fb7e8a-0d7a-4f3c-b530-bccce3d808ff__a1b2c3d4-0001-0000-0000-000000000001__1777207133319 | tenant=a1b2c3d4-0001-0000-0000-000000000001 | user=38fb7e8a-0d7a-4f3c-b530-bccce3d808ff
2026-04-26 14:20:58 | INFO | [FIRESTORE] First message: False
2026-04-26 14:20:58 | INFO | [FIRESTORE] ✅ Message saved | doc_id=maZDqMZi90Kn00qzTsXl
2026-04-26 14:20:58 | DEBUG | [FIRESTORE] Updated metadata for 38fb7e8a-0d7a-4f3c-b530-bccce3d808ff__a1b2c3d4-0001-0000-0000-000000000001__1777207133319
2026-04-26 14:22:48 | INFO | [FIRESTORE] 📋 Getting user conversations | user=38fb7e8a-0d7a-4f3c-b530-bccce3d808ff | tenant=a1b2c3d4-0001-0000-0000-000000000001
2026-04-26 14:22:48 | INFO | [FIRESTORE] ✅ Found 1 conversations for user 38fb7e8a-0d7a-4f3c-b530-bccce3d808ff
2026-04-26 14:22:52 | INFO | [FIRESTORE] 📖 Getting history | session=38fb7e8a-0d7a-4f3c-b530-bccce3d808ff__a1b2c3d4-0001-0000-0000-000000000001__1777207133319 | tenant=a1b2c3d4-0001-0000-0000-000000000001
2026-04-26 14:22:52 | INFO | [FIRESTORE] ✅ Retrieved 15 messages
2026-04-26 14:48:43 | INFO | [FIRESTORE] 🧹 Cleaning old anonymous conversations > 1h
2026-04-26 14:48:43 | INFO | [FIRESTORE] ✅ Cleanup complete: 0 messages, 0 sessions
2026-04-26 14:48:57 | INFO | [FIRESTORE] 📋 Getting user conversations | user=38fb7e8a-0d7a-4f3c-b530-bccce3d808ff | tenant=a1b2c3d4-0001-0000-0000-000000000001
2026-04-26 14:48:57 | INFO | [FIRESTORE] ✅ Found 1 conversations for user 38fb7e8a-0d7a-4f3c-b530-bccce3d808ff
2026-04-26 14:49:00 | INFO | [FIRESTORE] 📖 Getting history | session=38fb7e8a-0d7a-4f3c-b530-bccce3d808ff__a1b2c3d4-0001-0000-0000-000000000001__1777207133319 | tenant=a1b2c3d4-0001-0000-0000-000000000001
2026-04-26 14:49:01 | INFO | [FIRESTORE] ✅ Retrieved 15 messages
2026-04-26 14:51:08 | INFO | [FIRESTORE] 💾 Saving message | session=38fb7e8a-0d7a-4f3c-b530-bccce3d808ff__a1b2c3d4-0001-0000-0000-000000000001__1777207133319 | tenant=a1b2c3d4-0001-0000-0000-000000000001 | user=38fb7e8a-0d7a-4f3c-b530-bccce3d808ff
2026-04-26 14:51:08 | INFO | [FIRESTORE] First message: False
2026-04-26 14:51:08 | INFO | [FIRESTORE] ✅ Message saved | doc_id=EwGC8HJV7AMX7bwZdZ3R
2026-04-26 14:51:09 | DEBUG | [FIRESTORE] Updated metadata for 38fb7e8a-0d7a-4f3c-b530-bccce3d808ff__a1b2c3d4-0001-0000-0000-000000000001__1777207133319
2026-04-26 14:51:19 | INFO | [FIRESTORE] 📋 Getting user conversations | user=38fb7e8a-0d7a-4f3c-b530-bccce3d808ff | tenant=a1b2c3d4-0001-0000-0000-000000000001
2026-04-26 14:51:19 | INFO | [FIRESTORE] ✅ Found 1 conversations for user 38fb7e8a-0d7a-4f3c-b530-bccce3d808ff
2026-04-26 14:51:21 | INFO | [FIRESTORE] 📖 Getting history | session=38fb7e8a-0d7a-4f3c-b530-bccce3d808ff__a1b2c3d4-0001-0000-0000-000000000001__1777207133319 | tenant=a1b2c3d4-0001-0000-0000-000000000001
2026-04-26 14:51:22 | INFO | [FIRESTORE] ✅ Retrieved 16 messages
2026-04-26 14:53:26 | INFO | [FIRESTORE] 💾 Saving message | session=38fb7e8a-0d7a-4f3c-b530-bccce3d808ff__a1b2c3d4-0001-0000-0000-000000000001__1777207133319 | tenant=a1b2c3d4-0001-0000-0000-000000000001 | user=38fb7e8a-0d7a-4f3c-b530-bccce3d808ff
2026-04-26 14:53:26 | INFO | [FIRESTORE] First message: False
2026-04-26 14:53:26 | INFO | [FIRESTORE] ✅ Message saved | doc_id=q4DYDldiUP3kvnKLAMe5
2026-04-26 14:53:27 | DEBUG | [FIRESTORE] Updated metadata for 38fb7e8a-0d7a-4f3c-b530-bccce3d808ff__a1b2c3d4-0001-0000-0000-000000000001__1777207133319
2026-04-26 14:54:00 | INFO | [FIRESTORE] 📋 Getting user conversations | user=38fb7e8a-0d7a-4f3c-b530-bccce3d808ff | tenant=a1b2c3d4-0001-0000-0000-000000000001
2026-04-26 14:54:00 | INFO | [FIRESTORE] ✅ Found 1 conversations for user 38fb7e8a-0d7a-4f3c-b530-bccce3d808ff
2026-04-26 14:54:02 | INFO | [FIRESTORE] 📖 Getting history | session=38fb7e8a-0d7a-4f3c-b530-bccce3d808ff__a1b2c3d4-0001-0000-0000-000000000001__1777207133319 | tenant=a1b2c3d4-0001-0000-0000-000000000001
2026-04-26 14:54:02 | INFO | [FIRESTORE] ✅ Retrieved 17 messages
2026-04-26 14:58:37 | INFO | [FIRESTORE] 💾 Saving message | session=38fb7e8a-0d7a-4f3c-b530-bccce3d808ff__a1b2c3d4-0001-0000-0000-000000000001__1777207133319 | tenant=a1b2c3d4-0001-0000-0000-000000000001 | user=38fb7e8a-0d7a-4f3c-b530-bccce3d808ff
2026-04-26 14:58:37 | INFO | [FIRESTORE] First message: False
2026-04-26 14:58:37 | INFO | [FIRESTORE] ✅ Message saved | doc_id=zeT6O7Vkm46l45tILGuS
2026-04-26 14:58:37 | DEBUG | [FIRESTORE] Updated metadata for 38fb7e8a-0d7a-4f3c-b530-bccce3d808ff__a1b2c3d4-0001-0000-0000-000000000001__1777207133319
2026-04-26 15:00:43 | INFO | [FIRESTORE] 💾 Saving message | session=38fb7e8a-0d7a-4f3c-b530-bccce3d808ff__a1b2c3d4-0001-0000-0000-000000000001__1777207133319 | tenant=a1b2c3d4-0001-0000-0000-000000000001 | user=38fb7e8a-0d7a-4f3c-b530-bccce3d808ff
2026-04-26 15:00:44 | INFO | [FIRESTORE] First message: False
2026-04-26 15:00:44 | INFO | [FIRESTORE] ✅ Message saved | doc_id=NrySruN8xLTXARmwtH45
2026-04-26 15:00:44 | DEBUG | [FIRESTORE] Updated metadata for 38fb7e8a-0d7a-4f3c-b530-bccce3d808ff__a1b2c3d4-0001-0000-0000-000000000001__1777207133319
2026-04-26 15:06:01 | INFO | ✅ FirestoreConversationService initialisé
2026-04-26 15:06:39 | INFO | [FIRESTORE] 🧹 Cleaning old anonymous conversations > 1h
2026-04-26 15:06:40 | INFO | [FIRESTORE] ✅ Cleanup complete: 0 messages, 0 sessions
2026-04-26 15:19:40 | INFO | [FIRESTORE] 📋 Getting user conversations | user=38fb7e8a-0d7a-4f3c-b530-bccce3d808ff | tenant=a1b2c3d4-0001-0000-0000-000000000001
2026-04-26 15:19:40 | INFO | [FIRESTORE] ✅ Found 1 conversations for user 38fb7e8a-0d7a-4f3c-b530-bccce3d808ff
2026-04-26 15:19:42 | INFO | [FIRESTORE] 📖 Getting history | session=38fb7e8a-0d7a-4f3c-b530-bccce3d808ff__a1b2c3d4-0001-0000-0000-000000000001__1777207133319 | tenant=a1b2c3d4-0001-0000-0000-000000000001
2026-04-26 15:19:42 | INFO | [FIRESTORE] ✅ Retrieved 19 messages
2026-04-26 15:23:02 | INFO | ✅ FirestoreConversationService initialisé
2026-04-26 15:24:06 | INFO | ✅ FirestoreConversationService initialisé
2026-04-26 15:24:34 | INFO | [FIRESTORE] 🧹 Cleaning old anonymous conversations > 1h
2026-04-26 15:24:36 | INFO | [FIRESTORE] ✅ Cleanup complete: 0 messages, 0 sessions
2026-04-26 15:24:51 | INFO | [FIRESTORE] 💾 Saving message | session=38fb7e8a-0d7a-4f3c-b530-bccce3d808ff__a1b2c3d4-0001-0000-0000-000000000001__1777207133319 | tenant=a1b2c3d4-0001-0000-0000-000000000001 | user=38fb7e8a-0d7a-4f3c-b530-bccce3d808ff
2026-04-26 15:24:52 | INFO | [FIRESTORE] First message: False
2026-04-26 15:24:52 | INFO | [FIRESTORE] ✅ Message saved | doc_id=56NlVHaKYBbkj4OcO1Lu
2026-04-26 15:24:52 | DEBUG | [FIRESTORE] Updated metadata for 38fb7e8a-0d7a-4f3c-b530-bccce3d808ff__a1b2c3d4-0001-0000-0000-000000000001__1777207133319
2026-04-26 15:25:52 | INFO | [FIRESTORE] 💾 Saving message | session=38fb7e8a-0d7a-4f3c-b530-bccce3d808ff__a1b2c3d4-0001-0000-0000-000000000001__1777207133319 | tenant=a1b2c3d4-0001-0000-0000-000000000001 | user=38fb7e8a-0d7a-4f3c-b530-bccce3d808ff
2026-04-26 15:25:52 | INFO | [FIRESTORE] First message: False
2026-04-26 15:25:52 | INFO | [FIRESTORE] ✅ Message saved | doc_id=xi98AkAebDhbvcF1TjwV
2026-04-26 15:25:53 | DEBUG | [FIRESTORE] Updated metadata for 38fb7e8a-0d7a-4f3c-b530-bccce3d808ff__a1b2c3d4-0001-0000-0000-000000000001__1777207133319
2026-04-26 15:30:26 | INFO | ✅ FirestoreConversationService initialisé
2026-04-26 15:31:04 | INFO | [FIRESTORE] 📋 Getting user conversations | user=38fb7e8a-0d7a-4f3c-b530-bccce3d808ff | tenant=a1b2c3d4-0001-0000-0000-000000000001
2026-04-26 15:31:06 | INFO | [FIRESTORE] ✅ Found 1 conversations for user 38fb7e8a-0d7a-4f3c-b530-bccce3d808ff
2026-04-26 15:31:06 | INFO | [FIRESTORE] 📋 Getting user conversations | user=38fb7e8a-0d7a-4f3c-b530-bccce3d808ff | tenant=a1b2c3d4-0001-0000-0000-000000000001
2026-04-26 15:31:06 | INFO | [FIRESTORE] ✅ Found 1 conversations for user 38fb7e8a-0d7a-4f3c-b530-bccce3d808ff
2026-04-26 15:31:09 | INFO | [FIRESTORE] 🧹 Cleaning old anonymous conversations > 1h
2026-04-26 15:31:09 | INFO | [FIRESTORE] ✅ Cleanup complete: 0 messages, 0 sessions
2026-04-26 15:31:09 | INFO | [FIRESTORE] 📖 Getting history | session=38fb7e8a-0d7a-4f3c-b530-bccce3d808ff__a1b2c3d4-0001-0000-0000-000000000001__1777207133319 | tenant=a1b2c3d4-0001-0000-0000-000000000001
2026-04-26 15:31:09 | INFO | [FIRESTORE] ✅ Retrieved 21 messages
2026-04-26 15:31:51 | INFO | [FIRESTORE] 💾 Saving message | session=38fb7e8a-0d7a-4f3c-b530-bccce3d808ff__a1b2c3d4-0001-0000-0000-000000000001__1777207133319 | tenant=a1b2c3d4-0001-0000-0000-000000000001 | user=38fb7e8a-0d7a-4f3c-b530-bccce3d808ff
2026-04-26 15:31:51 | INFO | [FIRESTORE] First message: False
2026-04-26 15:31:51 | INFO | [FIRESTORE] ✅ Message saved | doc_id=IaFZjiv5be2NRMmrFrID
2026-04-26 15:31:51 | DEBUG | [FIRESTORE] Updated metadata for 38fb7e8a-0d7a-4f3c-b530-bccce3d808ff__a1b2c3d4-0001-0000-0000-000000000001__1777207133319
2026-04-26 15:32:41 | INFO | [FIRESTORE] 💾 Saving message | session=38fb7e8a-0d7a-4f3c-b530-bccce3d808ff__a1b2c3d4-0001-0000-0000-000000000001__1777207133319 | tenant=a1b2c3d4-0001-0000-0000-000000000001 | user=38fb7e8a-0d7a-4f3c-b530-bccce3d808ff
2026-04-26 15:32:41 | INFO | [FIRESTORE] First message: False
2026-04-26 15:32:41 | INFO | [FIRESTORE] ✅ Message saved | doc_id=Dor9dUW4Np0JLOhW6MMW
2026-04-26 15:32:41 | DEBUG | [FIRESTORE] Updated metadata for 38fb7e8a-0d7a-4f3c-b530-bccce3d808ff__a1b2c3d4-0001-0000-0000-000000000001__1777207133319
2026-04-26 15:35:25 | INFO | [FIRESTORE] 📋 Getting user conversations | user=38fb7e8a-0d7a-4f3c-b530-bccce3d808ff | tenant=a1b2c3d4-0001-0000-0000-000000000001
2026-04-26 15:35:26 | INFO | [FIRESTORE] ✅ Found 1 conversations for user 38fb7e8a-0d7a-4f3c-b530-bccce3d808ff
2026-04-26 15:35:28 | INFO | [FIRESTORE] 📖 Getting history | session=38fb7e8a-0d7a-4f3c-b530-bccce3d808ff__a1b2c3d4-0001-0000-0000-000000000001__1777207133319 | tenant=a1b2c3d4-0001-0000-0000-000000000001
2026-04-26 15:35:28 | INFO | [FIRESTORE] ✅ Retrieved 23 messages
2026-04-26 15:36:10 | INFO | [FIRESTORE] 💾 Saving message | session=38fb7e8a-0d7a-4f3c-b530-bccce3d808ff__a1b2c3d4-0001-0000-0000-000000000001__1777207133319 | tenant=a1b2c3d4-0001-0000-0000-000000000001 | user=38fb7e8a-0d7a-4f3c-b530-bccce3d808ff
2026-04-26 15:36:10 | INFO | [FIRESTORE] First message: False
2026-04-26 15:36:10 | INFO | [FIRESTORE] ✅ Message saved | doc_id=68ioPS3QpDyrxIJOkg03
2026-04-26 15:36:11 | DEBUG | [FIRESTORE] Updated metadata for 38fb7e8a-0d7a-4f3c-b530-bccce3d808ff__a1b2c3d4-0001-0000-0000-000000000001__1777207133319
2026-04-26 15:36:44 | INFO | [FIRESTORE] 💾 Saving message | session=38fb7e8a-0d7a-4f3c-b530-bccce3d808ff__a1b2c3d4-0001-0000-0000-000000000001__1777207133319 | tenant=a1b2c3d4-0001-0000-0000-000000000001 | user=38fb7e8a-0d7a-4f3c-b530-bccce3d808ff
2026-04-26 15:36:44 | INFO | [FIRESTORE] First message: False
2026-04-26 15:36:45 | INFO | [FIRESTORE] ✅ Message saved | doc_id=WqKbo85p7f7cIkILbJio
2026-04-26 15:36:45 | DEBUG | [FIRESTORE] Updated metadata for 38fb7e8a-0d7a-4f3c-b530-bccce3d808ff__a1b2c3d4-0001-0000-0000-000000000001__1777207133319
2026-04-26 15:37:23 | INFO | [FIRESTORE] 💾 Saving message | session=38fb7e8a-0d7a-4f3c-b530-bccce3d808ff__a1b2c3d4-0001-0000-0000-000000000001__1777207133319 | tenant=a1b2c3d4-0001-0000-0000-000000000001 | user=38fb7e8a-0d7a-4f3c-b530-bccce3d808ff
2026-04-26 15:37:23 | INFO | [FIRESTORE] First message: False
2026-04-26 15:37:23 | INFO | [FIRESTORE] ✅ Message saved | doc_id=F3kLUVw4JHvlQbJFLIAO
2026-04-26 15:37:24 | DEBUG | [FIRESTORE] Updated metadata for 38fb7e8a-0d7a-4f3c-b530-bccce3d808ff__a1b2c3d4-0001-0000-0000-000000000001__1777207133319
2026-04-26 15:37:54 | INFO | [FIRESTORE] 📋 Getting user conversations | user=38fb7e8a-0d7a-4f3c-b530-bccce3d808ff | tenant=a1b2c3d4-0001-0000-0000-000000000001
2026-04-26 15:37:54 | INFO | [FIRESTORE] ✅ Found 1 conversations for user 38fb7e8a-0d7a-4f3c-b530-bccce3d808ff
2026-04-26 15:37:56 | INFO | [FIRESTORE] 📖 Getting history | session=38fb7e8a-0d7a-4f3c-b530-bccce3d808ff__a1b2c3d4-0001-0000-0000-000000000001__1777207133319 | tenant=a1b2c3d4-0001-0000-0000-000000000001
2026-04-26 15:37:56 | INFO | [FIRESTORE] ✅ Retrieved 26 messages
2026-04-26 15:50:05 | INFO | ✅ FirestoreConversationService initialisé
2026-04-26 15:51:13 | INFO | ✅ FirestoreConversationService initialisé
2026-04-26 15:52:10 | INFO | ✅ FirestoreConversationService initialisé
2026-04-26 15:52:59 | INFO | [FIRESTORE] 🧹 Cleaning old anonymous conversations > 1h
2026-04-26 15:53:01 | INFO | [FIRESTORE] ✅ Cleanup complete: 0 messages, 0 sessions
2026-04-26 15:55:37 | INFO | ✅ FirestoreConversationService initialisé
2026-04-26 15:56:40 | INFO | ✅ FirestoreConversationService initialisé
2026-04-26 15:57:17 | INFO | [FIRESTORE] 🧹 Cleaning old anonymous conversations > 1h
2026-04-26 15:57:19 | INFO | [FIRESTORE] ✅ Cleanup complete: 0 messages, 0 sessions
2026-04-26 16:04:25 | INFO | [FIRESTORE] 💾 Saving message | session=38fb7e8a-0d7a-4f3c-b530-bccce3d808ff__a1b2c3d4-0001-0000-0000-000000000001__1777207133319 | tenant=a1b2c3d4-0001-0000-0000-000000000001 | user=38fb7e8a-0d7a-4f3c-b530-bccce3d808ff
2026-04-26 16:04:26 | INFO | [FIRESTORE] First message: False
2026-04-26 16:04:26 | INFO | [FIRESTORE] ✅ Message saved | doc_id=CUmU6V3Z10dVXWj0ydQi
2026-04-26 16:04:26 | DEBUG | [FIRESTORE] Updated metadata for 38fb7e8a-0d7a-4f3c-b530-bccce3d808ff__a1b2c3d4-0001-0000-0000-000000000001__1777207133319
2026-04-26 16:25:03 | INFO | [FIRESTORE] 📋 Getting user conversations | user=38fb7e8a-0d7a-4f3c-b530-bccce3d808ff | tenant=a1b2c3d4-0001-0000-0000-000000000001
2026-04-26 16:25:04 | INFO | [FIRESTORE] ✅ Found 1 conversations for user 38fb7e8a-0d7a-4f3c-b530-bccce3d808ff
2026-04-26 16:27:12 | INFO | [FIRESTORE] 🧹 Cleaning old anonymous conversations > 1h
2026-04-26 16:27:13 | INFO | [FIRESTORE] ✅ Cleanup complete: 0 messages, 0 sessions
2026-04-26 16:35:15 | INFO | [FIRESTORE] 📖 Getting history | session=38fb7e8a-0d7a-4f3c-b530-bccce3d808ff__a1b2c3d4-0001-0000-0000-000000000001__1777207133319 | tenant=a1b2c3d4-0001-0000-0000-000000000001
2026-04-26 16:35:16 | INFO | [FIRESTORE] ✅ Retrieved 27 messages
2026-04-26 16:35:47 | INFO | [FIRESTORE] 💾 Saving message | session=38fb7e8a-0d7a-4f3c-b530-bccce3d808ff__a1b2c3d4-0001-0000-0000-000000000001__1777207133319 | tenant=a1b2c3d4-0001-0000-0000-000000000001 | user=38fb7e8a-0d7a-4f3c-b530-bccce3d808ff
2026-04-26 16:35:47 | INFO | [FIRESTORE] First message: False
2026-04-26 16:35:47 | INFO | [FIRESTORE] ✅ Message saved | doc_id=XDtl85UiwWevPuyZRrYe
2026-04-26 16:35:48 | DEBUG | [FIRESTORE] Updated metadata for 38fb7e8a-0d7a-4f3c-b530-bccce3d808ff__a1b2c3d4-0001-0000-0000-000000000001__1777207133319
2026-04-26 16:36:01 | INFO | [FIRESTORE] 📋 Getting user conversations | user=38fb7e8a-0d7a-4f3c-b530-bccce3d808ff | tenant=a1b2c3d4-0001-0000-0000-000000000001
2026-04-26 16:36:01 | INFO | [FIRESTORE] ✅ Found 1 conversations for user 38fb7e8a-0d7a-4f3c-b530-bccce3d808ff
2026-04-26 16:36:03 | INFO | [FIRESTORE] 📖 Getting history | session=38fb7e8a-0d7a-4f3c-b530-bccce3d808ff__a1b2c3d4-0001-0000-0000-000000000001__1777207133319 | tenant=a1b2c3d4-0001-0000-0000-000000000001
2026-04-26 16:36:03 | INFO | [FIRESTORE] ✅ Retrieved 28 messages
2026-04-26 16:38:43 | INFO | [FIRESTORE] 💾 Saving message | session=38fb7e8a-0d7a-4f3c-b530-bccce3d808ff__a1b2c3d4-0001-0000-0000-000000000001__1777207133319 | tenant=a1b2c3d4-0001-0000-0000-000000000001 | user=38fb7e8a-0d7a-4f3c-b530-bccce3d808ff
2026-04-26 16:38:43 | INFO | [FIRESTORE] First message: False
2026-04-26 16:38:43 | INFO | [FIRESTORE] ✅ Message saved | doc_id=zc0aCQWSBxzyXQApnFW7
2026-04-26 16:38:43 | DEBUG | [FIRESTORE] Updated metadata for 38fb7e8a-0d7a-4f3c-b530-bccce3d808ff__a1b2c3d4-0001-0000-0000-000000000001__1777207133319
2026-04-26 16:38:54 | INFO | [FIRESTORE] 📋 Getting user conversations | user=38fb7e8a-0d7a-4f3c-b530-bccce3d808ff | tenant=a1b2c3d4-0001-0000-0000-000000000001
2026-04-26 16:38:55 | INFO | [FIRESTORE] ✅ Found 1 conversations for user 38fb7e8a-0d7a-4f3c-b530-bccce3d808ff
2026-04-26 16:38:59 | INFO | [FIRESTORE] 📖 Getting history | session=38fb7e8a-0d7a-4f3c-b530-bccce3d808ff__a1b2c3d4-0001-0000-0000-000000000001__1777207133319 | tenant=a1b2c3d4-0001-0000-0000-000000000001
2026-04-26 16:39:00 | INFO | [FIRESTORE] ✅ Retrieved 29 messages
2026-04-26 16:43:15 | INFO | ✅ FirestoreConversationService initialisé
2026-04-26 16:44:03 | INFO | ✅ FirestoreConversationService initialisé
2026-04-26 16:44:48 | INFO | ✅ FirestoreConversationService initialisé
2026-04-26 16:45:32 | INFO | [FIRESTORE] 🧹 Cleaning old anonymous conversations > 1h
2026-04-26 16:45:33 | INFO | [FIRESTORE] ✅ Cleanup complete: 0 messages, 0 sessions
2026-04-26 17:00:02 | INFO | [FIRESTORE] 📋 Getting user conversations | user=38fb7e8a-0d7a-4f3c-b530-bccce3d808ff | tenant=a1b2c3d4-0001-0000-0000-000000000001
2026-04-26 17:00:02 | INFO | [FIRESTORE] ✅ Found 1 conversations for user 38fb7e8a-0d7a-4f3c-b530-bccce3d808ff
2026-04-26 17:00:04 | INFO | [FIRESTORE] 📖 Getting history | session=38fb7e8a-0d7a-4f3c-b530-bccce3d808ff__a1b2c3d4-0001-0000-0000-000000000001__1777207133319 | tenant=a1b2c3d4-0001-0000-0000-000000000001
2026-04-26 17:00:04 | INFO | [FIRESTORE] ✅ Retrieved 29 messages
2026-04-26 17:00:25 | INFO | [FIRESTORE] 💾 Saving message | session=38fb7e8a-0d7a-4f3c-b530-bccce3d808ff__a1b2c3d4-0001-0000-0000-000000000001__1777207133319 | tenant=a1b2c3d4-0001-0000-0000-000000000001 | user=38fb7e8a-0d7a-4f3c-b530-bccce3d808ff
2026-04-26 17:00:25 | INFO | [FIRESTORE] First message: False
2026-04-26 17:00:25 | INFO | [FIRESTORE] ✅ Message saved | doc_id=l0cdlDHw3q6I3BdalUnv
2026-04-26 17:00:25 | DEBUG | [FIRESTORE] Updated metadata for 38fb7e8a-0d7a-4f3c-b530-bccce3d808ff__a1b2c3d4-0001-0000-0000-000000000001__1777207133319
2026-04-26 17:00:35 | INFO | [FIRESTORE] 📋 Getting user conversations | user=38fb7e8a-0d7a-4f3c-b530-bccce3d808ff | tenant=a1b2c3d4-0001-0000-0000-000000000001
2026-04-26 17:00:35 | INFO | [FIRESTORE] ✅ Found 1 conversations for user 38fb7e8a-0d7a-4f3c-b530-bccce3d808ff
2026-04-26 17:01:15 | INFO | [FIRESTORE] 📖 Getting history | session=38fb7e8a-0d7a-4f3c-b530-bccce3d808ff__a1b2c3d4-0001-0000-0000-000000000001__1777207133319 | tenant=a1b2c3d4-0001-0000-0000-000000000001
2026-04-26 17:01:15 | INFO | [FIRESTORE] ✅ Retrieved 30 messages
2026-04-26 17:01:24 | INFO | [FIRESTORE] 💾 Saving message | session=38fb7e8a-0d7a-4f3c-b530-bccce3d808ff__a1b2c3d4-0001-0000-0000-000000000001__1777207133319 | tenant=a1b2c3d4-0001-0000-0000-000000000001 | user=38fb7e8a-0d7a-4f3c-b530-bccce3d808ff
2026-04-26 17:01:24 | INFO | [FIRESTORE] First message: False
2026-04-26 17:01:25 | INFO | [FIRESTORE] ✅ Message saved | doc_id=nssz3I4vlKlFtrmaNqyQ
2026-04-26 17:01:25 | DEBUG | [FIRESTORE] Updated metadata for 38fb7e8a-0d7a-4f3c-b530-bccce3d808ff__a1b2c3d4-0001-0000-0000-000000000001__1777207133319
2026-04-26 17:01:36 | INFO | [FIRESTORE] 📋 Getting user conversations | user=38fb7e8a-0d7a-4f3c-b530-bccce3d808ff | tenant=a1b2c3d4-0001-0000-0000-000000000001
2026-04-26 17:01:36 | INFO | [FIRESTORE] ✅ Found 1 conversations for user 38fb7e8a-0d7a-4f3c-b530-bccce3d808ff
2026-04-26 17:01:39 | INFO | [FIRESTORE] 📖 Getting history | session=38fb7e8a-0d7a-4f3c-b530-bccce3d808ff__a1b2c3d4-0001-0000-0000-000000000001__1777207133319 | tenant=a1b2c3d4-0001-0000-0000-000000000001
2026-04-26 17:01:39 | INFO | [FIRESTORE] ✅ Retrieved 31 messages
2026-04-26 17:01:48 | INFO | [FIRESTORE] 💾 Saving message | session=38fb7e8a-0d7a-4f3c-b530-bccce3d808ff__a1b2c3d4-0001-0000-0000-000000000001__1777207133319 | tenant=a1b2c3d4-0001-0000-0000-000000000001 | user=38fb7e8a-0d7a-4f3c-b530-bccce3d808ff
2026-04-26 17:01:48 | INFO | [FIRESTORE] First message: False
2026-04-26 17:01:48 | INFO | [FIRESTORE] ✅ Message saved | doc_id=zsZC2RexpWPm3z9tKUHu
2026-04-26 17:01:48 | DEBUG | [FIRESTORE] Updated metadata for 38fb7e8a-0d7a-4f3c-b530-bccce3d808ff__a1b2c3d4-0001-0000-0000-000000000001__1777207133319
2026-04-26 17:13:14 | INFO | ✅ FirestoreConversationService initialisé
2026-04-26 17:14:06 | INFO | ✅ FirestoreConversationService initialisé
2026-04-26 17:14:48 | INFO | [FIRESTORE] 🧹 Cleaning old anonymous conversations > 1h
2026-04-26 17:14:50 | INFO | [FIRESTORE] ✅ Cleanup complete: 0 messages, 0 sessions
2026-04-26 17:15:04 | INFO | ✅ FirestoreConversationService initialisé
2026-04-26 17:15:39 | INFO | [FIRESTORE] 📋 Getting user conversations | user=38fb7e8a-0d7a-4f3c-b530-bccce3d808ff | tenant=a1b2c3d4-0001-0000-0000-000000000001
2026-04-26 17:15:41 | INFO | [FIRESTORE] ✅ Found 1 conversations for user 38fb7e8a-0d7a-4f3c-b530-bccce3d808ff
2026-04-26 17:15:42 | INFO | [FIRESTORE] 📖 Getting history | session=38fb7e8a-0d7a-4f3c-b530-bccce3d808ff__a1b2c3d4-0001-0000-0000-000000000001__1777207133319 | tenant=a1b2c3d4-0001-0000-0000-000000000001
2026-04-26 17:15:42 | INFO | [FIRESTORE] ✅ Retrieved 32 messages
2026-04-26 17:15:43 | INFO | [FIRESTORE] 🧹 Cleaning old anonymous conversations > 1h
2026-04-26 17:15:44 | INFO | [FIRESTORE] ✅ Cleanup complete: 0 messages, 0 sessions
2026-04-26 17:15:45 | INFO | [FIRESTORE] 💾 Saving message | session=38fb7e8a-0d7a-4f3c-b530-bccce3d808ff__a1b2c3d4-0001-0000-0000-000000000001__1777207133319 | tenant=a1b2c3d4-0001-0000-0000-000000000001 | user=38fb7e8a-0d7a-4f3c-b530-bccce3d808ff
2026-04-26 17:15:45 | INFO | [FIRESTORE] First message: False
2026-04-26 17:15:45 | INFO | [FIRESTORE] ✅ Message saved | doc_id=T9xcs4Tba9T2CNpJpUqD
2026-04-26 17:15:45 | DEBUG | [FIRESTORE] Updated metadata for 38fb7e8a-0d7a-4f3c-b530-bccce3d808ff__a1b2c3d4-0001-0000-0000-000000000001__1777207133319
2026-04-26 17:15:53 | INFO | [FIRESTORE] 💾 Saving message | session=38fb7e8a-0d7a-4f3c-b530-bccce3d808ff__a1b2c3d4-0001-0000-0000-000000000001__1777207133319 | tenant=a1b2c3d4-0001-0000-0000-000000000001 | user=38fb7e8a-0d7a-4f3c-b530-bccce3d808ff
2026-04-26 17:15:53 | INFO | [FIRESTORE] First message: False
2026-04-26 17:15:53 | INFO | [FIRESTORE] ✅ Message saved | doc_id=SyfsBKgDWaSF1oU14Kq4
2026-04-26 17:15:53 | DEBUG | [FIRESTORE] Updated metadata for 38fb7e8a-0d7a-4f3c-b530-bccce3d808ff__a1b2c3d4-0001-0000-0000-000000000001__1777207133319
2026-04-26 17:16:02 | INFO | [FIRESTORE] 📋 Getting user conversations | user=38fb7e8a-0d7a-4f3c-b530-bccce3d808ff | tenant=a1b2c3d4-0001-0000-0000-000000000001
2026-04-26 17:16:02 | INFO | [FIRESTORE] ✅ Found 1 conversations for user 38fb7e8a-0d7a-4f3c-b530-bccce3d808ff
2026-04-26 17:16:05 | INFO | [FIRESTORE] 💾 Saving message | session=38fb7e8a-0d7a-4f3c-b530-bccce3d808ff__a1b2c3d4-0001-0000-0000-000000000001__1777220162182 | tenant=a1b2c3d4-0001-0000-0000-000000000001 | user=38fb7e8a-0d7a-4f3c-b530-bccce3d808ff
2026-04-26 17:16:05 | INFO | [FIRESTORE] First message: True
2026-04-26 17:16:05 | INFO | [FIRESTORE] ✅ Message saved | doc_id=nszODZiyQHczDiJbbkgP
2026-04-26 17:16:05 | INFO | [FIRESTORE] ✅ Session metadata created for 38fb7e8a-0d7a-4f3c-b530-bccce3d808ff__a1b2c3d4-0001-0000-0000-000000000001__1777220162182
2026-04-26 17:16:24 | INFO | [FIRESTORE] 📖 Getting history | session=38fb7e8a-0d7a-4f3c-b530-bccce3d808ff__a1b2c3d4-0001-0000-0000-000000000001__1777207133319 | tenant=a1b2c3d4-0001-0000-0000-000000000001
2026-04-26 17:16:25 | INFO | [FIRESTORE] ✅ Retrieved 34 messages
2026-04-26 17:16:29 | INFO | [FIRESTORE] 💾 Saving message | session=38fb7e8a-0d7a-4f3c-b530-bccce3d808ff__a1b2c3d4-0001-0000-0000-000000000001__1777207133319 | tenant=a1b2c3d4-0001-0000-0000-000000000001 | user=38fb7e8a-0d7a-4f3c-b530-bccce3d808ff
2026-04-26 17:16:30 | INFO | [FIRESTORE] First message: False
2026-04-26 17:16:30 | INFO | [FIRESTORE] ✅ Message saved | doc_id=f4pzNCNBMq4OxNeZ4Akq
2026-04-26 17:16:30 | DEBUG | [FIRESTORE] Updated metadata for 38fb7e8a-0d7a-4f3c-b530-bccce3d808ff__a1b2c3d4-0001-0000-0000-000000000001__1777207133319
2026-04-26 17:20:20 | INFO | ✅ FirestoreConversationService initialisé
2026-04-26 17:20:58 | INFO | [FIRESTORE] 📋 Getting user conversations | user=38fb7e8a-0d7a-4f3c-b530-bccce3d808ff | tenant=a1b2c3d4-0001-0000-0000-000000000001
2026-04-26 17:20:59 | INFO | [FIRESTORE] ✅ Found 2 conversations for user 38fb7e8a-0d7a-4f3c-b530-bccce3d808ff
2026-04-26 17:21:02 | INFO | [FIRESTORE] 🧹 Cleaning old anonymous conversations > 1h
2026-04-26 17:21:02 | INFO | [FIRESTORE] ✅ Cleanup complete: 0 messages, 0 sessions
2026-04-26 17:21:03 | INFO | [FIRESTORE] 📖 Getting history | session=38fb7e8a-0d7a-4f3c-b530-bccce3d808ff__a1b2c3d4-0001-0000-0000-000000000001__1777207133319 | tenant=a1b2c3d4-0001-0000-0000-000000000001
2026-04-26 17:21:03 | INFO | [FIRESTORE] ✅ Retrieved 35 messages
2026-04-26 17:21:17 | INFO | [FIRESTORE] 💾 Saving message | session=38fb7e8a-0d7a-4f3c-b530-bccce3d808ff__a1b2c3d4-0001-0000-0000-000000000001__1777207133319 | tenant=a1b2c3d4-0001-0000-0000-000000000001 | user=38fb7e8a-0d7a-4f3c-b530-bccce3d808ff
2026-04-26 17:21:17 | INFO | [FIRESTORE] First message: False
2026-04-26 17:21:17 | INFO | [FIRESTORE] ✅ Message saved | doc_id=VrA0HCvnDKKJ3Sl4YaQg
2026-04-26 17:21:17 | DEBUG | [FIRESTORE] Updated metadata for 38fb7e8a-0d7a-4f3c-b530-bccce3d808ff__a1b2c3d4-0001-0000-0000-000000000001__1777207133319
2026-04-26 17:28:49 | INFO | [FIRESTORE] 📋 Getting user conversations | user=38fb7e8a-0d7a-4f3c-b530-bccce3d808ff | tenant=a1b2c3d4-0001-0000-0000-000000000001
2026-04-26 17:28:50 | INFO | [FIRESTORE] ✅ Found 2 conversations for user 38fb7e8a-0d7a-4f3c-b530-bccce3d808ff
2026-04-26 17:28:52 | INFO | [FIRESTORE] 📖 Getting history | session=38fb7e8a-0d7a-4f3c-b530-bccce3d808ff__a1b2c3d4-0001-0000-0000-000000000001__1777207133319 | tenant=a1b2c3d4-0001-0000-0000-000000000001
2026-04-26 17:28:52 | INFO | [FIRESTORE] ✅ Retrieved 36 messages
2026-04-26 17:28:57 | INFO | [FIRESTORE] 📖 Getting history | session=38fb7e8a-0d7a-4f3c-b530-bccce3d808ff__a1b2c3d4-0001-0000-0000-000000000001__1777220162182 | tenant=a1b2c3d4-0001-0000-0000-000000000001
2026-04-26 17:28:57 | INFO | [FIRESTORE] ✅ Retrieved 1 messages
2026-04-26 17:29:03 | INFO | [FIRESTORE] 💾 Saving message | session=38fb7e8a-0d7a-4f3c-b530-bccce3d808ff__a1b2c3d4-0001-0000-0000-000000000001__1777220162182 | tenant=a1b2c3d4-0001-0000-0000-000000000001 | user=38fb7e8a-0d7a-4f3c-b530-bccce3d808ff
2026-04-26 17:29:04 | INFO | [FIRESTORE] First message: False
2026-04-26 17:29:04 | INFO | [FIRESTORE] ✅ Message saved | doc_id=hlgRXNLfOogC7i0M24k4
2026-04-26 17:29:04 | DEBUG | [FIRESTORE] Updated metadata for 38fb7e8a-0d7a-4f3c-b530-bccce3d808ff__a1b2c3d4-0001-0000-0000-000000000001__1777220162182
2026-04-26 17:35:58 | INFO | [FIRESTORE] 📋 Getting user conversations | user=38fb7e8a-0d7a-4f3c-b530-bccce3d808ff | tenant=a1b2c3d4-0001-0000-0000-000000000001
2026-04-26 17:35:58 | INFO | [FIRESTORE] ✅ Found 2 conversations for user 38fb7e8a-0d7a-4f3c-b530-bccce3d808ff
2026-04-26 17:36:05 | INFO | [FIRESTORE] 📖 Getting history | session=38fb7e8a-0d7a-4f3c-b530-bccce3d808ff__a1b2c3d4-0001-0000-0000-000000000001__1777220162182 | tenant=a1b2c3d4-0001-0000-0000-000000000001
2026-04-26 17:36:05 | INFO | [FIRESTORE] ✅ Retrieved 2 messages
2026-04-26 17:36:13 | INFO | [FIRESTORE] 💾 Saving message | session=38fb7e8a-0d7a-4f3c-b530-bccce3d808ff__a1b2c3d4-0001-0000-0000-000000000001__1777220162182 | tenant=a1b2c3d4-0001-0000-0000-000000000001 | user=38fb7e8a-0d7a-4f3c-b530-bccce3d808ff
2026-04-26 17:36:13 | INFO | [FIRESTORE] First message: False
2026-04-26 17:36:13 | INFO | [FIRESTORE] ✅ Message saved | doc_id=nQ815cGxgPpLrIrzTEmP
2026-04-26 17:36:13 | DEBUG | [FIRESTORE] Updated metadata for 38fb7e8a-0d7a-4f3c-b530-bccce3d808ff__a1b2c3d4-0001-0000-0000-000000000001__1777220162182
2026-04-26 17:37:53 | INFO | [FIRESTORE] 💾 Saving message | session=38fb7e8a-0d7a-4f3c-b530-bccce3d808ff__a1b2c3d4-0001-0000-0000-000000000001__1777220162182 | tenant=a1b2c3d4-0001-0000-0000-000000000001 | user=38fb7e8a-0d7a-4f3c-b530-bccce3d808ff
2026-04-26 17:37:54 | INFO | [FIRESTORE] First message: False
2026-04-26 17:37:54 | INFO | [FIRESTORE] ✅ Message saved | doc_id=a7I2OG3xPGOjNekfkcyN
2026-04-26 17:37:54 | DEBUG | [FIRESTORE] Updated metadata for 38fb7e8a-0d7a-4f3c-b530-bccce3d808ff__a1b2c3d4-0001-0000-0000-000000000001__1777220162182
2026-04-26 17:38:56 | INFO | [FIRESTORE] 📋 Getting user conversations | user=38fb7e8a-0d7a-4f3c-b530-bccce3d808ff | tenant=a1b2c3d4-0001-0000-0000-000000000001
2026-04-26 17:38:57 | INFO | [FIRESTORE] ✅ Found 2 conversations for user 38fb7e8a-0d7a-4f3c-b530-bccce3d808ff
2026-04-26 17:38:59 | INFO | [FIRESTORE] 📖 Getting history | session=38fb7e8a-0d7a-4f3c-b530-bccce3d808ff__a1b2c3d4-0001-0000-0000-000000000001__1777220162182 | tenant=a1b2c3d4-0001-0000-0000-000000000001
2026-04-26 17:38:59 | INFO | [FIRESTORE] ✅ Retrieved 4 messages
2026-04-26 17:39:18 | INFO | [FIRESTORE] 💾 Saving message | session=38fb7e8a-0d7a-4f3c-b530-bccce3d808ff__a1b2c3d4-0001-0000-0000-000000000001__1777220162182 | tenant=a1b2c3d4-0001-0000-0000-000000000001 | user=38fb7e8a-0d7a-4f3c-b530-bccce3d808ff
2026-04-26 17:39:18 | INFO | [FIRESTORE] First message: False
2026-04-26 17:39:18 | INFO | [FIRESTORE] ✅ Message saved | doc_id=n745Lep1vUYogO5Tg6Sb
2026-04-26 17:39:18 | DEBUG | [FIRESTORE] Updated metadata for 38fb7e8a-0d7a-4f3c-b530-bccce3d808ff__a1b2c3d4-0001-0000-0000-000000000001__1777220162182
2026-04-26 17:40:22 | INFO | [FIRESTORE] 💾 Saving message | session=38fb7e8a-0d7a-4f3c-b530-bccce3d808ff__a1b2c3d4-0001-0000-0000-000000000001__1777220162182 | tenant=a1b2c3d4-0001-0000-0000-000000000001 | user=38fb7e8a-0d7a-4f3c-b530-bccce3d808ff
2026-04-26 17:40:22 | INFO | [FIRESTORE] First message: False
2026-04-26 17:40:23 | INFO | [FIRESTORE] ✅ Message saved | doc_id=2PQGq5jCvZ3XN9m18Lsb
2026-04-26 17:40:23 | DEBUG | [FIRESTORE] Updated metadata for 38fb7e8a-0d7a-4f3c-b530-bccce3d808ff__a1b2c3d4-0001-0000-0000-000000000001__1777220162182
2026-04-26 17:41:11 | INFO | [FIRESTORE] 📋 Getting user conversations | user=38fb7e8a-0d7a-4f3c-b530-bccce3d808ff | tenant=a1b2c3d4-0001-0000-0000-000000000001
2026-04-26 17:41:11 | INFO | [FIRESTORE] ✅ Found 2 conversations for user 38fb7e8a-0d7a-4f3c-b530-bccce3d808ff
2026-04-26 17:41:33 | INFO | ✅ FirestoreConversationService initialisé
2026-04-26 17:42:06 | INFO | [FIRESTORE] 🧹 Cleaning old anonymous conversations > 1h
2026-04-26 17:42:07 | INFO | [FIRESTORE] ✅ Cleanup complete: 0 messages, 0 sessions
2026-04-26 17:54:50 | INFO | [FIRESTORE] 📋 Getting user conversations | user=38fb7e8a-0d7a-4f3c-b530-bccce3d808ff | tenant=a1b2c3d4-0001-0000-0000-000000000001
2026-04-26 17:54:50 | INFO | [FIRESTORE] ✅ Found 2 conversations for user 38fb7e8a-0d7a-4f3c-b530-bccce3d808ff
2026-04-26 17:54:54 | INFO | [FIRESTORE] 📖 Getting history | session=38fb7e8a-0d7a-4f3c-b530-bccce3d808ff__a1b2c3d4-0001-0000-0000-000000000001__1777207133319 | tenant=a1b2c3d4-0001-0000-0000-000000000001
2026-04-26 17:54:54 | INFO | [FIRESTORE] ✅ Retrieved 36 messages
2026-04-26 17:55:04 | INFO | [FIRESTORE] 📖 Getting history | session=38fb7e8a-0d7a-4f3c-b530-bccce3d808ff__a1b2c3d4-0001-0000-0000-000000000001__1777220162182 | tenant=a1b2c3d4-0001-0000-0000-000000000001
2026-04-26 17:55:05 | INFO | [FIRESTORE] ✅ Retrieved 6 messages
2026-04-26 17:55:20 | INFO | [FIRESTORE] 💾 Saving message | session=38fb7e8a-0d7a-4f3c-b530-bccce3d808ff__a1b2c3d4-0001-0000-0000-000000000001__1777220162182 | tenant=a1b2c3d4-0001-0000-0000-000000000001 | user=38fb7e8a-0d7a-4f3c-b530-bccce3d808ff
2026-04-26 17:55:21 | INFO | [FIRESTORE] First message: False
2026-04-26 17:55:21 | INFO | [FIRESTORE] ✅ Message saved | doc_id=sfFujd0zfJyLGaJqrQfx
2026-04-26 17:55:21 | DEBUG | [FIRESTORE] Updated metadata for 38fb7e8a-0d7a-4f3c-b530-bccce3d808ff__a1b2c3d4-0001-0000-0000-000000000001__1777220162182
2026-04-26 17:57:23 | INFO | [FIRESTORE] 💾 Saving message | session=38fb7e8a-0d7a-4f3c-b530-bccce3d808ff__a1b2c3d4-0001-0000-0000-000000000001__1777220162182 | tenant=a1b2c3d4-0001-0000-0000-000000000001 | user=38fb7e8a-0d7a-4f3c-b530-bccce3d808ff
2026-04-26 17:57:24 | INFO | [FIRESTORE] First message: False
2026-04-26 17:57:24 | INFO | [FIRESTORE] ✅ Message saved | doc_id=RyVAt2KAu3n0hTmuT3qE
2026-04-26 17:57:24 | DEBUG | [FIRESTORE] Updated metadata for 38fb7e8a-0d7a-4f3c-b530-bccce3d808ff__a1b2c3d4-0001-0000-0000-000000000001__1777220162182
2026-04-26 18:02:06 | INFO | ✅ FirestoreConversationService initialisé
2026-04-26 18:02:39 | INFO | [FIRESTORE] 📋 Getting user conversations | user=38fb7e8a-0d7a-4f3c-b530-bccce3d808ff | tenant=a1b2c3d4-0001-0000-0000-000000000001
2026-04-26 18:02:40 | INFO | [FIRESTORE] ✅ Found 2 conversations for user 38fb7e8a-0d7a-4f3c-b530-bccce3d808ff
2026-04-26 18:02:43 | INFO | [FIRESTORE] 🧹 Cleaning old anonymous conversations > 1h
2026-04-26 18:02:44 | INFO | [FIRESTORE] ✅ Cleanup complete: 0 messages, 0 sessions
2026-04-26 18:03:14 | INFO | [FIRESTORE] 📋 Getting user conversations | user=38fb7e8a-0d7a-4f3c-b530-bccce3d808ff | tenant=a1b2c3d4-0001-0000-0000-000000000001
2026-04-26 18:03:15 | INFO | [FIRESTORE] ✅ Found 2 conversations for user 38fb7e8a-0d7a-4f3c-b530-bccce3d808ff
2026-04-26 18:03:17 | INFO | [FIRESTORE] 📖 Getting history | session=38fb7e8a-0d7a-4f3c-b530-bccce3d808ff__a1b2c3d4-0001-0000-0000-000000000001__1777220162182 | tenant=a1b2c3d4-0001-0000-0000-000000000001
2026-04-26 18:03:17 | INFO | [FIRESTORE] ✅ Retrieved 8 messages
2026-04-26 18:03:36 | INFO | [FIRESTORE] 💾 Saving message | session=38fb7e8a-0d7a-4f3c-b530-bccce3d808ff__a1b2c3d4-0001-0000-0000-000000000001__1777220162182 | tenant=a1b2c3d4-0001-0000-0000-000000000001 | user=38fb7e8a-0d7a-4f3c-b530-bccce3d808ff
2026-04-26 18:03:36 | INFO | [FIRESTORE] First message: False
2026-04-26 18:03:36 | INFO | [FIRESTORE] ✅ Message saved | doc_id=36Z7v3Mx2aJrtU4pWkwW
2026-04-26 18:03:36 | DEBUG | [FIRESTORE] Updated metadata for 38fb7e8a-0d7a-4f3c-b530-bccce3d808ff__a1b2c3d4-0001-0000-0000-000000000001__1777220162182
2026-04-26 18:04:47 | INFO | [FIRESTORE] 💾 Saving message | session=38fb7e8a-0d7a-4f3c-b530-bccce3d808ff__a1b2c3d4-0001-0000-0000-000000000001__1777220162182 | tenant=a1b2c3d4-0001-0000-0000-000000000001 | user=38fb7e8a-0d7a-4f3c-b530-bccce3d808ff
2026-04-26 18:04:48 | INFO | [FIRESTORE] First message: False
2026-04-26 18:04:48 | INFO | [FIRESTORE] ✅ Message saved | doc_id=hC15zBUgzB8iNWzHKjFQ
2026-04-26 18:04:48 | DEBUG | [FIRESTORE] Updated metadata for 38fb7e8a-0d7a-4f3c-b530-bccce3d808ff__a1b2c3d4-0001-0000-0000-000000000001__1777220162182
2026-04-26 18:09:03 | INFO | ✅ FirestoreConversationService initialisé
2026-04-26 18:09:34 | INFO | [FIRESTORE] 📋 Getting user conversations | user=38fb7e8a-0d7a-4f3c-b530-bccce3d808ff | tenant=a1b2c3d4-0001-0000-0000-000000000001
2026-04-26 18:09:36 | INFO | [FIRESTORE] ✅ Found 2 conversations for user 38fb7e8a-0d7a-4f3c-b530-bccce3d808ff
2026-04-26 18:09:38 | INFO | [FIRESTORE] 🧹 Cleaning old anonymous conversations > 1h
2026-04-26 18:09:39 | INFO | [FIRESTORE] ✅ Cleanup complete: 0 messages, 0 sessions
2026-04-26 18:09:55 | INFO | [FIRESTORE] 📋 Getting user conversations | user=38fb7e8a-0d7a-4f3c-b530-bccce3d808ff | tenant=a1b2c3d4-0001-0000-0000-000000000001
2026-04-26 18:09:56 | INFO | [FIRESTORE] ✅ Found 2 conversations for user 38fb7e8a-0d7a-4f3c-b530-bccce3d808ff
2026-04-26 18:09:58 | INFO | [FIRESTORE] 📖 Getting history | session=38fb7e8a-0d7a-4f3c-b530-bccce3d808ff__a1b2c3d4-0001-0000-0000-000000000001__1777220162182 | tenant=a1b2c3d4-0001-0000-0000-000000000001
2026-04-26 18:09:59 | INFO | [FIRESTORE] ✅ Retrieved 10 messages
2026-04-26 18:10:22 | INFO | [FIRESTORE] 💾 Saving message | session=38fb7e8a-0d7a-4f3c-b530-bccce3d808ff__a1b2c3d4-0001-0000-0000-000000000001__1777220162182 | tenant=a1b2c3d4-0001-0000-0000-000000000001 | user=38fb7e8a-0d7a-4f3c-b530-bccce3d808ff
2026-04-26 18:10:22 | INFO | [FIRESTORE] First message: False
2026-04-26 18:10:23 | INFO | [FIRESTORE] ✅ Message saved | doc_id=lHC7Dvs2qOhUctZMOtQN
2026-04-26 18:10:23 | DEBUG | [FIRESTORE] Updated metadata for 38fb7e8a-0d7a-4f3c-b530-bccce3d808ff__a1b2c3d4-0001-0000-0000-000000000001__1777220162182
2026-04-26 18:11:35 | INFO | [FIRESTORE] 💾 Saving message | session=38fb7e8a-0d7a-4f3c-b530-bccce3d808ff__a1b2c3d4-0001-0000-0000-000000000001__1777220162182 | tenant=a1b2c3d4-0001-0000-0000-000000000001 | user=38fb7e8a-0d7a-4f3c-b530-bccce3d808ff
2026-04-26 18:11:35 | INFO | [FIRESTORE] First message: False
2026-04-26 18:11:35 | INFO | [FIRESTORE] ✅ Message saved | doc_id=9QeBMbQWAt0B7C0IDR9n
2026-04-26 18:11:35 | DEBUG | [FIRESTORE] Updated metadata for 38fb7e8a-0d7a-4f3c-b530-bccce3d808ff__a1b2c3d4-0001-0000-0000-000000000001__1777220162182
2026-04-26 18:16:04 | INFO | ✅ FirestoreConversationService initialisé
2026-04-26 18:16:34 | INFO | [FIRESTORE] 📋 Getting user conversations | user=38fb7e8a-0d7a-4f3c-b530-bccce3d808ff | tenant=a1b2c3d4-0001-0000-0000-000000000001
2026-04-26 18:16:36 | INFO | [FIRESTORE] ✅ Found 2 conversations for user 38fb7e8a-0d7a-4f3c-b530-bccce3d808ff
2026-04-26 18:16:39 | INFO | [FIRESTORE] 🧹 Cleaning old anonymous conversations > 1h
2026-04-26 18:16:39 | INFO | [FIRESTORE] ✅ Cleanup complete: 0 messages, 0 sessions
2026-04-26 18:16:49 | INFO | [FIRESTORE] 📋 Getting user conversations | user=38fb7e8a-0d7a-4f3c-b530-bccce3d808ff | tenant=a1b2c3d4-0001-0000-0000-000000000001
2026-04-26 18:16:49 | INFO | [FIRESTORE] ✅ Found 2 conversations for user 38fb7e8a-0d7a-4f3c-b530-bccce3d808ff
2026-04-26 18:16:54 | INFO | [FIRESTORE] 📖 Getting history | session=38fb7e8a-0d7a-4f3c-b530-bccce3d808ff__a1b2c3d4-0001-0000-0000-000000000001__1777220162182 | tenant=a1b2c3d4-0001-0000-0000-000000000001
2026-04-26 18:16:54 | INFO | [FIRESTORE] ✅ Retrieved 12 messages
2026-04-26 18:17:29 | INFO | [FIRESTORE] 💾 Saving message | session=38fb7e8a-0d7a-4f3c-b530-bccce3d808ff__a1b2c3d4-0001-0000-0000-000000000001__1777220162182 | tenant=a1b2c3d4-0001-0000-0000-000000000001 | user=38fb7e8a-0d7a-4f3c-b530-bccce3d808ff
2026-04-26 18:17:29 | INFO | [FIRESTORE] First message: False
2026-04-26 18:17:29 | INFO | [FIRESTORE] ✅ Message saved | doc_id=IYYiEG20DX4QuCt0mA2q
2026-04-26 18:17:29 | DEBUG | [FIRESTORE] Updated metadata for 38fb7e8a-0d7a-4f3c-b530-bccce3d808ff__a1b2c3d4-0001-0000-0000-000000000001__1777220162182
2026-04-26 18:18:40 | INFO | [FIRESTORE] 💾 Saving message | session=38fb7e8a-0d7a-4f3c-b530-bccce3d808ff__a1b2c3d4-0001-0000-0000-000000000001__1777220162182 | tenant=a1b2c3d4-0001-0000-0000-000000000001 | user=38fb7e8a-0d7a-4f3c-b530-bccce3d808ff
2026-04-26 18:18:40 | INFO | [FIRESTORE] First message: False
2026-04-26 18:18:40 | INFO | [FIRESTORE] ✅ Message saved | doc_id=2TCnFKOMkWF20dolvk2a
2026-04-26 18:18:41 | DEBUG | [FIRESTORE] Updated metadata for 38fb7e8a-0d7a-4f3c-b530-bccce3d808ff__a1b2c3d4-0001-0000-0000-000000000001__1777220162182
2026-04-26 18:22:32 | INFO | ✅ FirestoreConversationService initialisé
2026-04-26 18:23:09 | INFO | [FIRESTORE] 📋 Getting user conversations | user=38fb7e8a-0d7a-4f3c-b530-bccce3d808ff | tenant=a1b2c3d4-0001-0000-0000-000000000001
2026-04-26 18:23:11 | INFO | [FIRESTORE] ✅ Found 2 conversations for user 38fb7e8a-0d7a-4f3c-b530-bccce3d808ff
2026-04-26 18:23:11 | INFO | [FIRESTORE] 📋 Getting user conversations | user=38fb7e8a-0d7a-4f3c-b530-bccce3d808ff | tenant=a1b2c3d4-0001-0000-0000-000000000001
2026-04-26 18:23:11 | INFO | [FIRESTORE] ✅ Found 2 conversations for user 38fb7e8a-0d7a-4f3c-b530-bccce3d808ff
2026-04-26 18:23:13 | INFO | [FIRESTORE] 🧹 Cleaning old anonymous conversations > 1h
2026-04-26 18:23:13 | INFO | [FIRESTORE] ✅ Cleanup complete: 0 messages, 0 sessions
2026-04-26 18:24:15 | INFO | [FIRESTORE] 📖 Getting history | session=38fb7e8a-0d7a-4f3c-b530-bccce3d808ff__a1b2c3d4-0001-0000-0000-000000000001__1777220162182 | tenant=a1b2c3d4-0001-0000-0000-000000000001
2026-04-26 18:24:15 | INFO | [FIRESTORE] ✅ Retrieved 14 messages
2026-04-26 18:24:36 | INFO | [FIRESTORE] 💾 Saving message | session=38fb7e8a-0d7a-4f3c-b530-bccce3d808ff__a1b2c3d4-0001-0000-0000-000000000001__1777224261746 | tenant=a1b2c3d4-0001-0000-0000-000000000001 | user=38fb7e8a-0d7a-4f3c-b530-bccce3d808ff
2026-04-26 18:24:36 | INFO | [FIRESTORE] First message: True
2026-04-26 18:24:36 | INFO | [FIRESTORE] ✅ Message saved | doc_id=UrDuLqJ7HFESLJQauUtA
2026-04-26 18:24:36 | INFO | [FIRESTORE] ✅ Session metadata created for 38fb7e8a-0d7a-4f3c-b530-bccce3d808ff__a1b2c3d4-0001-0000-0000-000000000001__1777224261746
2026-04-26 18:25:51 | INFO | [FIRESTORE] 💾 Saving message | session=38fb7e8a-0d7a-4f3c-b530-bccce3d808ff__a1b2c3d4-0001-0000-0000-000000000001__1777224261746 | tenant=a1b2c3d4-0001-0000-0000-000000000001 | user=38fb7e8a-0d7a-4f3c-b530-bccce3d808ff
2026-04-26 18:25:51 | INFO | [FIRESTORE] First message: False
2026-04-26 18:25:51 | INFO | [FIRESTORE] ✅ Message saved | doc_id=dcDDxncz5BnHIXttb3ec
2026-04-26 18:25:52 | DEBUG | [FIRESTORE] Updated metadata for 38fb7e8a-0d7a-4f3c-b530-bccce3d808ff__a1b2c3d4-0001-0000-0000-000000000001__1777224261746
2026-04-26 18:25:56 | INFO | [FIRESTORE] 📋 Getting user conversations | user=38fb7e8a-0d7a-4f3c-b530-bccce3d808ff | tenant=a1b2c3d4-0001-0000-0000-000000000001
2026-04-26 18:25:57 | INFO | [FIRESTORE] ✅ Found 3 conversations for user 38fb7e8a-0d7a-4f3c-b530-bccce3d808ff
2026-04-26 18:25:59 | INFO | [FIRESTORE] 📖 Getting history | session=38fb7e8a-0d7a-4f3c-b530-bccce3d808ff__a1b2c3d4-0001-0000-0000-000000000001__1777224261746 | tenant=a1b2c3d4-0001-0000-0000-000000000001
2026-04-26 18:25:59 | INFO | [FIRESTORE] ✅ Retrieved 2 messages
2026-04-26 18:26:27 | INFO | [FIRESTORE] 💾 Saving message | session=38fb7e8a-0d7a-4f3c-b530-bccce3d808ff__a1b2c3d4-0001-0000-0000-000000000001__1777224261746 | tenant=a1b2c3d4-0001-0000-0000-000000000001 | user=38fb7e8a-0d7a-4f3c-b530-bccce3d808ff
2026-04-26 18:26:28 | INFO | [FIRESTORE] First message: False
2026-04-26 18:26:28 | INFO | [FIRESTORE] ✅ Message saved | doc_id=SJcX47UP58hmzT6fSwbP
2026-04-26 18:26:28 | DEBUG | [FIRESTORE] Updated metadata for 38fb7e8a-0d7a-4f3c-b530-bccce3d808ff__a1b2c3d4-0001-0000-0000-000000000001__1777224261746
2026-04-26 18:28:31 | INFO | [FIRESTORE] 💾 Saving message | session=38fb7e8a-0d7a-4f3c-b530-bccce3d808ff__a1b2c3d4-0001-0000-0000-000000000001__1777224261746 | tenant=a1b2c3d4-0001-0000-0000-000000000001 | user=38fb7e8a-0d7a-4f3c-b530-bccce3d808ff
2026-04-26 18:28:31 | INFO | [FIRESTORE] First message: False
2026-04-26 18:28:32 | INFO | [FIRESTORE] ✅ Message saved | doc_id=dcs8XxHeNjfrMigWXJ1M
2026-04-26 18:28:32 | DEBUG | [FIRESTORE] Updated metadata for 38fb7e8a-0d7a-4f3c-b530-bccce3d808ff__a1b2c3d4-0001-0000-0000-000000000001__1777224261746
2026-04-26 18:33:22 | INFO | ✅ FirestoreConversationService initialisé
2026-04-26 18:33:49 | INFO | [FIRESTORE] 📋 Getting user conversations | user=38fb7e8a-0d7a-4f3c-b530-bccce3d808ff | tenant=a1b2c3d4-0001-0000-0000-000000000001
2026-04-26 18:33:51 | INFO | [FIRESTORE] ✅ Found 3 conversations for user 38fb7e8a-0d7a-4f3c-b530-bccce3d808ff
2026-04-26 18:33:53 | INFO | [FIRESTORE] 🧹 Cleaning old anonymous conversations > 1h
2026-04-26 18:33:54 | INFO | [FIRESTORE] ✅ Cleanup complete: 0 messages, 0 sessions
2026-04-26 18:35:01 | INFO | [FIRESTORE] 📋 Getting user conversations | user=38fb7e8a-0d7a-4f3c-b530-bccce3d808ff | tenant=a1b2c3d4-0001-0000-0000-000000000001
2026-04-26 18:35:02 | INFO | [FIRESTORE] ✅ Found 3 conversations for user 38fb7e8a-0d7a-4f3c-b530-bccce3d808ff
2026-04-26 18:35:05 | INFO | [FIRESTORE] 📖 Getting history | session=38fb7e8a-0d7a-4f3c-b530-bccce3d808ff__a1b2c3d4-0001-0000-0000-000000000001__1777224261746 | tenant=a1b2c3d4-0001-0000-0000-000000000001
2026-04-26 18:35:05 | INFO | [FIRESTORE] ✅ Retrieved 4 messages
2026-04-26 18:35:21 | INFO | [FIRESTORE] 💾 Saving message | session=38fb7e8a-0d7a-4f3c-b530-bccce3d808ff__a1b2c3d4-0001-0000-0000-000000000001__1777224261746 | tenant=a1b2c3d4-0001-0000-0000-000000000001 | user=38fb7e8a-0d7a-4f3c-b530-bccce3d808ff
2026-04-26 18:35:21 | INFO | [FIRESTORE] First message: False
2026-04-26 18:35:21 | INFO | [FIRESTORE] ✅ Message saved | doc_id=l3ODy89jOTmpm28miaml
2026-04-26 18:35:21 | DEBUG | [FIRESTORE] Updated metadata for 38fb7e8a-0d7a-4f3c-b530-bccce3d808ff__a1b2c3d4-0001-0000-0000-000000000001__1777224261746
2026-04-26 18:37:10 | INFO | [FIRESTORE] 💾 Saving message | session=38fb7e8a-0d7a-4f3c-b530-bccce3d808ff__a1b2c3d4-0001-0000-0000-000000000001__1777224261746 | tenant=a1b2c3d4-0001-0000-0000-000000000001 | user=38fb7e8a-0d7a-4f3c-b530-bccce3d808ff
2026-04-26 18:37:11 | INFO | [FIRESTORE] First message: False
2026-04-26 18:37:11 | INFO | [FIRESTORE] ✅ Message saved | doc_id=V3u0EKD2rTUBovxjoQ7b
2026-04-26 18:37:11 | DEBUG | [FIRESTORE] Updated metadata for 38fb7e8a-0d7a-4f3c-b530-bccce3d808ff__a1b2c3d4-0001-0000-0000-000000000001__1777224261746
2026-04-26 18:37:35 | INFO | [FIRESTORE] 📋 Getting user conversations | user=38fb7e8a-0d7a-4f3c-b530-bccce3d808ff | tenant=a1b2c3d4-0001-0000-0000-000000000001
2026-04-26 18:37:36 | INFO | [FIRESTORE] ✅ Found 3 conversations for user 38fb7e8a-0d7a-4f3c-b530-bccce3d808ff
2026-04-26 18:37:43 | INFO | [FIRESTORE] 📖 Getting history | session=38fb7e8a-0d7a-4f3c-b530-bccce3d808ff__a1b2c3d4-0001-0000-0000-000000000001__1777224261746 | tenant=a1b2c3d4-0001-0000-0000-000000000001
2026-04-26 18:37:43 | INFO | [FIRESTORE] ✅ Retrieved 6 messages
2026-04-26 18:38:48 | INFO | [FIRESTORE] 💾 Saving message | session=38fb7e8a-0d7a-4f3c-b530-bccce3d808ff__a1b2c3d4-0001-0000-0000-000000000001__1777224261746 | tenant=a1b2c3d4-0001-0000-0000-000000000001 | user=38fb7e8a-0d7a-4f3c-b530-bccce3d808ff
2026-04-26 18:38:48 | INFO | [FIRESTORE] First message: False
2026-04-26 18:38:48 | INFO | [FIRESTORE] ✅ Message saved | doc_id=kXOCEKkdbWZKe3lh8w8q
2026-04-26 18:38:48 | DEBUG | [FIRESTORE] Updated metadata for 38fb7e8a-0d7a-4f3c-b530-bccce3d808ff__a1b2c3d4-0001-0000-0000-000000000001__1777224261746
2026-04-26 18:38:54 | INFO | [FIRESTORE] 💾 Saving message | session=38fb7e8a-0d7a-4f3c-b530-bccce3d808ff__a1b2c3d4-0001-0000-0000-000000000001__1777224261746 | tenant=a1b2c3d4-0001-0000-0000-000000000001 | user=38fb7e8a-0d7a-4f3c-b530-bccce3d808ff
2026-04-26 18:38:54 | INFO | [FIRESTORE] First message: False
2026-04-26 18:38:54 | INFO | [FIRESTORE] ✅ Message saved | doc_id=P07WtK5gUhfGdrX1abHF
2026-04-26 18:38:54 | DEBUG | [FIRESTORE] Updated metadata for 38fb7e8a-0d7a-4f3c-b530-bccce3d808ff__a1b2c3d4-0001-0000-0000-000000000001__1777224261746
2026-04-26 18:46:39 | INFO | ✅ FirestoreConversationService initialisé
2026-04-26 18:47:27 | INFO | ✅ FirestoreConversationService initialisé
2026-04-26 18:47:58 | INFO | [FIRESTORE] 🧹 Cleaning old anonymous conversations > 1h
2026-04-26 18:47:59 | INFO | [FIRESTORE] ✅ Cleanup complete: 0 messages, 0 sessions
2026-04-26 18:48:12 | INFO | [FIRESTORE] 📋 Getting user conversations | user=38fb7e8a-0d7a-4f3c-b530-bccce3d808ff | tenant=a1b2c3d4-0001-0000-0000-000000000001
2026-04-26 18:48:12 | INFO | [FIRESTORE] ✅ Found 3 conversations for user 38fb7e8a-0d7a-4f3c-b530-bccce3d808ff
2026-04-26 18:48:15 | INFO | [FIRESTORE] 📖 Getting history | session=38fb7e8a-0d7a-4f3c-b530-bccce3d808ff__a1b2c3d4-0001-0000-0000-000000000001__1777224261746 | tenant=a1b2c3d4-0001-0000-0000-000000000001
2026-04-26 18:48:15 | INFO | [FIRESTORE] ✅ Retrieved 8 messages
2026-04-26 18:48:31 | INFO | [FIRESTORE] 💾 Saving message | session=38fb7e8a-0d7a-4f3c-b530-bccce3d808ff__a1b2c3d4-0001-0000-0000-000000000001__1777224261746 | tenant=a1b2c3d4-0001-0000-0000-000000000001 | user=38fb7e8a-0d7a-4f3c-b530-bccce3d808ff
2026-04-26 18:48:31 | INFO | [FIRESTORE] First message: False
2026-04-26 18:48:31 | INFO | [FIRESTORE] ✅ Message saved | doc_id=ArwDttyDCMSW6HL7gknT
2026-04-26 18:48:32 | DEBUG | [FIRESTORE] Updated metadata for 38fb7e8a-0d7a-4f3c-b530-bccce3d808ff__a1b2c3d4-0001-0000-0000-000000000001__1777224261746
2026-04-26 18:49:36 | INFO | [FIRESTORE] 💾 Saving message | session=38fb7e8a-0d7a-4f3c-b530-bccce3d808ff__a1b2c3d4-0001-0000-0000-000000000001__1777224261746 | tenant=a1b2c3d4-0001-0000-0000-000000000001 | user=38fb7e8a-0d7a-4f3c-b530-bccce3d808ff
2026-04-26 18:49:36 | INFO | [FIRESTORE] First message: False
2026-04-26 18:49:36 | INFO | [FIRESTORE] ✅ Message saved | doc_id=YHeCwHcPTnsyalWRrgJg
2026-04-26 18:49:36 | DEBUG | [FIRESTORE] Updated metadata for 38fb7e8a-0d7a-4f3c-b530-bccce3d808ff__a1b2c3d4-0001-0000-0000-000000000001__1777224261746
2026-04-26 19:02:32 | INFO | ✅ FirestoreConversationService initialisé
2026-04-26 19:03:14 | INFO | [FIRESTORE] 🧹 Cleaning old anonymous conversations > 1h
2026-04-26 19:03:16 | INFO | [FIRESTORE] ✅ Cleanup complete: 0 messages, 0 sessions
2026-04-26 19:03:38 | INFO | [FIRESTORE] 📋 Getting user conversations | user=38fb7e8a-0d7a-4f3c-b530-bccce3d808ff | tenant=a1b2c3d4-0001-0000-0000-000000000001
2026-04-26 19:03:39 | INFO | [FIRESTORE] ✅ Found 3 conversations for user 38fb7e8a-0d7a-4f3c-b530-bccce3d808ff
2026-04-26 19:03:40 | INFO | [FIRESTORE] 📖 Getting history | session=38fb7e8a-0d7a-4f3c-b530-bccce3d808ff__a1b2c3d4-0001-0000-0000-000000000001__1777224261746 | tenant=a1b2c3d4-0001-0000-0000-000000000001
2026-04-26 19:03:40 | INFO | [FIRESTORE] ✅ Retrieved 10 messages
2026-04-26 19:04:21 | INFO | [FIRESTORE] 💾 Saving message | session=38fb7e8a-0d7a-4f3c-b530-bccce3d808ff__a1b2c3d4-0001-0000-0000-000000000001__1777224261746 | tenant=a1b2c3d4-0001-0000-0000-000000000001 | user=38fb7e8a-0d7a-4f3c-b530-bccce3d808ff
2026-04-26 19:04:21 | INFO | [FIRESTORE] First message: False
2026-04-26 19:04:21 | INFO | [FIRESTORE] ✅ Message saved | doc_id=NBpFl5HX2AWYHo8XCE7s
2026-04-26 19:04:21 | DEBUG | [FIRESTORE] Updated metadata for 38fb7e8a-0d7a-4f3c-b530-bccce3d808ff__a1b2c3d4-0001-0000-0000-000000000001__1777224261746
2026-04-26 19:05:03 | INFO | [FIRESTORE] 💾 Saving message | session=38fb7e8a-0d7a-4f3c-b530-bccce3d808ff__a1b2c3d4-0001-0000-0000-000000000001__1777224261746 | tenant=a1b2c3d4-0001-0000-0000-000000000001 | user=38fb7e8a-0d7a-4f3c-b530-bccce3d808ff
2026-04-26 19:05:03 | INFO | [FIRESTORE] First message: False
2026-04-26 19:05:03 | INFO | [FIRESTORE] ✅ Message saved | doc_id=Z2dmeFCGVVYZ4fCbTeRu
2026-04-26 19:05:03 | DEBUG | [FIRESTORE] Updated metadata for 38fb7e8a-0d7a-4f3c-b530-bccce3d808ff__a1b2c3d4-0001-0000-0000-000000000001__1777224261746
2026-04-26 19:15:42 | INFO | ✅ FirestoreConversationService initialisé
2026-04-26 19:16:37 | INFO | [FIRESTORE] 🧹 Cleaning old anonymous conversations > 1h
2026-04-26 19:16:39 | INFO | [FIRESTORE] ✅ Cleanup complete: 0 messages, 0 sessions
2026-04-26 19:20:08 | INFO | [FIRESTORE] 📋 Getting user conversations | user=38fb7e8a-0d7a-4f3c-b530-bccce3d808ff | tenant=a1b2c3d4-0001-0000-0000-000000000001
2026-04-26 19:20:09 | INFO | [FIRESTORE] ✅ Found 3 conversations for user 38fb7e8a-0d7a-4f3c-b530-bccce3d808ff
2026-04-26 19:20:14 | INFO | [FIRESTORE] 📖 Getting history | session=38fb7e8a-0d7a-4f3c-b530-bccce3d808ff__a1b2c3d4-0001-0000-0000-000000000001__1777224261746 | tenant=a1b2c3d4-0001-0000-0000-000000000001
2026-04-26 19:20:15 | INFO | [FIRESTORE] ✅ Retrieved 12 messages
2026-04-26 19:20:27 | INFO | [FIRESTORE] 💾 Saving message | session=38fb7e8a-0d7a-4f3c-b530-bccce3d808ff__a1b2c3d4-0001-0000-0000-000000000001__1777224261746 | tenant=a1b2c3d4-0001-0000-0000-000000000001 | user=38fb7e8a-0d7a-4f3c-b530-bccce3d808ff
2026-04-26 19:20:28 | INFO | [FIRESTORE] First message: False
2026-04-26 19:20:28 | INFO | [FIRESTORE] ✅ Message saved | doc_id=8qgo5S6kkLVCm2QNlkWT
2026-04-26 19:20:28 | DEBUG | [FIRESTORE] Updated metadata for 38fb7e8a-0d7a-4f3c-b530-bccce3d808ff__a1b2c3d4-0001-0000-0000-000000000001__1777224261746
2026-04-26 19:21:13 | INFO | [FIRESTORE] 💾 Saving message | session=38fb7e8a-0d7a-4f3c-b530-bccce3d808ff__a1b2c3d4-0001-0000-0000-000000000001__1777224261746 | tenant=a1b2c3d4-0001-0000-0000-000000000001 | user=38fb7e8a-0d7a-4f3c-b530-bccce3d808ff
2026-04-26 19:21:13 | INFO | [FIRESTORE] First message: False
2026-04-26 19:21:14 | INFO | [FIRESTORE] ✅ Message saved | doc_id=dJeSV9B1WIyg1FSAl459
2026-04-26 19:21:14 | DEBUG | [FIRESTORE] Updated metadata for 38fb7e8a-0d7a-4f3c-b530-bccce3d808ff__a1b2c3d4-0001-0000-0000-000000000001__1777224261746
2026-04-26 19:22:14 | INFO | [FIRESTORE] 📋 Getting user conversations | user=38fb7e8a-0d7a-4f3c-b530-bccce3d808ff | tenant=a1b2c3d4-0001-0000-0000-000000000001
2026-04-26 19:22:15 | INFO | [FIRESTORE] ✅ Found 3 conversations for user 38fb7e8a-0d7a-4f3c-b530-bccce3d808ff
2026-04-26 19:22:18 | INFO | [FIRESTORE] 📖 Getting history | session=38fb7e8a-0d7a-4f3c-b530-bccce3d808ff__a1b2c3d4-0001-0000-0000-000000000001__1777224261746 | tenant=a1b2c3d4-0001-0000-0000-000000000001
2026-04-26 19:22:18 | INFO | [FIRESTORE] ✅ Retrieved 14 messages
2026-04-26 19:22:37 | INFO | [FIRESTORE] 💾 Saving message | session=38fb7e8a-0d7a-4f3c-b530-bccce3d808ff__a1b2c3d4-0001-0000-0000-000000000001__1777224261746 | tenant=a1b2c3d4-0001-0000-0000-000000000001 | user=38fb7e8a-0d7a-4f3c-b530-bccce3d808ff
2026-04-26 19:22:37 | INFO | [FIRESTORE] First message: False
2026-04-26 19:22:37 | INFO | [FIRESTORE] ✅ Message saved | doc_id=XiQTL78h60kCvF9ULgyl
2026-04-26 19:22:37 | DEBUG | [FIRESTORE] Updated metadata for 38fb7e8a-0d7a-4f3c-b530-bccce3d808ff__a1b2c3d4-0001-0000-0000-000000000001__1777224261746
2026-04-26 19:23:19 | INFO | [FIRESTORE] 💾 Saving message | session=38fb7e8a-0d7a-4f3c-b530-bccce3d808ff__a1b2c3d4-0001-0000-0000-000000000001__1777224261746 | tenant=a1b2c3d4-0001-0000-0000-000000000001 | user=38fb7e8a-0d7a-4f3c-b530-bccce3d808ff
2026-04-26 19:23:19 | INFO | [FIRESTORE] First message: False
2026-04-26 19:23:20 | INFO | [FIRESTORE] ✅ Message saved | doc_id=1b2QYP9iD12k94rz3Uaf
2026-04-26 19:23:20 | DEBUG | [FIRESTORE] Updated metadata for 38fb7e8a-0d7a-4f3c-b530-bccce3d808ff__a1b2c3d4-0001-0000-0000-000000000001__1777224261746
2026-04-26 19:23:50 | INFO | [FIRESTORE] 📋 Getting user conversations | user=38fb7e8a-0d7a-4f3c-b530-bccce3d808ff | tenant=a1b2c3d4-0001-0000-0000-000000000001
2026-04-26 19:23:51 | INFO | [FIRESTORE] ✅ Found 3 conversations for user 38fb7e8a-0d7a-4f3c-b530-bccce3d808ff
2026-04-26 19:24:56 | INFO | [FIRESTORE] 📖 Getting history | session=38fb7e8a-0d7a-4f3c-b530-bccce3d808ff__a1b2c3d4-0001-0000-0000-000000000001__1777224261746 | tenant=a1b2c3d4-0001-0000-0000-000000000001
2026-04-26 19:24:56 | INFO | [FIRESTORE] ✅ Retrieved 16 messages
2026-04-26 19:26:05 | INFO | [FIRESTORE] 💾 Saving message | session=38fb7e8a-0d7a-4f3c-b530-bccce3d808ff__a1b2c3d4-0001-0000-0000-000000000001__1777224261746 | tenant=a1b2c3d4-0001-0000-0000-000000000001 | user=38fb7e8a-0d7a-4f3c-b530-bccce3d808ff
2026-04-26 19:26:05 | INFO | [FIRESTORE] First message: False
2026-04-26 19:26:05 | INFO | [FIRESTORE] ✅ Message saved | doc_id=SqdQaMjhfNWN3M7EyIaL
2026-04-26 19:26:05 | DEBUG | [FIRESTORE] Updated metadata for 38fb7e8a-0d7a-4f3c-b530-bccce3d808ff__a1b2c3d4-0001-0000-0000-000000000001__1777224261746
2026-04-26 19:26:23 | INFO | [FIRESTORE] 💾 Saving message | session=38fb7e8a-0d7a-4f3c-b530-bccce3d808ff__a1b2c3d4-0001-0000-0000-000000000001__1777224261746 | tenant=a1b2c3d4-0001-0000-0000-000000000001 | user=38fb7e8a-0d7a-4f3c-b530-bccce3d808ff
2026-04-26 19:26:23 | INFO | [FIRESTORE] First message: False
2026-04-26 19:26:24 | INFO | [FIRESTORE] ✅ Message saved | doc_id=pLCP6rlJwQDpdD7VRddy
2026-04-26 19:26:24 | DEBUG | [FIRESTORE] Updated metadata for 38fb7e8a-0d7a-4f3c-b530-bccce3d808ff__a1b2c3d4-0001-0000-0000-000000000001__1777224261746
2026-04-26 19:27:14 | INFO | [FIRESTORE] 📋 Getting user conversations | user=38fb7e8a-0d7a-4f3c-b530-bccce3d808ff | tenant=a1b2c3d4-0001-0000-0000-000000000001
2026-04-26 19:27:15 | INFO | [FIRESTORE] ✅ Found 3 conversations for user 38fb7e8a-0d7a-4f3c-b530-bccce3d808ff
2026-04-26 19:27:17 | INFO | [FIRESTORE] 📖 Getting history | session=38fb7e8a-0d7a-4f3c-b530-bccce3d808ff__a1b2c3d4-0001-0000-0000-000000000001__1777224261746 | tenant=a1b2c3d4-0001-0000-0000-000000000001
2026-04-26 19:27:17 | INFO | [FIRESTORE] ✅ Retrieved 18 messages
2026-04-26 19:27:31 | INFO | [FIRESTORE] 💾 Saving message | session=38fb7e8a-0d7a-4f3c-b530-bccce3d808ff__a1b2c3d4-0001-0000-0000-000000000001__1777224261746 | tenant=a1b2c3d4-0001-0000-0000-000000000001 | user=38fb7e8a-0d7a-4f3c-b530-bccce3d808ff
2026-04-26 19:27:31 | INFO | [FIRESTORE] First message: False
2026-04-26 19:27:31 | INFO | [FIRESTORE] ✅ Message saved | doc_id=DJ1t25UsThNzxJn3QDf6
2026-04-26 19:27:31 | DEBUG | [FIRESTORE] Updated metadata for 38fb7e8a-0d7a-4f3c-b530-bccce3d808ff__a1b2c3d4-0001-0000-0000-000000000001__1777224261746
2026-04-26 19:27:52 | INFO | [FIRESTORE] 💾 Saving message | session=38fb7e8a-0d7a-4f3c-b530-bccce3d808ff__a1b2c3d4-0001-0000-0000-000000000001__1777224261746 | tenant=a1b2c3d4-0001-0000-0000-000000000001 | user=38fb7e8a-0d7a-4f3c-b530-bccce3d808ff
2026-04-26 19:27:52 | INFO | [FIRESTORE] First message: False
2026-04-26 19:27:52 | INFO | [FIRESTORE] ✅ Message saved | doc_id=VpTFI1fVfCYRTJA6rWwz
2026-04-26 19:27:52 | DEBUG | [FIRESTORE] Updated metadata for 38fb7e8a-0d7a-4f3c-b530-bccce3d808ff__a1b2c3d4-0001-0000-0000-000000000001__1777224261746
2026-04-26 19:28:17 | INFO | [FIRESTORE] 📋 Getting user conversations | user=38fb7e8a-0d7a-4f3c-b530-bccce3d808ff | tenant=a1b2c3d4-0001-0000-0000-000000000001
2026-04-26 19:28:18 | INFO | [FIRESTORE] ✅ Found 3 conversations for user 38fb7e8a-0d7a-4f3c-b530-bccce3d808ff
2026-04-26 19:28:19 | INFO | [FIRESTORE] 📖 Getting history | session=38fb7e8a-0d7a-4f3c-b530-bccce3d808ff__a1b2c3d4-0001-0000-0000-000000000001__1777224261746 | tenant=a1b2c3d4-0001-0000-0000-000000000001
2026-04-26 19:28:19 | INFO | [FIRESTORE] ✅ Retrieved 20 messages
2026-04-26 19:28:39 | INFO | [FIRESTORE] 💾 Saving message | session=38fb7e8a-0d7a-4f3c-b530-bccce3d808ff__a1b2c3d4-0001-0000-0000-000000000001__1777224261746 | tenant=a1b2c3d4-0001-0000-0000-000000000001 | user=38fb7e8a-0d7a-4f3c-b530-bccce3d808ff
2026-04-26 19:28:39 | INFO | [FIRESTORE] First message: False
2026-04-26 19:28:39 | INFO | [FIRESTORE] ✅ Message saved | doc_id=MxkQJOUeG87ziWyONl4k
2026-04-26 19:28:39 | DEBUG | [FIRESTORE] Updated metadata for 38fb7e8a-0d7a-4f3c-b530-bccce3d808ff__a1b2c3d4-0001-0000-0000-000000000001__1777224261746
2026-04-26 19:30:20 | INFO | [FIRESTORE] 💾 Saving message | session=38fb7e8a-0d7a-4f3c-b530-bccce3d808ff__a1b2c3d4-0001-0000-0000-000000000001__1777224261746 | tenant=a1b2c3d4-0001-0000-0000-000000000001 | user=38fb7e8a-0d7a-4f3c-b530-bccce3d808ff
2026-04-26 19:30:21 | INFO | [FIRESTORE] First message: False
2026-04-26 19:30:21 | INFO | [FIRESTORE] ✅ Message saved | doc_id=R6j9bphBwRBwTMxZXcd9
2026-04-26 19:30:21 | DEBUG | [FIRESTORE] Updated metadata for 38fb7e8a-0d7a-4f3c-b530-bccce3d808ff__a1b2c3d4-0001-0000-0000-000000000001__1777224261746
2026-04-26 19:40:49 | INFO | ✅ FirestoreConversationService initialisé
2026-04-26 19:41:21 | INFO | [FIRESTORE] 📋 Getting user conversations | user=38fb7e8a-0d7a-4f3c-b530-bccce3d808ff | tenant=a1b2c3d4-0001-0000-0000-000000000001
2026-04-26 19:41:22 | INFO | [FIRESTORE] ✅ Found 3 conversations for user 38fb7e8a-0d7a-4f3c-b530-bccce3d808ff
2026-04-26 19:41:25 | INFO | [FIRESTORE] 🧹 Cleaning old anonymous conversations > 1h
2026-04-26 19:41:25 | INFO | [FIRESTORE] ✅ Cleanup complete: 0 messages, 0 sessions
2026-04-26 19:41:28 | INFO | [FIRESTORE] 📋 Getting user conversations | user=38fb7e8a-0d7a-4f3c-b530-bccce3d808ff | tenant=a1b2c3d4-0001-0000-0000-000000000001
2026-04-26 19:41:29 | INFO | [FIRESTORE] ✅ Found 3 conversations for user 38fb7e8a-0d7a-4f3c-b530-bccce3d808ff
2026-04-26 19:41:30 | INFO | [FIRESTORE] 📖 Getting history | session=38fb7e8a-0d7a-4f3c-b530-bccce3d808ff__a1b2c3d4-0001-0000-0000-000000000001__1777224261746 | tenant=a1b2c3d4-0001-0000-0000-000000000001
2026-04-26 19:41:31 | INFO | [FIRESTORE] ✅ Retrieved 22 messages
2026-04-26 19:41:58 | INFO | [FIRESTORE] 💾 Saving message | session=38fb7e8a-0d7a-4f3c-b530-bccce3d808ff__a1b2c3d4-0001-0000-0000-000000000001__1777224261746 | tenant=a1b2c3d4-0001-0000-0000-000000000001 | user=38fb7e8a-0d7a-4f3c-b530-bccce3d808ff
2026-04-26 19:41:58 | INFO | [FIRESTORE] First message: False
2026-04-26 19:41:58 | INFO | [FIRESTORE] ✅ Message saved | doc_id=MrT2CmApuewzVYEgY4AP
2026-04-26 19:41:58 | DEBUG | [FIRESTORE] Updated metadata for 38fb7e8a-0d7a-4f3c-b530-bccce3d808ff__a1b2c3d4-0001-0000-0000-000000000001__1777224261746
2026-04-26 19:42:20 | INFO | [FIRESTORE] 📋 Getting user conversations | user=38fb7e8a-0d7a-4f3c-b530-bccce3d808ff | tenant=a1b2c3d4-0001-0000-0000-000000000001
2026-04-26 19:42:21 | INFO | [FIRESTORE] ✅ Found 3 conversations for user 38fb7e8a-0d7a-4f3c-b530-bccce3d808ff
2026-04-26 19:42:25 | INFO | [FIRESTORE] 📖 Getting history | session=38fb7e8a-0d7a-4f3c-b530-bccce3d808ff__a1b2c3d4-0001-0000-0000-000000000001__1777224261746 | tenant=a1b2c3d4-0001-0000-0000-000000000001
2026-04-26 19:42:26 | INFO | [FIRESTORE] ✅ Retrieved 23 messages
2026-04-26 19:42:35 | INFO | [FIRESTORE] 💾 Saving message | session=38fb7e8a-0d7a-4f3c-b530-bccce3d808ff__a1b2c3d4-0001-0000-0000-000000000001__1777224261746 | tenant=a1b2c3d4-0001-0000-0000-000000000001 | user=38fb7e8a-0d7a-4f3c-b530-bccce3d808ff
2026-04-26 19:42:35 | INFO | [FIRESTORE] First message: False
2026-04-26 19:42:35 | INFO | [FIRESTORE] ✅ Message saved | doc_id=djYt4Yt4bP8cvsSLoyrh
2026-04-26 19:42:35 | DEBUG | [FIRESTORE] Updated metadata for 38fb7e8a-0d7a-4f3c-b530-bccce3d808ff__a1b2c3d4-0001-0000-0000-000000000001__1777224261746
2026-04-26 19:42:41 | INFO | [FIRESTORE] 📋 Getting user conversations | user=38fb7e8a-0d7a-4f3c-b530-bccce3d808ff | tenant=a1b2c3d4-0001-0000-0000-000000000001
2026-04-26 19:42:42 | INFO | [FIRESTORE] ✅ Found 3 conversations for user 38fb7e8a-0d7a-4f3c-b530-bccce3d808ff
2026-04-26 19:42:45 | INFO | [FIRESTORE] 📖 Getting history | session=38fb7e8a-0d7a-4f3c-b530-bccce3d808ff__a1b2c3d4-0001-0000-0000-000000000001__1777224261746 | tenant=a1b2c3d4-0001-0000-0000-000000000001
2026-04-26 19:42:45 | INFO | [FIRESTORE] ✅ Retrieved 24 messages
2026-04-26 19:42:56 | INFO | [FIRESTORE] 💾 Saving message | session=38fb7e8a-0d7a-4f3c-b530-bccce3d808ff__a1b2c3d4-0001-0000-0000-000000000001__1777224261746 | tenant=a1b2c3d4-0001-0000-0000-000000000001 | user=38fb7e8a-0d7a-4f3c-b530-bccce3d808ff
2026-04-26 19:42:56 | INFO | [FIRESTORE] First message: False
2026-04-26 19:42:56 | INFO | [FIRESTORE] ✅ Message saved | doc_id=tfVZPwWjMajyVZhyWTi5
2026-04-26 19:42:56 | DEBUG | [FIRESTORE] Updated metadata for 38fb7e8a-0d7a-4f3c-b530-bccce3d808ff__a1b2c3d4-0001-0000-0000-000000000001__1777224261746
2026-04-26 19:49:10 | INFO | [FIRESTORE] 📋 Getting user conversations | user=38fb7e8a-0d7a-4f3c-b530-bccce3d808ff | tenant=a1b2c3d4-0001-0000-0000-000000000001
2026-04-26 19:49:11 | INFO | [FIRESTORE] ✅ Found 3 conversations for user 38fb7e8a-0d7a-4f3c-b530-bccce3d808ff
2026-04-26 19:49:12 | INFO | [FIRESTORE] 📖 Getting history | session=38fb7e8a-0d7a-4f3c-b530-bccce3d808ff__a1b2c3d4-0001-0000-0000-000000000001__1777224261746 | tenant=a1b2c3d4-0001-0000-0000-000000000001
2026-04-26 19:49:12 | INFO | [FIRESTORE] ✅ Retrieved 25 messages
2026-04-26 19:49:26 | INFO | ✅ FirestoreConversationService initialisé
2026-04-26 19:50:00 | INFO | [FIRESTORE] 🧹 Cleaning old anonymous conversations > 1h
2026-04-26 19:50:01 | INFO | [FIRESTORE] ✅ Cleanup complete: 0 messages, 0 sessions
2026-04-26 19:50:19 | INFO | [FIRESTORE] 💾 Saving message | session=38fb7e8a-0d7a-4f3c-b530-bccce3d808ff__a1b2c3d4-0001-0000-0000-000000000001__1777224261746 | tenant=a1b2c3d4-0001-0000-0000-000000000001 | user=38fb7e8a-0d7a-4f3c-b530-bccce3d808ff
2026-04-26 19:50:19 | INFO | [FIRESTORE] First message: False
2026-04-26 19:50:20 | INFO | [FIRESTORE] ✅ Message saved | doc_id=9l7Aapb9zYvlrpTCS1Cr
2026-04-26 19:50:20 | DEBUG | [FIRESTORE] Updated metadata for 38fb7e8a-0d7a-4f3c-b530-bccce3d808ff__a1b2c3d4-0001-0000-0000-000000000001__1777224261746
2026-04-26 20:00:45 | INFO | ✅ FirestoreConversationService initialisé
2026-04-26 20:01:17 | INFO | [FIRESTORE] 📋 Getting user conversations | user=38fb7e8a-0d7a-4f3c-b530-bccce3d808ff | tenant=a1b2c3d4-0001-0000-0000-000000000001
2026-04-26 20:01:19 | INFO | [FIRESTORE] ✅ Found 3 conversations for user 38fb7e8a-0d7a-4f3c-b530-bccce3d808ff
2026-04-26 20:01:22 | INFO | [FIRESTORE] 🧹 Cleaning old anonymous conversations > 1h
2026-04-26 20:01:22 | INFO | [FIRESTORE] ✅ Cleanup complete: 0 messages, 0 sessions
2026-04-26 20:01:51 | INFO | [FIRESTORE] 📖 Getting history | session=38fb7e8a-0d7a-4f3c-b530-bccce3d808ff__a1b2c3d4-0001-0000-0000-000000000001__1777224261746 | tenant=a1b2c3d4-0001-0000-0000-000000000001
2026-04-26 20:01:51 | INFO | [FIRESTORE] ✅ Retrieved 26 messages
2026-04-26 20:02:08 | INFO | [FIRESTORE] 💾 Saving message | session=38fb7e8a-0d7a-4f3c-b530-bccce3d808ff__a1b2c3d4-0001-0000-0000-000000000001__1777224261746 | tenant=a1b2c3d4-0001-0000-0000-000000000001 | user=38fb7e8a-0d7a-4f3c-b530-bccce3d808ff
2026-04-26 20:02:08 | INFO | [FIRESTORE] First message: False
2026-04-26 20:02:09 | INFO | [FIRESTORE] ✅ Message saved | doc_id=Zlpcw6hef9xAIYTWtqGc
2026-04-26 20:02:09 | DEBUG | [FIRESTORE] Updated metadata for 38fb7e8a-0d7a-4f3c-b530-bccce3d808ff__a1b2c3d4-0001-0000-0000-000000000001__1777224261746
2026-04-26 20:02:23 | INFO | [FIRESTORE] 📋 Getting user conversations | user=38fb7e8a-0d7a-4f3c-b530-bccce3d808ff | tenant=a1b2c3d4-0001-0000-0000-000000000001
2026-04-26 20:02:24 | INFO | [FIRESTORE] ✅ Found 3 conversations for user 38fb7e8a-0d7a-4f3c-b530-bccce3d808ff
2026-04-26 20:02:26 | INFO | [FIRESTORE] 📖 Getting history | session=38fb7e8a-0d7a-4f3c-b530-bccce3d808ff__a1b2c3d4-0001-0000-0000-000000000001__1777224261746 | tenant=a1b2c3d4-0001-0000-0000-000000000001
2026-04-26 20:02:26 | INFO | [FIRESTORE] ✅ Retrieved 27 messages
2026-04-26 20:02:58 | INFO | [FIRESTORE] 💾 Saving message | session=38fb7e8a-0d7a-4f3c-b530-bccce3d808ff__a1b2c3d4-0001-0000-0000-000000000001__1777224261746 | tenant=a1b2c3d4-0001-0000-0000-000000000001 | user=38fb7e8a-0d7a-4f3c-b530-bccce3d808ff
2026-04-26 20:02:58 | INFO | [FIRESTORE] First message: False
2026-04-26 20:02:59 | INFO | [FIRESTORE] ✅ Message saved | doc_id=dEp8ICbw8mEjx2Fmjf0A
2026-04-26 20:02:59 | DEBUG | [FIRESTORE] Updated metadata for 38fb7e8a-0d7a-4f3c-b530-bccce3d808ff__a1b2c3d4-0001-0000-0000-000000000001__1777224261746
2026-04-26 20:03:31 | INFO | [FIRESTORE] 📋 Getting user conversations | user=38fb7e8a-0d7a-4f3c-b530-bccce3d808ff | tenant=a1b2c3d4-0001-0000-0000-000000000001
2026-04-26 20:03:32 | INFO | [FIRESTORE] ✅ Found 3 conversations for user 38fb7e8a-0d7a-4f3c-b530-bccce3d808ff
2026-04-26 20:03:33 | INFO | [FIRESTORE] 📖 Getting history | session=38fb7e8a-0d7a-4f3c-b530-bccce3d808ff__a1b2c3d4-0001-0000-0000-000000000001__1777224261746 | tenant=a1b2c3d4-0001-0000-0000-000000000001
2026-04-26 20:03:33 | INFO | [FIRESTORE] ✅ Retrieved 28 messages
2026-04-26 20:06:15 | INFO | [FIRESTORE] 💾 Saving message | session=38fb7e8a-0d7a-4f3c-b530-bccce3d808ff__a1b2c3d4-0001-0000-0000-000000000001__1777224261746 | tenant=a1b2c3d4-0001-0000-0000-000000000001 | user=38fb7e8a-0d7a-4f3c-b530-bccce3d808ff
2026-04-26 20:06:15 | INFO | [FIRESTORE] First message: False
2026-04-26 20:06:15 | INFO | [FIRESTORE] ✅ Message saved | doc_id=Ih7y91ToWvjzS7L1E3H1
2026-04-26 20:06:15 | DEBUG | [FIRESTORE] Updated metadata for 38fb7e8a-0d7a-4f3c-b530-bccce3d808ff__a1b2c3d4-0001-0000-0000-000000000001__1777224261746
2026-04-26 20:06:40 | INFO | [FIRESTORE] 📋 Getting user conversations | user=38fb7e8a-0d7a-4f3c-b530-bccce3d808ff | tenant=a1b2c3d4-0001-0000-0000-000000000001
2026-04-26 20:06:40 | INFO | [FIRESTORE] ✅ Found 3 conversations for user 38fb7e8a-0d7a-4f3c-b530-bccce3d808ff
2026-04-26 20:06:52 | INFO | [FIRESTORE] 📖 Getting history | session=38fb7e8a-0d7a-4f3c-b530-bccce3d808ff__a1b2c3d4-0001-0000-0000-000000000001__1777224261746 | tenant=a1b2c3d4-0001-0000-0000-000000000001
2026-04-26 20:06:52 | INFO | [FIRESTORE] ✅ Retrieved 29 messages
2026-04-26 20:07:33 | INFO | [FIRESTORE] 💾 Saving message | session=38fb7e8a-0d7a-4f3c-b530-bccce3d808ff__a1b2c3d4-0001-0000-0000-000000000001__1777224261746 | tenant=a1b2c3d4-0001-0000-0000-000000000001 | user=38fb7e8a-0d7a-4f3c-b530-bccce3d808ff
2026-04-26 20:07:34 | INFO | [FIRESTORE] First message: False
2026-04-26 20:07:34 | INFO | [FIRESTORE] ✅ Message saved | doc_id=LGHnrOYgqbhKO8ywJPbk
2026-04-26 20:07:34 | DEBUG | [FIRESTORE] Updated metadata for 38fb7e8a-0d7a-4f3c-b530-bccce3d808ff__a1b2c3d4-0001-0000-0000-000000000001__1777224261746
2026-04-26 20:07:37 | INFO | [FIRESTORE] 📋 Getting user conversations | user=38fb7e8a-0d7a-4f3c-b530-bccce3d808ff | tenant=a1b2c3d4-0001-0000-0000-000000000001
2026-04-26 20:07:37 | INFO | [FIRESTORE] ✅ Found 3 conversations for user 38fb7e8a-0d7a-4f3c-b530-bccce3d808ff
2026-04-26 20:07:39 | INFO | [FIRESTORE] 📖 Getting history | session=38fb7e8a-0d7a-4f3c-b530-bccce3d808ff__a1b2c3d4-0001-0000-0000-000000000001__1777224261746 | tenant=a1b2c3d4-0001-0000-0000-000000000001
2026-04-26 20:07:39 | INFO | [FIRESTORE] ✅ Retrieved 30 messages
2026-04-26 20:08:01 | INFO | [FIRESTORE] 💾 Saving message | session=38fb7e8a-0d7a-4f3c-b530-bccce3d808ff__a1b2c3d4-0001-0000-0000-000000000001__1777224261746 | tenant=a1b2c3d4-0001-0000-0000-000000000001 | user=38fb7e8a-0d7a-4f3c-b530-bccce3d808ff
2026-04-26 20:08:01 | INFO | [FIRESTORE] First message: False
2026-04-26 20:08:01 | INFO | [FIRESTORE] ✅ Message saved | doc_id=yLbH9a0JIvfXAuNfZtOw
2026-04-26 20:08:02 | DEBUG | [FIRESTORE] Updated metadata for 38fb7e8a-0d7a-4f3c-b530-bccce3d808ff__a1b2c3d4-0001-0000-0000-000000000001__1777224261746
2026-04-26 20:08:04 | INFO | [FIRESTORE] 📋 Getting user conversations | user=38fb7e8a-0d7a-4f3c-b530-bccce3d808ff | tenant=a1b2c3d4-0001-0000-0000-000000000001
2026-04-26 20:08:04 | INFO | [FIRESTORE] ✅ Found 3 conversations for user 38fb7e8a-0d7a-4f3c-b530-bccce3d808ff
2026-04-26 20:08:09 | INFO | [FIRESTORE] 📖 Getting history | session=38fb7e8a-0d7a-4f3c-b530-bccce3d808ff__a1b2c3d4-0001-0000-0000-000000000001__1777224261746 | tenant=a1b2c3d4-0001-0000-0000-000000000001
2026-04-26 20:08:09 | INFO | [FIRESTORE] ✅ Retrieved 31 messages
2026-04-26 20:08:45 | INFO | [FIRESTORE] 💾 Saving message | session=38fb7e8a-0d7a-4f3c-b530-bccce3d808ff__a1b2c3d4-0001-0000-0000-000000000001__1777224261746 | tenant=a1b2c3d4-0001-0000-0000-000000000001 | user=38fb7e8a-0d7a-4f3c-b530-bccce3d808ff
2026-04-26 20:08:45 | INFO | [FIRESTORE] First message: False
2026-04-26 20:08:45 | INFO | [FIRESTORE] ✅ Message saved | doc_id=3olkwhoymfJ3Djby2aIW
2026-04-26 20:08:45 | DEBUG | [FIRESTORE] Updated metadata for 38fb7e8a-0d7a-4f3c-b530-bccce3d808ff__a1b2c3d4-0001-0000-0000-000000000001__1777224261746
2026-04-26 20:09:28 | INFO | [FIRESTORE] 💾 Saving message | session=38fb7e8a-0d7a-4f3c-b530-bccce3d808ff__a1b2c3d4-0001-0000-0000-000000000001__1777224261746 | tenant=a1b2c3d4-0001-0000-0000-000000000001 | user=38fb7e8a-0d7a-4f3c-b530-bccce3d808ff
2026-04-26 20:09:28 | INFO | [FIRESTORE] First message: False
2026-04-26 20:09:28 | INFO | [FIRESTORE] ✅ Message saved | doc_id=8sAR9o2V5U774rbIll6i
2026-04-26 20:09:29 | DEBUG | [FIRESTORE] Updated metadata for 38fb7e8a-0d7a-4f3c-b530-bccce3d808ff__a1b2c3d4-0001-0000-0000-000000000001__1777224261746
2026-04-26 20:09:53 | INFO | [FIRESTORE] 📋 Getting user conversations | user=38fb7e8a-0d7a-4f3c-b530-bccce3d808ff | tenant=a1b2c3d4-0001-0000-0000-000000000001
2026-04-26 20:09:54 | INFO | [FIRESTORE] ✅ Found 3 conversations for user 38fb7e8a-0d7a-4f3c-b530-bccce3d808ff
2026-04-26 20:09:55 | INFO | [FIRESTORE] 📖 Getting history | session=38fb7e8a-0d7a-4f3c-b530-bccce3d808ff__a1b2c3d4-0001-0000-0000-000000000001__1777224261746 | tenant=a1b2c3d4-0001-0000-0000-000000000001
2026-04-26 20:09:56 | INFO | [FIRESTORE] ✅ Retrieved 33 messages
2026-04-26 20:10:14 | INFO | [FIRESTORE] 💾 Saving message | session=38fb7e8a-0d7a-4f3c-b530-bccce3d808ff__a1b2c3d4-0001-0000-0000-000000000001__1777224261746 | tenant=a1b2c3d4-0001-0000-0000-000000000001 | user=38fb7e8a-0d7a-4f3c-b530-bccce3d808ff
2026-04-26 20:10:14 | INFO | [FIRESTORE] First message: False
2026-04-26 20:10:14 | INFO | [FIRESTORE] ✅ Message saved | doc_id=fz9BWoe2XRHxKOhCFJd1
2026-04-26 20:10:14 | DEBUG | [FIRESTORE] Updated metadata for 38fb7e8a-0d7a-4f3c-b530-bccce3d808ff__a1b2c3d4-0001-0000-0000-000000000001__1777224261746
2026-04-26 20:10:34 | INFO | [FIRESTORE] 💾 Saving message | session=38fb7e8a-0d7a-4f3c-b530-bccce3d808ff__a1b2c3d4-0001-0000-0000-000000000001__1777224261746 | tenant=a1b2c3d4-0001-0000-0000-000000000001 | user=38fb7e8a-0d7a-4f3c-b530-bccce3d808ff
2026-04-26 20:10:34 | INFO | [FIRESTORE] First message: False
2026-04-26 20:10:34 | INFO | [FIRESTORE] ✅ Message saved | doc_id=So5Lt6bQlr4yJeURZXBn
2026-04-26 20:10:34 | DEBUG | [FIRESTORE] Updated metadata for 38fb7e8a-0d7a-4f3c-b530-bccce3d808ff__a1b2c3d4-0001-0000-0000-000000000001__1777224261746
2026-04-26 21:48:16 | INFO | [FIRESTORE] 📋 Getting user conversations | user=38fb7e8a-0d7a-4f3c-b530-bccce3d808ff | tenant=a1b2c3d4-0001-0000-0000-000000000001
2026-04-26 21:49:16 | ERROR | [FIRESTORE] ❌ Error getting user conversations: RetryError: Timeout of 60.0s exceeded, last exception: 504 Deadline Exceeded
2026-04-26 22:09:24 | INFO | ✅ FirestoreConversationService initialisé
2026-04-26 22:10:00 | INFO | [FIRESTORE] 🧹 Cleaning old anonymous conversations > 1h
2026-04-26 22:10:01 | INFO | [FIRESTORE] ✅ Cleanup complete: 0 messages, 0 sessions
2026-04-26 22:10:13 | INFO | [FIRESTORE] 📋 Getting user conversations | user=38fb7e8a-0d7a-4f3c-b530-bccce3d808ff | tenant=a1b2c3d4-0001-0000-0000-000000000001
2026-04-26 22:10:14 | INFO | [FIRESTORE] ✅ Found 3 conversations for user 38fb7e8a-0d7a-4f3c-b530-bccce3d808ff
2026-04-26 22:10:53 | INFO | [FIRESTORE] 📖 Getting history | session=38fb7e8a-0d7a-4f3c-b530-bccce3d808ff__a1b2c3d4-0001-0000-0000-000000000001__1777224261746 | tenant=a1b2c3d4-0001-0000-0000-000000000001
2026-04-26 22:10:53 | INFO | [FIRESTORE] ✅ Retrieved 35 messages
2026-04-26 22:13:04 | INFO | [FIRESTORE] 💾 Saving message | session=38fb7e8a-0d7a-4f3c-b530-bccce3d808ff__a1b2c3d4-0001-0000-0000-000000000001__1777224261746 | tenant=a1b2c3d4-0001-0000-0000-000000000001 | user=38fb7e8a-0d7a-4f3c-b530-bccce3d808ff
2026-04-26 22:13:05 | INFO | [FIRESTORE] First message: False
2026-04-26 22:13:05 | INFO | [FIRESTORE] ✅ Message saved | doc_id=ywAhIhVAVsEAKOSKRVju
2026-04-26 22:13:05 | DEBUG | [FIRESTORE] Updated metadata for 38fb7e8a-0d7a-4f3c-b530-bccce3d808ff__a1b2c3d4-0001-0000-0000-000000000001__1777224261746
2026-04-26 22:13:51 | INFO | [FIRESTORE] 💾 Saving message | session=38fb7e8a-0d7a-4f3c-b530-bccce3d808ff__a1b2c3d4-0001-0000-0000-000000000001__1777224261746 | tenant=a1b2c3d4-0001-0000-0000-000000000001 | user=38fb7e8a-0d7a-4f3c-b530-bccce3d808ff
2026-04-26 22:13:51 | INFO | [FIRESTORE] First message: False
2026-04-26 22:13:52 | INFO | [FIRESTORE] ✅ Message saved | doc_id=q8y2OSkCHpVI9rkD6u6g
2026-04-26 22:13:52 | DEBUG | [FIRESTORE] Updated metadata for 38fb7e8a-0d7a-4f3c-b530-bccce3d808ff__a1b2c3d4-0001-0000-0000-000000000001__1777224261746
2026-04-26 22:15:17 | INFO | [FIRESTORE] 📋 Getting user conversations | user=38fb7e8a-0d7a-4f3c-b530-bccce3d808ff | tenant=a1b2c3d4-0001-0000-0000-000000000001
2026-04-26 22:15:18 | INFO | [FIRESTORE] ✅ Found 3 conversations for user 38fb7e8a-0d7a-4f3c-b530-bccce3d808ff
2026-04-26 22:15:19 | INFO | [FIRESTORE] 📖 Getting history | session=38fb7e8a-0d7a-4f3c-b530-bccce3d808ff__a1b2c3d4-0001-0000-0000-000000000001__1777224261746 | tenant=a1b2c3d4-0001-0000-0000-000000000001
2026-04-26 22:15:19 | INFO | [FIRESTORE] ✅ Retrieved 37 messages
2026-04-26 22:15:39 | INFO | [FIRESTORE] 💾 Saving message | session=38fb7e8a-0d7a-4f3c-b530-bccce3d808ff__a1b2c3d4-0001-0000-0000-000000000001__1777224261746 | tenant=a1b2c3d4-0001-0000-0000-000000000001 | user=38fb7e8a-0d7a-4f3c-b530-bccce3d808ff
2026-04-26 22:15:39 | INFO | [FIRESTORE] First message: False
2026-04-26 22:15:39 | INFO | [FIRESTORE] ✅ Message saved | doc_id=AId8CVDQc7gRPcE8VJog
2026-04-26 22:15:39 | DEBUG | [FIRESTORE] Updated metadata for 38fb7e8a-0d7a-4f3c-b530-bccce3d808ff__a1b2c3d4-0001-0000-0000-000000000001__1777224261746
2026-04-26 22:17:06 | INFO | [FIRESTORE] 💾 Saving message | session=38fb7e8a-0d7a-4f3c-b530-bccce3d808ff__a1b2c3d4-0001-0000-0000-000000000001__1777224261746 | tenant=a1b2c3d4-0001-0000-0000-000000000001 | user=38fb7e8a-0d7a-4f3c-b530-bccce3d808ff
2026-04-26 22:17:06 | INFO | [FIRESTORE] First message: False
2026-04-26 22:17:06 | INFO | [FIRESTORE] ✅ Message saved | doc_id=BVSjF8314vYSmOWjzFsi
2026-04-26 22:17:06 | DEBUG | [FIRESTORE] Updated metadata for 38fb7e8a-0d7a-4f3c-b530-bccce3d808ff__a1b2c3d4-0001-0000-0000-000000000001__1777224261746
2026-04-26 22:26:34 | INFO | ✅ FirestoreConversationService initialisé
2026-04-26 22:27:19 | INFO | [FIRESTORE] 🧹 Cleaning old anonymous conversations > 1h
2026-04-26 22:27:21 | INFO | [FIRESTORE] ✅ Cleanup complete: 0 messages, 0 sessions
2026-04-26 22:27:33 | INFO | ✅ FirestoreConversationService initialisé
2026-04-26 22:28:13 | INFO | [FIRESTORE] 🧹 Cleaning old anonymous conversations > 1h
2026-04-26 22:28:14 | INFO | [FIRESTORE] ✅ Cleanup complete: 0 messages, 0 sessions
2026-04-26 22:28:31 | INFO | ✅ FirestoreConversationService initialisé
2026-04-26 22:29:07 | INFO | [FIRESTORE] 🧹 Cleaning old anonymous conversations > 1h
2026-04-26 22:29:08 | INFO | [FIRESTORE] ✅ Cleanup complete: 0 messages, 0 sessions
2026-04-26 22:31:15 | INFO | ✅ FirestoreConversationService initialisé
2026-04-26 22:31:56 | INFO | [FIRESTORE] 🧹 Cleaning old anonymous conversations > 1h
2026-04-26 22:31:57 | INFO | [FIRESTORE] ✅ Cleanup complete: 0 messages, 0 sessions
2026-04-26 22:35:46 | INFO | ✅ FirestoreConversationService initialisé
2026-04-26 22:36:23 | INFO | [FIRESTORE] 🧹 Cleaning old anonymous conversations > 1h
2026-04-26 22:36:24 | INFO | [FIRESTORE] ✅ Cleanup complete: 0 messages, 0 sessions
2026-04-26 22:36:40 | INFO | ✅ FirestoreConversationService initialisé
2026-04-26 22:37:17 | INFO | [FIRESTORE] 🧹 Cleaning old anonymous conversations > 1h
2026-04-26 22:37:19 | INFO | [FIRESTORE] ✅ Cleanup complete: 0 messages, 0 sessions
2026-04-26 22:38:42 | INFO | ✅ FirestoreConversationService initialisé
2026-04-26 22:39:21 | INFO | [FIRESTORE] 🧹 Cleaning old anonymous conversations > 1h
2026-04-26 22:39:22 | INFO | [FIRESTORE] ✅ Cleanup complete: 0 messages, 0 sessions
2026-04-26 22:39:49 | INFO | ✅ FirestoreConversationService initialisé
2026-04-26 22:40:26 | INFO | [FIRESTORE] 📋 Getting user conversations | user=38fb7e8a-0d7a-4f3c-b530-bccce3d808ff | tenant=a1b2c3d4-0001-0000-0000-000000000001
2026-04-26 22:40:27 | INFO | [FIRESTORE] ✅ Found 3 conversations for user 38fb7e8a-0d7a-4f3c-b530-bccce3d808ff
2026-04-26 22:40:30 | INFO | [FIRESTORE] 🧹 Cleaning old anonymous conversations > 1h
2026-04-26 22:40:30 | INFO | [FIRESTORE] ✅ Cleanup complete: 0 messages, 0 sessions
2026-04-26 22:41:39 | INFO | ✅ FirestoreConversationService initialisé
2026-04-26 22:42:11 | INFO | [FIRESTORE] 🧹 Cleaning old anonymous conversations > 1h
2026-04-26 22:42:12 | INFO | [FIRESTORE] ✅ Cleanup complete: 0 messages, 0 sessions
2026-04-26 22:44:58 | INFO | [FIRESTORE] 📖 Getting history | session=38fb7e8a-0d7a-4f3c-b530-bccce3d808ff__a1b2c3d4-0001-0000-0000-000000000001__1777224261746 | tenant=a1b2c3d4-0001-0000-0000-000000000001
2026-04-26 22:44:58 | INFO | [FIRESTORE] ✅ Retrieved 39 messages
2026-04-26 22:45:09 | INFO | [FIRESTORE] 💾 Saving message | session=38fb7e8a-0d7a-4f3c-b530-bccce3d808ff__a1b2c3d4-0001-0000-0000-000000000001__1777224261746 | tenant=a1b2c3d4-0001-0000-0000-000000000001 | user=38fb7e8a-0d7a-4f3c-b530-bccce3d808ff
2026-04-26 22:45:09 | INFO | [FIRESTORE] First message: False
2026-04-26 22:45:09 | INFO | [FIRESTORE] ✅ Message saved | doc_id=QsJPIqWA9ks2VLMbOwnS
2026-04-26 22:45:09 | DEBUG | [FIRESTORE] Updated metadata for 38fb7e8a-0d7a-4f3c-b530-bccce3d808ff__a1b2c3d4-0001-0000-0000-000000000001__1777224261746
2026-04-26 22:45:28 | INFO | [FIRESTORE] 💾 Saving message | session=38fb7e8a-0d7a-4f3c-b530-bccce3d808ff__a1b2c3d4-0001-0000-0000-000000000001__1777224261746 | tenant=a1b2c3d4-0001-0000-0000-000000000001 | user=38fb7e8a-0d7a-4f3c-b530-bccce3d808ff
2026-04-26 22:45:28 | INFO | [FIRESTORE] First message: False
2026-04-26 22:45:28 | INFO | [FIRESTORE] ✅ Message saved | doc_id=lBS05FQDpDtXLhpEwPer
2026-04-26 22:45:28 | DEBUG | [FIRESTORE] Updated metadata for 38fb7e8a-0d7a-4f3c-b530-bccce3d808ff__a1b2c3d4-0001-0000-0000-000000000001__1777224261746
2026-04-26 22:48:09 | INFO | ✅ FirestoreConversationService initialisé
2026-04-26 22:48:46 | INFO | [FIRESTORE] 🧹 Cleaning old anonymous conversations > 1h
2026-04-26 22:48:47 | INFO | [FIRESTORE] ✅ Cleanup complete: 0 messages, 0 sessions
2026-04-26 22:48:54 | INFO | [FIRESTORE] 📋 Getting user conversations | user=38fb7e8a-0d7a-4f3c-b530-bccce3d808ff | tenant=a1b2c3d4-0001-0000-0000-000000000001
2026-04-26 22:48:54 | INFO | [FIRESTORE] ✅ Found 3 conversations for user 38fb7e8a-0d7a-4f3c-b530-bccce3d808ff
2026-04-26 22:48:56 | INFO | [FIRESTORE] 📖 Getting history | session=38fb7e8a-0d7a-4f3c-b530-bccce3d808ff__a1b2c3d4-0001-0000-0000-000000000001__1777224261746 | tenant=a1b2c3d4-0001-0000-0000-000000000001
2026-04-26 22:48:56 | INFO | [FIRESTORE] ✅ Retrieved 41 messages
2026-04-26 22:49:12 | INFO | [FIRESTORE] 💾 Saving message | session=38fb7e8a-0d7a-4f3c-b530-bccce3d808ff__a1b2c3d4-0001-0000-0000-000000000001__1777224261746 | tenant=a1b2c3d4-0001-0000-0000-000000000001 | user=38fb7e8a-0d7a-4f3c-b530-bccce3d808ff
2026-04-26 22:49:12 | INFO | [FIRESTORE] First message: False
2026-04-26 22:49:12 | INFO | [FIRESTORE] ✅ Message saved | doc_id=pzlEpN28lYv0TxiEmbv0
2026-04-26 22:49:12 | DEBUG | [FIRESTORE] Updated metadata for 38fb7e8a-0d7a-4f3c-b530-bccce3d808ff__a1b2c3d4-0001-0000-0000-000000000001__1777224261746
2026-04-26 22:50:26 | INFO | [FIRESTORE] 💾 Saving message | session=38fb7e8a-0d7a-4f3c-b530-bccce3d808ff__a1b2c3d4-0001-0000-0000-000000000001__1777224261746 | tenant=a1b2c3d4-0001-0000-0000-000000000001 | user=38fb7e8a-0d7a-4f3c-b530-bccce3d808ff
2026-04-26 22:50:26 | INFO | [FIRESTORE] First message: False
2026-04-26 22:50:26 | INFO | [FIRESTORE] ✅ Message saved | doc_id=qC2ilEbf4r129H81tFXY
2026-04-26 22:50:26 | DEBUG | [FIRESTORE] Updated metadata for 38fb7e8a-0d7a-4f3c-b530-bccce3d808ff__a1b2c3d4-0001-0000-0000-000000000001__1777224261746
2026-04-26 23:00:40 | INFO | ✅ FirestoreConversationService initialisé
2026-04-26 23:01:29 | INFO | [FIRESTORE] 🧹 Cleaning old anonymous conversations > 1h
2026-04-26 23:01:30 | INFO | [FIRESTORE] ✅ Cleanup complete: 0 messages, 0 sessions
2026-04-26 23:01:41 | INFO | ✅ FirestoreConversationService initialisé
2026-04-26 23:02:25 | INFO | [FIRESTORE] 🧹 Cleaning old anonymous conversations > 1h
2026-04-26 23:02:26 | INFO | [FIRESTORE] ✅ Cleanup complete: 0 messages, 0 sessions
2026-04-26 23:02:44 | INFO | ✅ FirestoreConversationService initialisé
2026-04-26 23:03:14 | INFO | [FIRESTORE] 📋 Getting user conversations | user=38fb7e8a-0d7a-4f3c-b530-bccce3d808ff | tenant=a1b2c3d4-0001-0000-0000-000000000001
2026-04-26 23:03:16 | INFO | [FIRESTORE] ✅ Found 3 conversations for user 38fb7e8a-0d7a-4f3c-b530-bccce3d808ff
2026-04-26 23:03:18 | INFO | [FIRESTORE] 🧹 Cleaning old anonymous conversations > 1h
2026-04-26 23:03:18 | INFO | [FIRESTORE] ✅ Cleanup complete: 0 messages, 0 sessions
2026-04-26 23:04:13 | INFO | [FIRESTORE] 📋 Getting user conversations | user=38fb7e8a-0d7a-4f3c-b530-bccce3d808ff | tenant=a1b2c3d4-0001-0000-0000-000000000001
2026-04-26 23:04:14 | INFO | [FIRESTORE] ✅ Found 3 conversations for user 38fb7e8a-0d7a-4f3c-b530-bccce3d808ff
2026-04-26 23:04:15 | INFO | [FIRESTORE] 📖 Getting history | session=38fb7e8a-0d7a-4f3c-b530-bccce3d808ff__a1b2c3d4-0001-0000-0000-000000000001__1777224261746 | tenant=a1b2c3d4-0001-0000-0000-000000000001
2026-04-26 23:04:16 | INFO | [FIRESTORE] ✅ Retrieved 43 messages
2026-04-26 23:04:33 | INFO | [FIRESTORE] 💾 Saving message | session=38fb7e8a-0d7a-4f3c-b530-bccce3d808ff__a1b2c3d4-0001-0000-0000-000000000001__1777224261746 | tenant=a1b2c3d4-0001-0000-0000-000000000001 | user=38fb7e8a-0d7a-4f3c-b530-bccce3d808ff
2026-04-26 23:04:33 | INFO | [FIRESTORE] First message: False
2026-04-26 23:04:34 | INFO | [FIRESTORE] ✅ Message saved | doc_id=lxdLa7tITy3ZcSIJVmB0
2026-04-26 23:04:34 | DEBUG | [FIRESTORE] Updated metadata for 38fb7e8a-0d7a-4f3c-b530-bccce3d808ff__a1b2c3d4-0001-0000-0000-000000000001__1777224261746
2026-04-26 23:06:00 | INFO | [FIRESTORE] 💾 Saving message | session=38fb7e8a-0d7a-4f3c-b530-bccce3d808ff__a1b2c3d4-0001-0000-0000-000000000001__1777224261746 | tenant=a1b2c3d4-0001-0000-0000-000000000001 | user=38fb7e8a-0d7a-4f3c-b530-bccce3d808ff
2026-04-26 23:06:00 | INFO | [FIRESTORE] First message: False
2026-04-26 23:06:00 | INFO | [FIRESTORE] ✅ Message saved | doc_id=olSHzx0r7sMBv7hX8XrR
2026-04-26 23:06:00 | DEBUG | [FIRESTORE] Updated metadata for 38fb7e8a-0d7a-4f3c-b530-bccce3d808ff__a1b2c3d4-0001-0000-0000-000000000001__1777224261746
2026-04-26 23:09:31 | INFO | ✅ FirestoreConversationService initialisé
2026-04-26 23:09:58 | INFO | [FIRESTORE] 📋 Getting user conversations | user=38fb7e8a-0d7a-4f3c-b530-bccce3d808ff | tenant=a1b2c3d4-0001-0000-0000-000000000001
2026-04-26 23:10:00 | INFO | [FIRESTORE] ✅ Found 3 conversations for user 38fb7e8a-0d7a-4f3c-b530-bccce3d808ff
2026-04-26 23:10:03 | INFO | [FIRESTORE] 🧹 Cleaning old anonymous conversations > 1h
2026-04-26 23:10:03 | INFO | [FIRESTORE] ✅ Cleanup complete: 0 messages, 0 sessions
2026-04-26 23:10:21 | INFO | [FIRESTORE] 📋 Getting user conversations | user=38fb7e8a-0d7a-4f3c-b530-bccce3d808ff | tenant=a1b2c3d4-0001-0000-0000-000000000001
2026-04-26 23:10:22 | INFO | [FIRESTORE] ✅ Found 3 conversations for user 38fb7e8a-0d7a-4f3c-b530-bccce3d808ff
2026-04-26 23:10:25 | INFO | [FIRESTORE] 📖 Getting history | session=38fb7e8a-0d7a-4f3c-b530-bccce3d808ff__a1b2c3d4-0001-0000-0000-000000000001__1777224261746 | tenant=a1b2c3d4-0001-0000-0000-000000000001
2026-04-26 23:10:25 | INFO | [FIRESTORE] ✅ Retrieved 45 messages
2026-04-26 23:10:41 | INFO | [FIRESTORE] 💾 Saving message | session=38fb7e8a-0d7a-4f3c-b530-bccce3d808ff__a1b2c3d4-0001-0000-0000-000000000001__1777224261746 | tenant=a1b2c3d4-0001-0000-0000-000000000001 | user=38fb7e8a-0d7a-4f3c-b530-bccce3d808ff
2026-04-26 23:10:41 | INFO | [FIRESTORE] First message: False
2026-04-26 23:10:41 | INFO | [FIRESTORE] ✅ Message saved | doc_id=N7kg0EtClWS6YWMHddIm
2026-04-26 23:10:41 | DEBUG | [FIRESTORE] Updated metadata for 38fb7e8a-0d7a-4f3c-b530-bccce3d808ff__a1b2c3d4-0001-0000-0000-000000000001__1777224261746
2026-04-26 23:11:33 | INFO | [FIRESTORE] 💾 Saving message | session=38fb7e8a-0d7a-4f3c-b530-bccce3d808ff__a1b2c3d4-0001-0000-0000-000000000001__1777224261746 | tenant=a1b2c3d4-0001-0000-0000-000000000001 | user=38fb7e8a-0d7a-4f3c-b530-bccce3d808ff
2026-04-26 23:11:34 | INFO | [FIRESTORE] First message: False
2026-04-26 23:11:34 | INFO | [FIRESTORE] ✅ Message saved | doc_id=vYVlPS3oNLNSg63mX2vE
2026-04-26 23:11:34 | DEBUG | [FIRESTORE] Updated metadata for 38fb7e8a-0d7a-4f3c-b530-bccce3d808ff__a1b2c3d4-0001-0000-0000-000000000001__1777224261746
2026-04-26 23:19:06 | INFO | ✅ FirestoreConversationService initialisé
2026-04-26 23:20:13 | INFO | ✅ FirestoreConversationService initialisé
2026-04-26 23:21:09 | INFO | ✅ FirestoreConversationService initialisé
2026-04-26 23:22:04 | INFO | ✅ FirestoreConversationService initialisé
2026-04-26 23:22:32 | INFO | [FIRESTORE] 🧹 Cleaning old anonymous conversations > 1h
2026-04-26 23:22:34 | INFO | [FIRESTORE] ✅ Cleanup complete: 0 messages, 0 sessions
2026-04-26 23:23:08 | INFO | [FIRESTORE] 📋 Getting user conversations | user=38fb7e8a-0d7a-4f3c-b530-bccce3d808ff | tenant=a1b2c3d4-0001-0000-0000-000000000001
2026-04-26 23:23:09 | INFO | [FIRESTORE] ✅ Found 3 conversations for user 38fb7e8a-0d7a-4f3c-b530-bccce3d808ff
2026-04-26 23:23:11 | INFO | [FIRESTORE] 📖 Getting history | session=38fb7e8a-0d7a-4f3c-b530-bccce3d808ff__a1b2c3d4-0001-0000-0000-000000000001__1777224261746 | tenant=a1b2c3d4-0001-0000-0000-000000000001
2026-04-26 23:23:11 | INFO | [FIRESTORE] ✅ Retrieved 47 messages
2026-04-26 23:23:29 | INFO | [FIRESTORE] 💾 Saving message | session=38fb7e8a-0d7a-4f3c-b530-bccce3d808ff__a1b2c3d4-0001-0000-0000-000000000001__1777224261746 | tenant=a1b2c3d4-0001-0000-0000-000000000001 | user=38fb7e8a-0d7a-4f3c-b530-bccce3d808ff
2026-04-26 23:23:29 | INFO | [FIRESTORE] First message: False
2026-04-26 23:23:29 | INFO | [FIRESTORE] ✅ Message saved | doc_id=Ab67U6qduNKJXvb1ALBB
2026-04-26 23:23:29 | DEBUG | [FIRESTORE] Updated metadata for 38fb7e8a-0d7a-4f3c-b530-bccce3d808ff__a1b2c3d4-0001-0000-0000-000000000001__1777224261746
2026-04-26 23:24:37 | INFO | [FIRESTORE] 💾 Saving message | session=38fb7e8a-0d7a-4f3c-b530-bccce3d808ff__a1b2c3d4-0001-0000-0000-000000000001__1777224261746 | tenant=a1b2c3d4-0001-0000-0000-000000000001 | user=38fb7e8a-0d7a-4f3c-b530-bccce3d808ff
2026-04-26 23:24:37 | INFO | [FIRESTORE] First message: False
2026-04-26 23:24:37 | INFO | [FIRESTORE] ✅ Message saved | doc_id=ETE68pbRxi1Rp2hgSOQq
2026-04-26 23:24:37 | DEBUG | [FIRESTORE] Updated metadata for 38fb7e8a-0d7a-4f3c-b530-bccce3d808ff__a1b2c3d4-0001-0000-0000-000000000001__1777224261746
2026-04-26 23:26:43 | INFO | ✅ FirestoreConversationService initialisé
2026-04-26 23:27:27 | INFO | [FIRESTORE] 📋 Getting user conversations | user=38fb7e8a-0d7a-4f3c-b530-bccce3d808ff | tenant=a1b2c3d4-0001-0000-0000-000000000001
2026-04-26 23:27:28 | INFO | [FIRESTORE] ✅ Found 3 conversations for user 38fb7e8a-0d7a-4f3c-b530-bccce3d808ff
2026-04-26 23:27:28 | INFO | [FIRESTORE] 📋 Getting user conversations | user=38fb7e8a-0d7a-4f3c-b530-bccce3d808ff | tenant=a1b2c3d4-0001-0000-0000-000000000001
2026-04-26 23:27:29 | INFO | [FIRESTORE] ✅ Found 3 conversations for user 38fb7e8a-0d7a-4f3c-b530-bccce3d808ff
2026-04-26 23:27:31 | INFO | [FIRESTORE] 🧹 Cleaning old anonymous conversations > 1h
2026-04-26 23:27:32 | INFO | [FIRESTORE] ✅ Cleanup complete: 0 messages, 0 sessions
2026-04-26 23:27:54 | INFO | [FIRESTORE] 📖 Getting history | session=38fb7e8a-0d7a-4f3c-b530-bccce3d808ff__a1b2c3d4-0001-0000-0000-000000000001__1777224261746 | tenant=a1b2c3d4-0001-0000-0000-000000000001
2026-04-26 23:27:54 | INFO | [FIRESTORE] ✅ Retrieved 49 messages
2026-04-26 23:28:08 | INFO | [FIRESTORE] 💾 Saving message | session=38fb7e8a-0d7a-4f3c-b530-bccce3d808ff__a1b2c3d4-0001-0000-0000-000000000001__1777224261746 | tenant=a1b2c3d4-0001-0000-0000-000000000001 | user=38fb7e8a-0d7a-4f3c-b530-bccce3d808ff
2026-04-26 23:28:08 | INFO | [FIRESTORE] First message: False
2026-04-26 23:28:08 | INFO | [FIRESTORE] ✅ Message saved | doc_id=dzC20M91gCbswXlTrTf5
2026-04-26 23:28:08 | DEBUG | [FIRESTORE] Updated metadata for 38fb7e8a-0d7a-4f3c-b530-bccce3d808ff__a1b2c3d4-0001-0000-0000-000000000001__1777224261746
2026-04-26 23:29:45 | INFO | [FIRESTORE] 💾 Saving message | session=38fb7e8a-0d7a-4f3c-b530-bccce3d808ff__a1b2c3d4-0001-0000-0000-000000000001__1777224261746 | tenant=a1b2c3d4-0001-0000-0000-000000000001 | user=38fb7e8a-0d7a-4f3c-b530-bccce3d808ff
2026-04-26 23:29:45 | INFO | [FIRESTORE] First message: False
2026-04-26 23:29:45 | INFO | [FIRESTORE] ✅ Message saved | doc_id=GHetOBtOmFxhiiMhAXQy
2026-04-26 23:29:45 | DEBUG | [FIRESTORE] Updated metadata for 38fb7e8a-0d7a-4f3c-b530-bccce3d808ff__a1b2c3d4-0001-0000-0000-000000000001__1777224261746
2026-04-26 23:31:49 | INFO | ✅ FirestoreConversationService initialisé
2026-04-26 23:32:24 | INFO | [FIRESTORE] 🧹 Cleaning old anonymous conversations > 1h
2026-04-26 23:32:25 | INFO | [FIRESTORE] ✅ Cleanup complete: 0 messages, 0 sessions
2026-04-26 23:33:17 | INFO | [FIRESTORE] 📋 Getting user conversations | user=38fb7e8a-0d7a-4f3c-b530-bccce3d808ff | tenant=a1b2c3d4-0001-0000-0000-000000000001
2026-04-26 23:33:18 | INFO | [FIRESTORE] ✅ Found 3 conversations for user 38fb7e8a-0d7a-4f3c-b530-bccce3d808ff
2026-04-26 23:33:19 | INFO | [FIRESTORE] 📖 Getting history | session=38fb7e8a-0d7a-4f3c-b530-bccce3d808ff__a1b2c3d4-0001-0000-0000-000000000001__1777224261746 | tenant=a1b2c3d4-0001-0000-0000-000000000001
2026-04-26 23:33:19 | INFO | [FIRESTORE] ✅ Retrieved 50 messages
2026-04-26 23:33:33 | INFO | [FIRESTORE] 💾 Saving message | session=38fb7e8a-0d7a-4f3c-b530-bccce3d808ff__a1b2c3d4-0001-0000-0000-000000000001__1777224261746 | tenant=a1b2c3d4-0001-0000-0000-000000000001 | user=38fb7e8a-0d7a-4f3c-b530-bccce3d808ff
2026-04-26 23:33:33 | INFO | [FIRESTORE] First message: False
2026-04-26 23:33:33 | INFO | [FIRESTORE] ✅ Message saved | doc_id=44hWQg5HuFeARWmMzouv
2026-04-26 23:33:33 | DEBUG | [FIRESTORE] Updated metadata for 38fb7e8a-0d7a-4f3c-b530-bccce3d808ff__a1b2c3d4-0001-0000-0000-000000000001__1777224261746
2026-04-26 23:35:42 | INFO | [FIRESTORE] 💾 Saving message | session=38fb7e8a-0d7a-4f3c-b530-bccce3d808ff__a1b2c3d4-0001-0000-0000-000000000001__1777224261746 | tenant=a1b2c3d4-0001-0000-0000-000000000001 | user=38fb7e8a-0d7a-4f3c-b530-bccce3d808ff
2026-04-26 23:35:43 | INFO | [FIRESTORE] First message: False
2026-04-26 23:35:43 | INFO | [FIRESTORE] ✅ Message saved | doc_id=Qrki5fFTgfK1MGM792H1
2026-04-26 23:35:43 | DEBUG | [FIRESTORE] Updated metadata for 38fb7e8a-0d7a-4f3c-b530-bccce3d808ff__a1b2c3d4-0001-0000-0000-000000000001__1777224261746
2026-04-26 23:40:34 | INFO | ✅ FirestoreConversationService initialisé
2026-04-26 23:41:12 | INFO | [FIRESTORE] 🧹 Cleaning old anonymous conversations > 1h
2026-04-26 23:41:13 | INFO | [FIRESTORE] ✅ Cleanup complete: 0 messages, 0 sessions
2026-04-26 23:41:24 | INFO | ✅ FirestoreConversationService initialisé
2026-04-26 23:42:05 | INFO | [FIRESTORE] 🧹 Cleaning old anonymous conversations > 1h
2026-04-26 23:42:06 | INFO | [FIRESTORE] ✅ Cleanup complete: 0 messages, 0 sessions
2026-04-26 23:43:13 | INFO | ✅ FirestoreConversationService initialisé
2026-04-26 23:44:04 | INFO | ✅ FirestoreConversationService initialisé
2026-04-26 23:44:33 | INFO | [FIRESTORE] 📋 Getting user conversations | user=38fb7e8a-0d7a-4f3c-b530-bccce3d808ff | tenant=a1b2c3d4-0001-0000-0000-000000000001
2026-04-26 23:44:34 | INFO | [FIRESTORE] ✅ Found 3 conversations for user 38fb7e8a-0d7a-4f3c-b530-bccce3d808ff
2026-04-26 23:44:37 | INFO | [FIRESTORE] 🧹 Cleaning old anonymous conversations > 1h
2026-04-26 23:44:38 | INFO | [FIRESTORE] ✅ Cleanup complete: 0 messages, 0 sessions
2026-04-26 23:45:16 | INFO | [FIRESTORE] 📋 Getting user conversations | user=38fb7e8a-0d7a-4f3c-b530-bccce3d808ff | tenant=a1b2c3d4-0001-0000-0000-000000000001
2026-04-26 23:45:17 | INFO | [FIRESTORE] ✅ Found 3 conversations for user 38fb7e8a-0d7a-4f3c-b530-bccce3d808ff
2026-04-26 23:45:19 | INFO | [FIRESTORE] 📖 Getting history | session=38fb7e8a-0d7a-4f3c-b530-bccce3d808ff__a1b2c3d4-0001-0000-0000-000000000001__1777224261746 | tenant=a1b2c3d4-0001-0000-0000-000000000001
2026-04-26 23:45:19 | INFO | [FIRESTORE] ✅ Retrieved 50 messages
2026-04-26 23:45:48 | INFO | [FIRESTORE] 💾 Saving message | session=38fb7e8a-0d7a-4f3c-b530-bccce3d808ff__a1b2c3d4-0001-0000-0000-000000000001__1777224261746 | tenant=a1b2c3d4-0001-0000-0000-000000000001 | user=38fb7e8a-0d7a-4f3c-b530-bccce3d808ff
2026-04-26 23:45:48 | INFO | [FIRESTORE] First message: False
2026-04-26 23:45:48 | INFO | [FIRESTORE] ✅ Message saved | doc_id=S79D6ASLDmCRwZf4lM1d
2026-04-26 23:45:48 | DEBUG | [FIRESTORE] Updated metadata for 38fb7e8a-0d7a-4f3c-b530-bccce3d808ff__a1b2c3d4-0001-0000-0000-000000000001__1777224261746
2026-04-26 23:47:10 | INFO | [FIRESTORE] 💾 Saving message | session=38fb7e8a-0d7a-4f3c-b530-bccce3d808ff__a1b2c3d4-0001-0000-0000-000000000001__1777224261746 | tenant=a1b2c3d4-0001-0000-0000-000000000001 | user=38fb7e8a-0d7a-4f3c-b530-bccce3d808ff
2026-04-26 23:47:10 | INFO | [FIRESTORE] First message: False
2026-04-26 23:47:10 | INFO | [FIRESTORE] ✅ Message saved | doc_id=qEt3wvT5XugYecCVjKbA
2026-04-26 23:47:10 | DEBUG | [FIRESTORE] Updated metadata for 38fb7e8a-0d7a-4f3c-b530-bccce3d808ff__a1b2c3d4-0001-0000-0000-000000000001__1777224261746
2026-04-26 23:52:34 | INFO | [FIRESTORE] 📋 Getting user conversations | user=38fb7e8a-0d7a-4f3c-b530-bccce3d808ff | tenant=a1b2c3d4-0001-0000-0000-000000000001
2026-04-26 23:52:35 | INFO | [FIRESTORE] ✅ Found 3 conversations for user 38fb7e8a-0d7a-4f3c-b530-bccce3d808ff
2026-04-26 23:52:36 | INFO | [FIRESTORE] 📖 Getting history | session=38fb7e8a-0d7a-4f3c-b530-bccce3d808ff__a1b2c3d4-0001-0000-0000-000000000001__1777224261746 | tenant=a1b2c3d4-0001-0000-0000-000000000001
2026-04-26 23:52:36 | INFO | [FIRESTORE] ✅ Retrieved 50 messages
2026-04-26 23:52:43 | INFO | [FIRESTORE] 💾 Saving message | session=38fb7e8a-0d7a-4f3c-b530-bccce3d808ff__a1b2c3d4-0001-0000-0000-000000000001__1777224261746 | tenant=a1b2c3d4-0001-0000-0000-000000000001 | user=38fb7e8a-0d7a-4f3c-b530-bccce3d808ff
2026-04-26 23:52:43 | INFO | [FIRESTORE] First message: False
2026-04-26 23:52:44 | INFO | [FIRESTORE] ✅ Message saved | doc_id=z8DqoCepKhZbskNiT2lM
2026-04-26 23:52:44 | DEBUG | [FIRESTORE] Updated metadata for 38fb7e8a-0d7a-4f3c-b530-bccce3d808ff__a1b2c3d4-0001-0000-0000-000000000001__1777224261746
2026-04-26 23:53:40 | INFO | [FIRESTORE] 💾 Saving message | session=38fb7e8a-0d7a-4f3c-b530-bccce3d808ff__a1b2c3d4-0001-0000-0000-000000000001__1777224261746 | tenant=a1b2c3d4-0001-0000-0000-000000000001 | user=38fb7e8a-0d7a-4f3c-b530-bccce3d808ff
2026-04-26 23:53:40 | INFO | [FIRESTORE] First message: False
2026-04-26 23:53:40 | INFO | [FIRESTORE] ✅ Message saved | doc_id=i8jx6PfF03yo2k2699VJ
2026-04-26 23:53:40 | DEBUG | [FIRESTORE] Updated metadata for 38fb7e8a-0d7a-4f3c-b530-bccce3d808ff__a1b2c3d4-0001-0000-0000-000000000001__1777224261746
2026-04-27 00:00:34 | INFO | ✅ FirestoreConversationService initialisé
2026-04-27 00:01:22 | INFO | ✅ FirestoreConversationService initialisé
2026-04-27 00:01:58 | INFO | [FIRESTORE] 🧹 Cleaning old anonymous conversations > 1h
2026-04-27 00:01:59 | INFO | [FIRESTORE] ✅ Cleanup complete: 0 messages, 0 sessions
2026-04-27 00:02:13 | INFO | [FIRESTORE] 📋 Getting user conversations | user=38fb7e8a-0d7a-4f3c-b530-bccce3d808ff | tenant=a1b2c3d4-0001-0000-0000-000000000001
2026-04-27 00:02:14 | INFO | [FIRESTORE] ✅ Found 3 conversations for user 38fb7e8a-0d7a-4f3c-b530-bccce3d808ff
2026-04-27 00:02:15 | INFO | [FIRESTORE] 📖 Getting history | session=38fb7e8a-0d7a-4f3c-b530-bccce3d808ff__a1b2c3d4-0001-0000-0000-000000000001__1777224261746 | tenant=a1b2c3d4-0001-0000-0000-000000000001
2026-04-27 00:02:15 | INFO | [FIRESTORE] ✅ Retrieved 50 messages
2026-04-27 00:02:34 | INFO | [FIRESTORE] 💾 Saving message | session=38fb7e8a-0d7a-4f3c-b530-bccce3d808ff__a1b2c3d4-0001-0000-0000-000000000001__1777224261746 | tenant=a1b2c3d4-0001-0000-0000-000000000001 | user=38fb7e8a-0d7a-4f3c-b530-bccce3d808ff
2026-04-27 00:02:34 | INFO | [FIRESTORE] First message: False
2026-04-27 00:02:34 | INFO | [FIRESTORE] ✅ Message saved | doc_id=Xc2N2ewD2YoFVc2RHuNw
2026-04-27 00:02:34 | DEBUG | [FIRESTORE] Updated metadata for 38fb7e8a-0d7a-4f3c-b530-bccce3d808ff__a1b2c3d4-0001-0000-0000-000000000001__1777224261746
2026-04-27 00:05:38 | INFO | [FIRESTORE] 💾 Saving message | session=38fb7e8a-0d7a-4f3c-b530-bccce3d808ff__a1b2c3d4-0001-0000-0000-000000000001__1777224261746 | tenant=a1b2c3d4-0001-0000-0000-000000000001 | user=38fb7e8a-0d7a-4f3c-b530-bccce3d808ff
2026-04-27 00:05:38 | INFO | [FIRESTORE] First message: False
2026-04-27 00:05:38 | INFO | [FIRESTORE] ✅ Message saved | doc_id=KAoxwJVItarHaEkSiOmV
2026-04-27 00:05:38 | DEBUG | [FIRESTORE] Updated metadata for 38fb7e8a-0d7a-4f3c-b530-bccce3d808ff__a1b2c3d4-0001-0000-0000-000000000001__1777224261746
2026-04-27 00:09:28 | INFO | [FIRESTORE] 📋 Getting user conversations | user=38fb7e8a-0d7a-4f3c-b530-bccce3d808ff | tenant=a1b2c3d4-0001-0000-0000-000000000001
2026-04-27 00:09:29 | INFO | [FIRESTORE] ✅ Found 3 conversations for user 38fb7e8a-0d7a-4f3c-b530-bccce3d808ff
2026-04-27 09:54:13 | INFO | ✅ FirestoreConversationService initialisé
2026-04-27 09:56:08 | INFO | [FIRESTORE] 🧹 Cleaning old anonymous conversations > 1h
2026-04-27 09:56:10 | INFO | [FIRESTORE] ✅ Cleanup complete: 0 messages, 0 sessions
2026-04-27 09:59:00 | INFO | [FIRESTORE] 📋 Getting user conversations | user=38fb7e8a-0d7a-4f3c-b530-bccce3d808ff | tenant=a1b2c3d4-0001-0000-0000-000000000001
2026-04-27 09:59:01 | INFO | [FIRESTORE] ✅ Found 3 conversations for user 38fb7e8a-0d7a-4f3c-b530-bccce3d808ff
2026-04-27 09:59:03 | INFO | [FIRESTORE] 📖 Getting history | session=38fb7e8a-0d7a-4f3c-b530-bccce3d808ff__a1b2c3d4-0001-0000-0000-000000000001__1777224261746 | tenant=a1b2c3d4-0001-0000-0000-000000000001
2026-04-27 09:59:04 | INFO | [FIRESTORE] ✅ Retrieved 50 messages
2026-04-27 10:06:58 | INFO | [FIRESTORE] 💾 Saving message | session=38fb7e8a-0d7a-4f3c-b530-bccce3d808ff__a1b2c3d4-0001-0000-0000-000000000001__1777224261746 | tenant=a1b2c3d4-0001-0000-0000-000000000001 | user=38fb7e8a-0d7a-4f3c-b530-bccce3d808ff
2026-04-27 10:06:59 | INFO | [FIRESTORE] First message: False
2026-04-27 10:06:59 | INFO | [FIRESTORE] ✅ Message saved | doc_id=1yqYYUoqqO2FLWMmRRAW
2026-04-27 10:06:59 | DEBUG | [FIRESTORE] Updated metadata for 38fb7e8a-0d7a-4f3c-b530-bccce3d808ff__a1b2c3d4-0001-0000-0000-000000000001__1777224261746
2026-04-27 10:07:54 | INFO | [FIRESTORE] 📋 Getting user conversations | user=38fb7e8a-0d7a-4f3c-b530-bccce3d808ff | tenant=a1b2c3d4-0001-0000-0000-000000000001
2026-04-27 10:07:54 | INFO | [FIRESTORE] ✅ Found 3 conversations for user 38fb7e8a-0d7a-4f3c-b530-bccce3d808ff
2026-04-27 10:07:58 | INFO | [FIRESTORE] 📖 Getting history | session=38fb7e8a-0d7a-4f3c-b530-bccce3d808ff__a1b2c3d4-0001-0000-0000-000000000001__1777224261746 | tenant=a1b2c3d4-0001-0000-0000-000000000001
2026-04-27 10:07:58 | INFO | [FIRESTORE] ✅ Retrieved 50 messages
2026-04-27 10:09:56 | INFO | [FIRESTORE] 💾 Saving message | session=38fb7e8a-0d7a-4f3c-b530-bccce3d808ff__a1b2c3d4-0001-0000-0000-000000000001__1777224261746 | tenant=a1b2c3d4-0001-0000-0000-000000000001 | user=38fb7e8a-0d7a-4f3c-b530-bccce3d808ff
2026-04-27 10:09:56 | INFO | [FIRESTORE] First message: False
2026-04-27 10:09:56 | INFO | [FIRESTORE] ✅ Message saved | doc_id=AEKrkX4RKgipNyIfPIzL
2026-04-27 10:09:56 | DEBUG | [FIRESTORE] Updated metadata for 38fb7e8a-0d7a-4f3c-b530-bccce3d808ff__a1b2c3d4-0001-0000-0000-000000000001__1777224261746
2026-04-27 10:17:21 | INFO | [FIRESTORE] 📋 Getting user conversations | user=38fb7e8a-0d7a-4f3c-b530-bccce3d808ff | tenant=a1b2c3d4-0001-0000-0000-000000000001
2026-04-27 10:17:21 | INFO | [FIRESTORE] ✅ Found 3 conversations for user 38fb7e8a-0d7a-4f3c-b530-bccce3d808ff
2026-04-27 10:17:29 | INFO | [FIRESTORE] 📖 Getting history | session=38fb7e8a-0d7a-4f3c-b530-bccce3d808ff__a1b2c3d4-0001-0000-0000-000000000001__1777224261746 | tenant=a1b2c3d4-0001-0000-0000-000000000001
2026-04-27 10:17:29 | INFO | [FIRESTORE] ✅ Retrieved 50 messages
2026-04-27 10:18:31 | INFO | [FIRESTORE] 💾 Saving message | session=38fb7e8a-0d7a-4f3c-b530-bccce3d808ff__a1b2c3d4-0001-0000-0000-000000000001__1777224261746 | tenant=a1b2c3d4-0001-0000-0000-000000000001 | user=38fb7e8a-0d7a-4f3c-b530-bccce3d808ff
2026-04-27 10:18:31 | INFO | [FIRESTORE] First message: False
2026-04-27 10:18:31 | INFO | [FIRESTORE] ✅ Message saved | doc_id=X9DWHL6LYVXlCluuzONE
2026-04-27 10:18:31 | DEBUG | [FIRESTORE] Updated metadata for 38fb7e8a-0d7a-4f3c-b530-bccce3d808ff__a1b2c3d4-0001-0000-0000-000000000001__1777224261746
2026-04-27 10:18:41 | INFO | [FIRESTORE] 📋 Getting user conversations | user=38fb7e8a-0d7a-4f3c-b530-bccce3d808ff | tenant=a1b2c3d4-0001-0000-0000-000000000001
2026-04-27 10:18:41 | INFO | [FIRESTORE] ✅ Found 3 conversations for user 38fb7e8a-0d7a-4f3c-b530-bccce3d808ff
2026-04-27 10:19:09 | INFO | [FIRESTORE] 📖 Getting history | session=38fb7e8a-0d7a-4f3c-b530-bccce3d808ff__a1b2c3d4-0001-0000-0000-000000000001__1777224261746 | tenant=a1b2c3d4-0001-0000-0000-000000000001
2026-04-27 10:19:09 | INFO | [FIRESTORE] ✅ Retrieved 50 messages
2026-04-27 10:21:00 | INFO | [FIRESTORE] 💾 Saving message | session=38fb7e8a-0d7a-4f3c-b530-bccce3d808ff__a1b2c3d4-0001-0000-0000-000000000001__1777224261746 | tenant=a1b2c3d4-0001-0000-0000-000000000001 | user=38fb7e8a-0d7a-4f3c-b530-bccce3d808ff
2026-04-27 10:21:00 | INFO | [FIRESTORE] First message: False
2026-04-27 10:21:00 | INFO | [FIRESTORE] ✅ Message saved | doc_id=ytqxb8uoTianbgfQ0NOC
2026-04-27 10:21:00 | DEBUG | [FIRESTORE] Updated metadata for 38fb7e8a-0d7a-4f3c-b530-bccce3d808ff__a1b2c3d4-0001-0000-0000-000000000001__1777224261746
2026-04-27 10:24:05 | INFO | [FIRESTORE] 💾 Saving message | session=38fb7e8a-0d7a-4f3c-b530-bccce3d808ff__a1b2c3d4-0001-0000-0000-000000000001__1777224261746 | tenant=a1b2c3d4-0001-0000-0000-000000000001 | user=38fb7e8a-0d7a-4f3c-b530-bccce3d808ff
2026-04-27 10:24:05 | INFO | [FIRESTORE] First message: False
2026-04-27 10:24:06 | INFO | [FIRESTORE] ✅ Message saved | doc_id=UbwwLtnfWuTJvh4whbws
2026-04-27 10:24:06 | DEBUG | [FIRESTORE] Updated metadata for 38fb7e8a-0d7a-4f3c-b530-bccce3d808ff__a1b2c3d4-0001-0000-0000-000000000001__1777224261746
2026-04-27 10:26:03 | INFO | [FIRESTORE] 🧹 Cleaning old anonymous conversations > 1h
2026-04-27 10:26:04 | INFO | [FIRESTORE] ✅ Cleanup complete: 0 messages, 0 sessions
2026-04-27 10:28:46 | INFO | [FIRESTORE] 📋 Getting user conversations | user=38fb7e8a-0d7a-4f3c-b530-bccce3d808ff | tenant=a1b2c3d4-0001-0000-0000-000000000001
2026-04-27 10:28:46 | INFO | [FIRESTORE] ✅ Found 3 conversations for user 38fb7e8a-0d7a-4f3c-b530-bccce3d808ff
2026-04-27 10:28:48 | INFO | [FIRESTORE] 📖 Getting history | session=38fb7e8a-0d7a-4f3c-b530-bccce3d808ff__a1b2c3d4-0001-0000-0000-000000000001__1777224261746 | tenant=a1b2c3d4-0001-0000-0000-000000000001
2026-04-27 10:28:48 | INFO | [FIRESTORE] ✅ Retrieved 50 messages
2026-04-27 10:29:42 | INFO | [FIRESTORE] 💾 Saving message | session=38fb7e8a-0d7a-4f3c-b530-bccce3d808ff__a1b2c3d4-0001-0000-0000-000000000001__1777224261746 | tenant=a1b2c3d4-0001-0000-0000-000000000001 | user=38fb7e8a-0d7a-4f3c-b530-bccce3d808ff
2026-04-27 10:29:42 | INFO | [FIRESTORE] First message: False
2026-04-27 10:29:42 | INFO | [FIRESTORE] ✅ Message saved | doc_id=PAxxPf3SuORbgN32oPEq
2026-04-27 10:29:42 | DEBUG | [FIRESTORE] Updated metadata for 38fb7e8a-0d7a-4f3c-b530-bccce3d808ff__a1b2c3d4-0001-0000-0000-000000000001__1777224261746
2026-04-27 10:34:06 | INFO | [FIRESTORE] 💾 Saving message | session=38fb7e8a-0d7a-4f3c-b530-bccce3d808ff__a1b2c3d4-0001-0000-0000-000000000001__1777224261746 | tenant=a1b2c3d4-0001-0000-0000-000000000001 | user=38fb7e8a-0d7a-4f3c-b530-bccce3d808ff
2026-04-27 10:34:07 | INFO | [FIRESTORE] First message: False
2026-04-27 10:34:07 | INFO | [FIRESTORE] ✅ Message saved | doc_id=tZIORE4S5J98kUDq8T3k
2026-04-27 10:34:07 | DEBUG | [FIRESTORE] Updated metadata for 38fb7e8a-0d7a-4f3c-b530-bccce3d808ff__a1b2c3d4-0001-0000-0000-000000000001__1777224261746
2026-04-27 10:35:16 | INFO | [FIRESTORE] 📋 Getting user conversations | user=38fb7e8a-0d7a-4f3c-b530-bccce3d808ff | tenant=a1b2c3d4-0001-0000-0000-000000000001
2026-04-27 10:35:16 | INFO | [FIRESTORE] ✅ Found 3 conversations for user 38fb7e8a-0d7a-4f3c-b530-bccce3d808ff
2026-04-27 10:35:18 | INFO | [FIRESTORE] 📖 Getting history | session=38fb7e8a-0d7a-4f3c-b530-bccce3d808ff__a1b2c3d4-0001-0000-0000-000000000001__1777224261746 | tenant=a1b2c3d4-0001-0000-0000-000000000001
2026-04-27 10:35:18 | INFO | [FIRESTORE] ✅ Retrieved 50 messages
2026-04-27 10:35:47 | INFO | [FIRESTORE] 💾 Saving message | session=38fb7e8a-0d7a-4f3c-b530-bccce3d808ff__a1b2c3d4-0001-0000-0000-000000000001__1777224261746 | tenant=a1b2c3d4-0001-0000-0000-000000000001 | user=38fb7e8a-0d7a-4f3c-b530-bccce3d808ff
2026-04-27 10:35:47 | INFO | [FIRESTORE] First message: False
2026-04-27 10:35:47 | INFO | [FIRESTORE] ✅ Message saved | doc_id=OsRQY2fbxnvlkQ9GNBWT
2026-04-27 10:35:47 | DEBUG | [FIRESTORE] Updated metadata for 38fb7e8a-0d7a-4f3c-b530-bccce3d808ff__a1b2c3d4-0001-0000-0000-000000000001__1777224261746
2026-04-27 10:38:47 | INFO | [FIRESTORE] 💾 Saving message | session=38fb7e8a-0d7a-4f3c-b530-bccce3d808ff__a1b2c3d4-0001-0000-0000-000000000001__1777224261746 | tenant=a1b2c3d4-0001-0000-0000-000000000001 | user=38fb7e8a-0d7a-4f3c-b530-bccce3d808ff
2026-04-27 10:38:47 | INFO | [FIRESTORE] First message: False
2026-04-27 10:38:47 | INFO | [FIRESTORE] ✅ Message saved | doc_id=R4PbdQf6xJ1ES0FxApjD
2026-04-27 10:38:47 | DEBUG | [FIRESTORE] Updated metadata for 38fb7e8a-0d7a-4f3c-b530-bccce3d808ff__a1b2c3d4-0001-0000-0000-000000000001__1777224261746
2026-04-27 10:56:03 | INFO | [FIRESTORE] 🧹 Cleaning old anonymous conversations > 1h
2026-04-27 10:56:05 | INFO | [FIRESTORE] ✅ Cleanup complete: 0 messages, 0 sessions
2026-04-27 11:04:25 | INFO | [FIRESTORE] 📋 Getting user conversations | user=38fb7e8a-0d7a-4f3c-b530-bccce3d808ff | tenant=a1b2c3d4-0001-0000-0000-000000000001
2026-04-27 11:04:26 | INFO | [FIRESTORE] ✅ Found 3 conversations for user 38fb7e8a-0d7a-4f3c-b530-bccce3d808ff
2026-04-27 11:15:34 | INFO | [FIRESTORE] 📖 Getting history | session=38fb7e8a-0d7a-4f3c-b530-bccce3d808ff__a1b2c3d4-0001-0000-0000-000000000001__1777224261746 | tenant=a1b2c3d4-0001-0000-0000-000000000001
2026-04-27 11:15:35 | INFO | [FIRESTORE] ✅ Retrieved 50 messages
2026-04-27 11:16:08 | INFO | [FIRESTORE] 💾 Saving message | session=38fb7e8a-0d7a-4f3c-b530-bccce3d808ff__a1b2c3d4-0001-0000-0000-000000000001__1777224261746 | tenant=a1b2c3d4-0001-0000-0000-000000000001 | user=38fb7e8a-0d7a-4f3c-b530-bccce3d808ff
2026-04-27 11:16:09 | INFO | [FIRESTORE] First message: False
2026-04-27 11:16:11 | INFO | [FIRESTORE] ✅ Message saved | doc_id=W6YCKUPDIfCVKSGaXkgV
2026-04-27 11:16:11 | DEBUG | [FIRESTORE] Updated metadata for 38fb7e8a-0d7a-4f3c-b530-bccce3d808ff__a1b2c3d4-0001-0000-0000-000000000001__1777224261746
2026-04-27 11:23:00 | INFO | [FIRESTORE] 💾 Saving message | session=38fb7e8a-0d7a-4f3c-b530-bccce3d808ff__a1b2c3d4-0001-0000-0000-000000000001__1777224261746 | tenant=a1b2c3d4-0001-0000-0000-000000000001 | user=38fb7e8a-0d7a-4f3c-b530-bccce3d808ff
2026-04-27 11:23:01 | INFO | [FIRESTORE] First message: False
2026-04-27 11:23:01 | INFO | [FIRESTORE] ✅ Message saved | doc_id=OehwrokH1iSThIUO50sL
2026-04-27 11:23:01 | DEBUG | [FIRESTORE] Updated metadata for 38fb7e8a-0d7a-4f3c-b530-bccce3d808ff__a1b2c3d4-0001-0000-0000-000000000001__1777224261746
2026-04-27 11:24:19 | INFO | [FIRESTORE] 📋 Getting user conversations | user=38fb7e8a-0d7a-4f3c-b530-bccce3d808ff | tenant=a1b2c3d4-0001-0000-0000-000000000001
2026-04-27 11:24:19 | INFO | [FIRESTORE] ✅ Found 3 conversations for user 38fb7e8a-0d7a-4f3c-b530-bccce3d808ff
2026-04-27 11:24:22 | INFO | [FIRESTORE] 📖 Getting history | session=38fb7e8a-0d7a-4f3c-b530-bccce3d808ff__a1b2c3d4-0001-0000-0000-000000000001__1777224261746 | tenant=a1b2c3d4-0001-0000-0000-000000000001
2026-04-27 11:24:22 | INFO | [FIRESTORE] ✅ Retrieved 50 messages
2026-04-27 11:25:25 | INFO | [FIRESTORE] 💾 Saving message | session=38fb7e8a-0d7a-4f3c-b530-bccce3d808ff__a1b2c3d4-0001-0000-0000-000000000001__1777224261746 | tenant=a1b2c3d4-0001-0000-0000-000000000001 | user=38fb7e8a-0d7a-4f3c-b530-bccce3d808ff
2026-04-27 11:25:25 | INFO | [FIRESTORE] First message: False
2026-04-27 11:25:25 | INFO | [FIRESTORE] ✅ Message saved | doc_id=3LXepD7PJSbmoKCkUVSw
2026-04-27 11:25:25 | DEBUG | [FIRESTORE] Updated metadata for 38fb7e8a-0d7a-4f3c-b530-bccce3d808ff__a1b2c3d4-0001-0000-0000-000000000001__1777224261746
2026-04-27 11:25:54 | INFO | [FIRESTORE] 📋 Getting user conversations | user=38fb7e8a-0d7a-4f3c-b530-bccce3d808ff | tenant=a1b2c3d4-0001-0000-0000-000000000001
2026-04-27 11:25:55 | INFO | [FIRESTORE] ✅ Found 3 conversations for user 38fb7e8a-0d7a-4f3c-b530-bccce3d808ff
2026-04-27 11:26:03 | INFO | [FIRESTORE] 🧹 Cleaning old anonymous conversations > 1h
2026-04-27 11:26:04 | INFO | [FIRESTORE] ✅ Cleanup complete: 0 messages, 0 sessions
2026-04-27 11:36:24 | INFO | [FIRESTORE] 📖 Getting history | session=38fb7e8a-0d7a-4f3c-b530-bccce3d808ff__a1b2c3d4-0001-0000-0000-000000000001__1777224261746 | tenant=a1b2c3d4-0001-0000-0000-000000000001
2026-04-27 11:36:25 | INFO | [FIRESTORE] ✅ Retrieved 50 messages
2026-04-27 11:38:00 | INFO | [FIRESTORE] 💾 Saving message | session=38fb7e8a-0d7a-4f3c-b530-bccce3d808ff__a1b2c3d4-0001-0000-0000-000000000001__1777224261746 | tenant=a1b2c3d4-0001-0000-0000-000000000001 | user=38fb7e8a-0d7a-4f3c-b530-bccce3d808ff
2026-04-27 11:38:01 | INFO | [FIRESTORE] First message: False
2026-04-27 11:38:01 | INFO | [FIRESTORE] ✅ Message saved | doc_id=IpPlcdSP8LD9GAL7C7JK
2026-04-27 11:38:01 | DEBUG | [FIRESTORE] Updated metadata for 38fb7e8a-0d7a-4f3c-b530-bccce3d808ff__a1b2c3d4-0001-0000-0000-000000000001__1777224261746
2026-04-27 11:44:59 | INFO | [FIRESTORE] 📋 Getting user conversations | user=38fb7e8a-0d7a-4f3c-b530-bccce3d808ff | tenant=a1b2c3d4-0001-0000-0000-000000000001
2026-04-27 11:45:00 | INFO | [FIRESTORE] ✅ Found 3 conversations for user 38fb7e8a-0d7a-4f3c-b530-bccce3d808ff
2026-04-27 11:46:57 | INFO | [FIRESTORE] 📖 Getting history | session=38fb7e8a-0d7a-4f3c-b530-bccce3d808ff__a1b2c3d4-0001-0000-0000-000000000001__1777224261746 | tenant=a1b2c3d4-0001-0000-0000-000000000001
2026-04-27 11:46:57 | INFO | [FIRESTORE] ✅ Retrieved 50 messages
2026-04-27 11:49:22 | INFO | [FIRESTORE] 💾 Saving message | session=38fb7e8a-0d7a-4f3c-b530-bccce3d808ff__a1b2c3d4-0001-0000-0000-000000000001__1777224261746 | tenant=a1b2c3d4-0001-0000-0000-000000000001 | user=38fb7e8a-0d7a-4f3c-b530-bccce3d808ff
2026-04-27 11:49:22 | INFO | [FIRESTORE] First message: False
2026-04-27 11:49:22 | INFO | [FIRESTORE] ✅ Message saved | doc_id=iPYVnLi4eeciPrIjxush
2026-04-27 11:49:23 | DEBUG | [FIRESTORE] Updated metadata for 38fb7e8a-0d7a-4f3c-b530-bccce3d808ff__a1b2c3d4-0001-0000-0000-000000000001__1777224261746
2026-04-27 11:51:48 | INFO | [FIRESTORE] 💾 Saving message | session=38fb7e8a-0d7a-4f3c-b530-bccce3d808ff__a1b2c3d4-0001-0000-0000-000000000001__1777224261746 | tenant=a1b2c3d4-0001-0000-0000-000000000001 | user=38fb7e8a-0d7a-4f3c-b530-bccce3d808ff
2026-04-27 11:51:48 | INFO | [FIRESTORE] First message: False
2026-04-27 11:51:48 | INFO | [FIRESTORE] ✅ Message saved | doc_id=kupiOFC8UouBPMKiZWRl
2026-04-27 11:51:48 | DEBUG | [FIRESTORE] Updated metadata for 38fb7e8a-0d7a-4f3c-b530-bccce3d808ff__a1b2c3d4-0001-0000-0000-000000000001__1777224261746
2026-04-27 11:56:03 | INFO | [FIRESTORE] 🧹 Cleaning old anonymous conversations > 1h
2026-04-27 11:56:05 | INFO | [FIRESTORE] ✅ Cleanup complete: 0 messages, 0 sessions
2026-04-27 11:59:16 | INFO | [FIRESTORE] 📋 Getting user conversations | user=38fb7e8a-0d7a-4f3c-b530-bccce3d808ff | tenant=a1b2c3d4-0001-0000-0000-000000000001
2026-04-27 11:59:17 | INFO | [FIRESTORE] ✅ Found 3 conversations for user 38fb7e8a-0d7a-4f3c-b530-bccce3d808ff
2026-04-27 12:26:03 | INFO | [FIRESTORE] 🧹 Cleaning old anonymous conversations > 1h
2026-04-27 12:26:04 | INFO | [FIRESTORE] ✅ Cleanup complete: 0 messages, 0 sessions
2026-04-27 12:56:03 | INFO | [FIRESTORE] 🧹 Cleaning old anonymous conversations > 1h
2026-04-27 12:56:05 | INFO | [FIRESTORE] ✅ Cleanup complete: 0 messages, 0 sessions
2026-04-27 13:26:03 | INFO | [FIRESTORE] 🧹 Cleaning old anonymous conversations > 1h
2026-04-27 13:26:04 | INFO | [FIRESTORE] ✅ Cleanup complete: 0 messages, 0 sessions
2026-04-27 13:46:29 | INFO | [FIRESTORE] 📋 Getting user conversations | user=38fb7e8a-0d7a-4f3c-b530-bccce3d808ff | tenant=a1b2c3d4-0001-0000-0000-000000000001
2026-04-27 13:46:29 | INFO | [FIRESTORE] ✅ Found 3 conversations for user 38fb7e8a-0d7a-4f3c-b530-bccce3d808ff
2026-04-27 13:56:03 | INFO | [FIRESTORE] 🧹 Cleaning old anonymous conversations > 1h
2026-04-27 13:56:05 | INFO | [FIRESTORE] ✅ Cleanup complete: 0 messages, 0 sessions
2026-04-27 14:13:49 | INFO | [FIRESTORE] 📋 Getting user conversations | user=38fb7e8a-0d7a-4f3c-b530-bccce3d808ff | tenant=a1b2c3d4-0001-0000-0000-000000000001
2026-04-27 14:13:50 | INFO | [FIRESTORE] ✅ Found 3 conversations for user 38fb7e8a-0d7a-4f3c-b530-bccce3d808ff
2026-04-27 14:26:03 | INFO | [FIRESTORE] 🧹 Cleaning old anonymous conversations > 1h
2026-04-27 14:26:04 | INFO | [FIRESTORE] ✅ Cleanup complete: 0 messages, 0 sessions
2026-04-27 14:58:20 | INFO | [FIRESTORE] 🧹 Cleaning old anonymous conversations > 1h
2026-04-27 14:58:26 | INFO | [FIRESTORE] ✅ Cleanup complete: 0 messages, 0 sessions
2026-04-27 15:07:37 | INFO | [FIRESTORE] 📋 Getting user conversations | user=38fb7e8a-0d7a-4f3c-b530-bccce3d808ff | tenant=a1b2c3d4-0001-0000-0000-000000000001
2026-04-27 15:07:39 | INFO | [FIRESTORE] ✅ Found 3 conversations for user 38fb7e8a-0d7a-4f3c-b530-bccce3d808ff
2026-04-27 15:26:03 | INFO | [FIRESTORE] 🧹 Cleaning old anonymous conversations > 1h
2026-04-27 15:26:04 | INFO | [FIRESTORE] ✅ Cleanup complete: 0 messages, 0 sessions
2026-04-27 15:56:03 | INFO | [FIRESTORE] 🧹 Cleaning old anonymous conversations > 1h
2026-04-27 15:56:05 | INFO | [FIRESTORE] ✅ Cleanup complete: 0 messages, 0 sessions
2026-04-27 16:26:03 | INFO | [FIRESTORE] 🧹 Cleaning old anonymous conversations > 1h
2026-04-27 16:26:04 | INFO | [FIRESTORE] ✅ Cleanup complete: 0 messages, 0 sessions
2026-04-30 15:23:18 | INFO | ✅ FirestoreConversationService initialisé
2026-04-30 15:25:11 | INFO | ✅ FirestoreConversationService initialisé
2026-04-30 15:25:28 | INFO | [FIRESTORE] 🧹 Cleaning old anonymous conversations > 1h
2026-04-30 15:25:30 | INFO | [FIRESTORE] ✅ Cleanup complete: 0 messages, 0 sessions
2026-04-30 15:31:16 | INFO | ✅ FirestoreConversationService initialisé
2026-04-30 15:31:43 | INFO | ✅ FirestoreConversationService initialisé
2026-04-30 15:32:00 | INFO | [FIRESTORE] 🧹 Cleaning old anonymous conversations > 1h
2026-04-30 15:32:02 | INFO | [FIRESTORE] ✅ Cleanup complete: 0 messages, 0 sessions
2026-04-30 15:32:26 | INFO | [FIRESTORE] 📋 Getting user conversations | user=431fff88-549d-46bb-96b1-e4b3521221b7 | tenant=a1b2c3d4-0001-0000-0000-000000000001
2026-04-30 15:32:26 | INFO | [FIRESTORE] ✅ Found 1 conversations for user 431fff88-549d-46bb-96b1-e4b3521221b7
2026-04-30 15:32:30 | INFO | [FIRESTORE] 📖 Getting history | session=431fff88-549d-46bb-96b1-e4b3521221b7__a1b2c3d4-0001-0000-0000-000000000001__1777543369513 | tenant=a1b2c3d4-0001-0000-0000-000000000001
2026-04-30 15:32:30 | INFO | [FIRESTORE] ✅ Retrieved 10 messages
2026-04-30 15:34:59 | INFO | [FIRESTORE] 💾 Saving message | session=431fff88-549d-46bb-96b1-e4b3521221b7__a1b2c3d4-0001-0000-0000-000000000001__1777543369513 | tenant=a1b2c3d4-0001-0000-0000-000000000001 | user=431fff88-549d-46bb-96b1-e4b3521221b7
2026-04-30 15:35:00 | INFO | [FIRESTORE] First message: False
2026-04-30 15:35:00 | INFO | [FIRESTORE] ✅ Message saved | doc_id=183S9x6Z2GgN9HsuSY82
2026-04-30 15:35:00 | DEBUG | [FIRESTORE] Updated metadata for 431fff88-549d-46bb-96b1-e4b3521221b7__a1b2c3d4-0001-0000-0000-000000000001__1777543369513
2026-04-30 15:35:18 | INFO | [FIRESTORE] 📋 Getting user conversations | user=431fff88-549d-46bb-96b1-e4b3521221b7 | tenant=a1b2c3d4-0001-0000-0000-000000000001
2026-04-30 15:35:19 | INFO | [FIRESTORE] ✅ Found 1 conversations for user 431fff88-549d-46bb-96b1-e4b3521221b7
2026-04-30 16:57:02 | INFO | ✅ FirestoreConversationService initialisé
2026-04-30 16:57:22 | INFO | [FIRESTORE] 🧹 Cleaning old anonymous conversations > 1h
2026-04-30 16:57:23 | INFO | [FIRESTORE] ✅ Cleanup complete: 0 messages, 0 sessions
2026-04-30 16:57:48 | INFO | [FIRESTORE] 📋 Getting user conversations | user=431fff88-549d-46bb-96b1-e4b3521221b7 | tenant=a1b2c3d4-0001-0000-0000-000000000001
2026-04-30 16:57:49 | INFO | [FIRESTORE] ✅ Found 1 conversations for user 431fff88-549d-46bb-96b1-e4b3521221b7
2026-04-30 16:58:10 | INFO | [FIRESTORE] 📖 Getting history | session=431fff88-549d-46bb-96b1-e4b3521221b7__a1b2c3d4-0001-0000-0000-000000000001__1777543369513 | tenant=a1b2c3d4-0001-0000-0000-000000000001
2026-04-30 16:58:11 | INFO | [FIRESTORE] ✅ Retrieved 14 messages
2026-04-30 17:00:17 | INFO | [FIRESTORE] 💾 Saving message | session=431fff88-549d-46bb-96b1-e4b3521221b7__a1b2c3d4-0001-0000-0000-000000000001__1777543369513 | tenant=a1b2c3d4-0001-0000-0000-000000000001 | user=431fff88-549d-46bb-96b1-e4b3521221b7
2026-04-30 17:00:18 | INFO | [FIRESTORE] First message: False
2026-04-30 17:00:18 | INFO | [FIRESTORE] ✅ Message saved | doc_id=OXCM3UjQdDagXjKbghJI
2026-04-30 17:00:18 | DEBUG | [FIRESTORE] Updated metadata for 431fff88-549d-46bb-96b1-e4b3521221b7__a1b2c3d4-0001-0000-0000-000000000001__1777543369513
2026-04-30 17:02:37 | INFO | [FIRESTORE] 💾 Saving message | session=431fff88-549d-46bb-96b1-e4b3521221b7__a1b2c3d4-0001-0000-0000-000000000001__1777543369513 | tenant=a1b2c3d4-0001-0000-0000-000000000001 | user=431fff88-549d-46bb-96b1-e4b3521221b7
2026-04-30 17:02:37 | INFO | [FIRESTORE] First message: False
2026-04-30 17:02:37 | INFO | [FIRESTORE] ✅ Message saved | doc_id=nv6dAooAtBBJdiIHO9It
2026-04-30 17:02:37 | DEBUG | [FIRESTORE] Updated metadata for 431fff88-549d-46bb-96b1-e4b3521221b7__a1b2c3d4-0001-0000-0000-000000000001__1777543369513
2026-04-30 17:11:15 | INFO | ✅ FirestoreConversationService initialisé
2026-04-30 17:11:36 | INFO | [FIRESTORE] 🧹 Cleaning old anonymous conversations > 1h
2026-04-30 17:11:37 | INFO | [FIRESTORE] ✅ Cleanup complete: 0 messages, 0 sessions
2026-04-30 17:12:44 | INFO | [FIRESTORE] 📋 Getting user conversations | user=431fff88-549d-46bb-96b1-e4b3521221b7 | tenant=a1b2c3d4-0001-0000-0000-000000000001
2026-04-30 17:12:44 | INFO | [FIRESTORE] ✅ Found 1 conversations for user 431fff88-549d-46bb-96b1-e4b3521221b7
2026-04-30 17:12:47 | INFO | [FIRESTORE] 📖 Getting history | session=431fff88-549d-46bb-96b1-e4b3521221b7__a1b2c3d4-0001-0000-0000-000000000001__1777543369513 | tenant=a1b2c3d4-0001-0000-0000-000000000001
2026-04-30 17:12:47 | INFO | [FIRESTORE] ✅ Retrieved 16 messages
2026-04-30 17:14:48 | INFO | [FIRESTORE] 💾 Saving message | session=431fff88-549d-46bb-96b1-e4b3521221b7__a1b2c3d4-0001-0000-0000-000000000001__1777543369513 | tenant=a1b2c3d4-0001-0000-0000-000000000001 | user=431fff88-549d-46bb-96b1-e4b3521221b7
2026-04-30 17:14:48 | INFO | [FIRESTORE] First message: False
2026-04-30 17:14:48 | INFO | [FIRESTORE] ✅ Message saved | doc_id=JQiAcV4hz742RlCAXJHR
2026-04-30 17:14:48 | DEBUG | [FIRESTORE] Updated metadata for 431fff88-549d-46bb-96b1-e4b3521221b7__a1b2c3d4-0001-0000-0000-000000000001__1777543369513
2026-04-30 17:16:29 | INFO | [FIRESTORE] 💾 Saving message | session=431fff88-549d-46bb-96b1-e4b3521221b7__a1b2c3d4-0001-0000-0000-000000000001__1777543369513 | tenant=a1b2c3d4-0001-0000-0000-000000000001 | user=431fff88-549d-46bb-96b1-e4b3521221b7
2026-04-30 17:16:30 | INFO | [FIRESTORE] First message: False
2026-04-30 17:16:30 | INFO | [FIRESTORE] ✅ Message saved | doc_id=9f0dFCesvQxeLa9TvEJn
2026-04-30 17:16:30 | DEBUG | [FIRESTORE] Updated metadata for 431fff88-549d-46bb-96b1-e4b3521221b7__a1b2c3d4-0001-0000-0000-000000000001__1777543369513
2026-04-30 17:16:40 | INFO | [FIRESTORE] 📋 Getting user conversations | user=431fff88-549d-46bb-96b1-e4b3521221b7 | tenant=a1b2c3d4-0001-0000-0000-000000000001
2026-04-30 17:16:41 | INFO | [FIRESTORE] ✅ Found 1 conversations for user 431fff88-549d-46bb-96b1-e4b3521221b7
2026-04-30 17:16:49 | INFO | [FIRESTORE] 📖 Getting history | session=431fff88-549d-46bb-96b1-e4b3521221b7__a1b2c3d4-0001-0000-0000-000000000001__1777543369513 | tenant=a1b2c3d4-0001-0000-0000-000000000001
2026-04-30 17:16:49 | INFO | [FIRESTORE] ✅ Retrieved 18 messages
2026-04-30 17:20:01 | INFO | [FIRESTORE] 💾 Saving message | session=431fff88-549d-46bb-96b1-e4b3521221b7__a1b2c3d4-0001-0000-0000-000000000001__1777543369513 | tenant=a1b2c3d4-0001-0000-0000-000000000001 | user=431fff88-549d-46bb-96b1-e4b3521221b7
2026-04-30 17:20:01 | INFO | [FIRESTORE] First message: False
2026-04-30 17:20:01 | INFO | [FIRESTORE] ✅ Message saved | doc_id=ntEMHk0vgLVKY13HoQUb
2026-04-30 17:20:01 | DEBUG | [FIRESTORE] Updated metadata for 431fff88-549d-46bb-96b1-e4b3521221b7__a1b2c3d4-0001-0000-0000-000000000001__1777543369513
2026-04-30 17:20:10 | INFO | [FIRESTORE] 📋 Getting user conversations | user=431fff88-549d-46bb-96b1-e4b3521221b7 | tenant=a1b2c3d4-0001-0000-0000-000000000001
2026-04-30 17:20:11 | INFO | [FIRESTORE] ✅ Found 1 conversations for user 431fff88-549d-46bb-96b1-e4b3521221b7
2026-04-30 17:20:14 | INFO | [FIRESTORE] 📖 Getting history | session=431fff88-549d-46bb-96b1-e4b3521221b7__a1b2c3d4-0001-0000-0000-000000000001__1777543369513 | tenant=a1b2c3d4-0001-0000-0000-000000000001
2026-04-30 17:20:14 | INFO | [FIRESTORE] ✅ Retrieved 19 messages
2026-04-30 17:21:50 | INFO | [FIRESTORE] 💾 Saving message | session=431fff88-549d-46bb-96b1-e4b3521221b7__a1b2c3d4-0001-0000-0000-000000000001__1777543369513 | tenant=a1b2c3d4-0001-0000-0000-000000000001 | user=431fff88-549d-46bb-96b1-e4b3521221b7
2026-04-30 17:21:50 | INFO | [FIRESTORE] First message: False
2026-04-30 17:21:51 | INFO | [FIRESTORE] ✅ Message saved | doc_id=vm7old9629DRp7LsTHls
2026-04-30 17:21:51 | DEBUG | [FIRESTORE] Updated metadata for 431fff88-549d-46bb-96b1-e4b3521221b7__a1b2c3d4-0001-0000-0000-000000000001__1777543369513
2026-04-30 17:28:49 | INFO | ✅ FirestoreConversationService initialisé
2026-04-30 17:29:14 | INFO | [FIRESTORE] 🧹 Cleaning old anonymous conversations > 1h
2026-04-30 17:29:15 | INFO | [FIRESTORE] ✅ Cleanup complete: 0 messages, 0 sessions
2026-04-30 17:29:33 | INFO | [FIRESTORE] 📋 Getting user conversations | user=431fff88-549d-46bb-96b1-e4b3521221b7 | tenant=a1b2c3d4-0001-0000-0000-000000000001
2026-04-30 17:29:33 | INFO | [FIRESTORE] ✅ Found 1 conversations for user 431fff88-549d-46bb-96b1-e4b3521221b7
2026-04-30 17:29:39 | INFO | [FIRESTORE] 📖 Getting history | session=431fff88-549d-46bb-96b1-e4b3521221b7__a1b2c3d4-0001-0000-0000-000000000001__1777543369513 | tenant=a1b2c3d4-0001-0000-0000-000000000001
2026-04-30 17:29:40 | INFO | [FIRESTORE] ✅ Retrieved 20 messages
2026-04-30 17:31:50 | INFO | [FIRESTORE] 💾 Saving message | session=431fff88-549d-46bb-96b1-e4b3521221b7__a1b2c3d4-0001-0000-0000-000000000001__1777543369513 | tenant=a1b2c3d4-0001-0000-0000-000000000001 | user=431fff88-549d-46bb-96b1-e4b3521221b7
2026-04-30 17:31:50 | INFO | [FIRESTORE] First message: False
2026-04-30 17:31:50 | INFO | [FIRESTORE] ✅ Message saved | doc_id=5v5CNR20lTN5CYnLtDfb
2026-04-30 17:31:50 | DEBUG | [FIRESTORE] Updated metadata for 431fff88-549d-46bb-96b1-e4b3521221b7__a1b2c3d4-0001-0000-0000-000000000001__1777543369513
2026-04-30 17:33:47 | INFO | [FIRESTORE] 💾 Saving message | session=431fff88-549d-46bb-96b1-e4b3521221b7__a1b2c3d4-0001-0000-0000-000000000001__1777543369513 | tenant=a1b2c3d4-0001-0000-0000-000000000001 | user=431fff88-549d-46bb-96b1-e4b3521221b7
2026-04-30 17:33:47 | INFO | [FIRESTORE] First message: False
2026-04-30 17:33:47 | INFO | [FIRESTORE] ✅ Message saved | doc_id=4mxSeS0VeUMTvAcRY6Cb
2026-04-30 17:33:47 | DEBUG | [FIRESTORE] Updated metadata for 431fff88-549d-46bb-96b1-e4b3521221b7__a1b2c3d4-0001-0000-0000-000000000001__1777543369513
2026-04-30 17:34:54 | INFO | [FIRESTORE] 💾 Saving message | session=431fff88-549d-46bb-96b1-e4b3521221b7__a1b2c3d4-0001-0000-0000-000000000001__1777543369513 | tenant=a1b2c3d4-0001-0000-0000-000000000001 | user=431fff88-549d-46bb-96b1-e4b3521221b7
2026-04-30 17:34:55 | INFO | [FIRESTORE] First message: False
2026-04-30 17:34:55 | INFO | [FIRESTORE] ✅ Message saved | doc_id=BOCYvfSvm43tB2vYiioJ
2026-04-30 17:34:55 | DEBUG | [FIRESTORE] Updated metadata for 431fff88-549d-46bb-96b1-e4b3521221b7__a1b2c3d4-0001-0000-0000-000000000001__1777543369513
2026-04-30 17:37:49 | INFO | [FIRESTORE] 📋 Getting user conversations | user=431fff88-549d-46bb-96b1-e4b3521221b7 | tenant=a1b2c3d4-0001-0000-0000-000000000001
2026-04-30 17:37:50 | INFO | [FIRESTORE] ✅ Found 1 conversations for user 431fff88-549d-46bb-96b1-e4b3521221b7
2026-04-30 17:39:29 | INFO | [FIRESTORE] 💾 Saving message | session=431fff88-549d-46bb-96b1-e4b3521221b7__a1b2c3d4-0001-0000-0000-000000000001__1777567068766 | tenant=a1b2c3d4-0001-0000-0000-000000000001 | user=431fff88-549d-46bb-96b1-e4b3521221b7
2026-04-30 17:39:30 | INFO | [FIRESTORE] First message: True
2026-04-30 17:39:30 | INFO | [FIRESTORE] ✅ Message saved | doc_id=RZKGrlFe0r8IFsnGBNK6
2026-04-30 17:39:30 | INFO | [FIRESTORE] ✅ Session metadata created for 431fff88-549d-46bb-96b1-e4b3521221b7__a1b2c3d4-0001-0000-0000-000000000001__1777567068766
2026-04-30 17:41:00 | INFO | [FIRESTORE] 💾 Saving message | session=431fff88-549d-46bb-96b1-e4b3521221b7__a1b2c3d4-0001-0000-0000-000000000001__1777567068766 | tenant=a1b2c3d4-0001-0000-0000-000000000001 | user=431fff88-549d-46bb-96b1-e4b3521221b7
2026-04-30 17:41:00 | INFO | [FIRESTORE] First message: False
2026-04-30 17:41:00 | INFO | [FIRESTORE] ✅ Message saved | doc_id=cZJ5bzlstllQTfrynmaX
2026-04-30 17:41:00 | DEBUG | [FIRESTORE] Updated metadata for 431fff88-549d-46bb-96b1-e4b3521221b7__a1b2c3d4-0001-0000-0000-000000000001__1777567068766
2026-04-30 17:46:05 | INFO | [FIRESTORE] 📋 Getting user conversations | user=431fff88-549d-46bb-96b1-e4b3521221b7 | tenant=a1b2c3d4-0001-0000-0000-000000000001
2026-04-30 17:46:06 | INFO | [FIRESTORE] ✅ Found 2 conversations for user 431fff88-549d-46bb-96b1-e4b3521221b7
2026-04-30 17:46:11 | INFO | [FIRESTORE] 📖 Getting history | session=431fff88-549d-46bb-96b1-e4b3521221b7__a1b2c3d4-0001-0000-0000-000000000001__1777543369513 | tenant=a1b2c3d4-0001-0000-0000-000000000001
2026-04-30 17:46:11 | INFO | [FIRESTORE] ✅ Retrieved 23 messages
2026-04-30 17:59:09 | INFO | [FIRESTORE] 🧹 Cleaning old anonymous conversations > 1h
2026-04-30 17:59:09 | INFO | [FIRESTORE] ✅ Cleanup complete: 0 messages, 0 sessions
2026-04-30 18:16:16 | INFO | ✅ FirestoreConversationService initialisé
2026-04-30 18:16:38 | INFO | [FIRESTORE] 🧹 Cleaning old anonymous conversations > 1h
2026-04-30 18:16:40 | INFO | [FIRESTORE] ✅ Cleanup complete: 0 messages, 0 sessions
2026-04-30 18:17:38 | INFO | [FIRESTORE] 💾 Saving message | session=431fff88-549d-46bb-96b1-e4b3521221b7__a1b2c3d4-0001-0000-0000-000000000001__1777543369513 | tenant=a1b2c3d4-0001-0000-0000-000000000001 | user=431fff88-549d-46bb-96b1-e4b3521221b7
2026-04-30 18:17:38 | INFO | [FIRESTORE] First message: False
2026-04-30 18:17:39 | INFO | [FIRESTORE] ✅ Message saved | doc_id=8AjLUa4CCd2Um49z4Uke
2026-04-30 18:17:39 | DEBUG | [FIRESTORE] Updated metadata for 431fff88-549d-46bb-96b1-e4b3521221b7__a1b2c3d4-0001-0000-0000-000000000001__1777543369513
2026-04-30 18:18:13 | INFO | [FIRESTORE] 💾 Saving message | session=431fff88-549d-46bb-96b1-e4b3521221b7__a1b2c3d4-0001-0000-0000-000000000001__1777543369513 | tenant=a1b2c3d4-0001-0000-0000-000000000001 | user=431fff88-549d-46bb-96b1-e4b3521221b7
2026-04-30 18:18:13 | INFO | [FIRESTORE] First message: False
2026-04-30 18:18:14 | INFO | [FIRESTORE] ✅ Message saved | doc_id=you7lHManfL4Mae9pOal
2026-04-30 18:18:14 | DEBUG | [FIRESTORE] Updated metadata for 431fff88-549d-46bb-96b1-e4b3521221b7__a1b2c3d4-0001-0000-0000-000000000001__1777543369513
2026-04-30 18:18:35 | INFO | [FIRESTORE] 💾 Saving message | session=431fff88-549d-46bb-96b1-e4b3521221b7__a1b2c3d4-0001-0000-0000-000000000001__1777543369513 | tenant=a1b2c3d4-0001-0000-0000-000000000001 | user=431fff88-549d-46bb-96b1-e4b3521221b7
2026-04-30 18:18:35 | INFO | [FIRESTORE] First message: False
2026-04-30 18:18:35 | INFO | [FIRESTORE] ✅ Message saved | doc_id=TRMc4sDXyhqUT9Y6EUwv
2026-04-30 18:18:35 | DEBUG | [FIRESTORE] Updated metadata for 431fff88-549d-46bb-96b1-e4b3521221b7__a1b2c3d4-0001-0000-0000-000000000001__1777543369513
2026-04-30 18:19:17 | INFO | [FIRESTORE] 📋 Getting user conversations | user=431fff88-549d-46bb-96b1-e4b3521221b7 | tenant=a1b2c3d4-0001-0000-0000-000000000001
2026-04-30 18:19:18 | INFO | [FIRESTORE] ✅ Found 2 conversations for user 431fff88-549d-46bb-96b1-e4b3521221b7
2026-04-30 18:28:10 | INFO | [FIRESTORE] 📋 Getting user conversations | user=431fff88-549d-46bb-96b1-e4b3521221b7 | tenant=a1b2c3d4-0001-0000-0000-000000000001
2026-04-30 18:28:11 | INFO | [FIRESTORE] ✅ Found 2 conversations for user 431fff88-549d-46bb-96b1-e4b3521221b7
2026-04-30 18:28:14 | INFO | [FIRESTORE] 📖 Getting history | session=431fff88-549d-46bb-96b1-e4b3521221b7__a1b2c3d4-0001-0000-0000-000000000001__1777543369513 | tenant=a1b2c3d4-0001-0000-0000-000000000001
2026-04-30 18:28:14 | INFO | [FIRESTORE] ✅ Retrieved 26 messages
2026-04-30 18:28:22 | INFO | [FIRESTORE] 💾 Saving message | session=431fff88-549d-46bb-96b1-e4b3521221b7__a1b2c3d4-0001-0000-0000-000000000001__1777543369513 | tenant=a1b2c3d4-0001-0000-0000-000000000001 | user=431fff88-549d-46bb-96b1-e4b3521221b7
2026-04-30 18:28:22 | INFO | [FIRESTORE] First message: False
2026-04-30 18:28:22 | INFO | [FIRESTORE] ✅ Message saved | doc_id=8Vf2iuY7AV6Uojc3ShyF
2026-04-30 18:28:22 | DEBUG | [FIRESTORE] Updated metadata for 431fff88-549d-46bb-96b1-e4b3521221b7__a1b2c3d4-0001-0000-0000-000000000001__1777543369513
2026-04-30 18:29:37 | INFO | [FIRESTORE] 💾 Saving message | session=431fff88-549d-46bb-96b1-e4b3521221b7__a1b2c3d4-0001-0000-0000-000000000001__1777543369513 | tenant=a1b2c3d4-0001-0000-0000-000000000001 | user=431fff88-549d-46bb-96b1-e4b3521221b7
2026-04-30 18:29:37 | INFO | [FIRESTORE] First message: False
2026-04-30 18:29:37 | INFO | [FIRESTORE] ✅ Message saved | doc_id=uTjpxibhs3TLUGHRKumV
2026-04-30 18:29:37 | DEBUG | [FIRESTORE] Updated metadata for 431fff88-549d-46bb-96b1-e4b3521221b7__a1b2c3d4-0001-0000-0000-000000000001__1777543369513
2026-04-30 18:30:23 | INFO | [FIRESTORE] 📋 Getting user conversations | user=431fff88-549d-46bb-96b1-e4b3521221b7 | tenant=a1b2c3d4-0001-0000-0000-000000000001
2026-04-30 18:30:24 | INFO | [FIRESTORE] ✅ Found 2 conversations for user 431fff88-549d-46bb-96b1-e4b3521221b7
2026-04-30 18:30:46 | INFO | [FIRESTORE] 📖 Getting history | session=431fff88-549d-46bb-96b1-e4b3521221b7__a1b2c3d4-0001-0000-0000-000000000001__1777543369513 | tenant=a1b2c3d4-0001-0000-0000-000000000001
2026-04-30 18:30:46 | INFO | [FIRESTORE] ✅ Retrieved 28 messages
2026-04-30 18:32:44 | INFO | [FIRESTORE] 💾 Saving message | session=431fff88-549d-46bb-96b1-e4b3521221b7__a1b2c3d4-0001-0000-0000-000000000001__1777543369513 | tenant=a1b2c3d4-0001-0000-0000-000000000001 | user=431fff88-549d-46bb-96b1-e4b3521221b7
2026-04-30 18:32:44 | INFO | [FIRESTORE] First message: False
2026-04-30 18:32:44 | INFO | [FIRESTORE] ✅ Message saved | doc_id=aLY8MdSqzI75Eweam45M
2026-04-30 18:32:44 | DEBUG | [FIRESTORE] Updated metadata for 431fff88-549d-46bb-96b1-e4b3521221b7__a1b2c3d4-0001-0000-0000-000000000001__1777543369513
2026-04-30 18:32:55 | INFO | [FIRESTORE] 📋 Getting user conversations | user=431fff88-549d-46bb-96b1-e4b3521221b7 | tenant=a1b2c3d4-0001-0000-0000-000000000001
2026-04-30 18:32:56 | INFO | [FIRESTORE] ✅ Found 2 conversations for user 431fff88-549d-46bb-96b1-e4b3521221b7
2026-04-30 18:33:24 | INFO | [FIRESTORE] 💾 Saving message | session=431fff88-549d-46bb-96b1-e4b3521221b7__a1b2c3d4-0001-0000-0000-000000000001__1777570375108 | tenant=a1b2c3d4-0001-0000-0000-000000000001 | user=431fff88-549d-46bb-96b1-e4b3521221b7
2026-04-30 18:33:24 | INFO | [FIRESTORE] First message: True
2026-04-30 18:33:25 | INFO | [FIRESTORE] ✅ Message saved | doc_id=8McWmwmIFvshgynctIfN
2026-04-30 18:33:25 | INFO | [FIRESTORE] ✅ Session metadata created for 431fff88-549d-46bb-96b1-e4b3521221b7__a1b2c3d4-0001-0000-0000-000000000001__1777570375108
2026-04-30 18:33:31 | INFO | [FIRESTORE] 📋 Getting user conversations | user=431fff88-549d-46bb-96b1-e4b3521221b7 | tenant=a1b2c3d4-0001-0000-0000-000000000001
2026-04-30 18:33:32 | INFO | [FIRESTORE] ✅ Found 3 conversations for user 431fff88-549d-46bb-96b1-e4b3521221b7
2026-04-30 18:39:47 | INFO | [FIRESTORE] 📖 Getting history | session=431fff88-549d-46bb-96b1-e4b3521221b7__a1b2c3d4-0001-0000-0000-000000000001__1777570375108 | tenant=a1b2c3d4-0001-0000-0000-000000000001
2026-04-30 18:39:47 | INFO | [FIRESTORE] ✅ Retrieved 1 messages
2026-04-30 18:39:57 | INFO | [FIRESTORE] 💾 Saving message | session=431fff88-549d-46bb-96b1-e4b3521221b7__a1b2c3d4-0001-0000-0000-000000000001__1777570375108 | tenant=a1b2c3d4-0001-0000-0000-000000000001 | user=431fff88-549d-46bb-96b1-e4b3521221b7
2026-04-30 18:39:58 | INFO | [FIRESTORE] First message: False
2026-04-30 18:39:58 | INFO | [FIRESTORE] ✅ Message saved | doc_id=7cQgu2u3HZQpEd5f5cus
2026-04-30 18:39:58 | DEBUG | [FIRESTORE] Updated metadata for 431fff88-549d-46bb-96b1-e4b3521221b7__a1b2c3d4-0001-0000-0000-000000000001__1777570375108
2026-04-30 18:46:26 | INFO | [FIRESTORE] 📋 Getting user conversations | user=431fff88-549d-46bb-96b1-e4b3521221b7 | tenant=a1b2c3d4-0001-0000-0000-000000000001
2026-04-30 18:46:27 | INFO | [FIRESTORE] ✅ Found 3 conversations for user 431fff88-549d-46bb-96b1-e4b3521221b7
2026-04-30 18:46:32 | INFO | [FIRESTORE] 📋 Getting user conversations | user=431fff88-549d-46bb-96b1-e4b3521221b7 | tenant=a1b2c3d4-0001-0000-0000-000000000001
2026-04-30 18:46:33 | INFO | [FIRESTORE] ✅ Found 3 conversations for user 431fff88-549d-46bb-96b1-e4b3521221b7
2026-04-30 18:46:33 | INFO | [FIRESTORE] 🧹 Cleaning old anonymous conversations > 1h
2026-04-30 18:46:34 | INFO | [FIRESTORE] ✅ Cleanup complete: 0 messages, 0 sessions
2026-04-30 18:46:36 | INFO | [FIRESTORE] 📖 Getting history | session=431fff88-549d-46bb-96b1-e4b3521221b7__a1b2c3d4-0001-0000-0000-000000000001__1777570375108 | tenant=a1b2c3d4-0001-0000-0000-000000000001
2026-04-30 18:46:36 | INFO | [FIRESTORE] ✅ Retrieved 2 messages
2026-04-30 18:46:42 | INFO | [FIRESTORE] 💾 Saving message | session=431fff88-549d-46bb-96b1-e4b3521221b7__a1b2c3d4-0001-0000-0000-000000000001__1777570375108 | tenant=a1b2c3d4-0001-0000-0000-000000000001 | user=431fff88-549d-46bb-96b1-e4b3521221b7
2026-04-30 18:46:42 | INFO | [FIRESTORE] First message: False
2026-04-30 18:46:42 | INFO | [FIRESTORE] ✅ Message saved | doc_id=mppXUgZkapxbmbjNhJzy
2026-04-30 18:46:43 | DEBUG | [FIRESTORE] Updated metadata for 431fff88-549d-46bb-96b1-e4b3521221b7__a1b2c3d4-0001-0000-0000-000000000001__1777570375108
2026-04-30 18:49:54 | INFO | [FIRESTORE] 📋 Getting user conversations | user=431fff88-549d-46bb-96b1-e4b3521221b7 | tenant=a1b2c3d4-0001-0000-0000-000000000001
2026-04-30 18:49:55 | INFO | [FIRESTORE] ✅ Found 3 conversations for user 431fff88-549d-46bb-96b1-e4b3521221b7
2026-04-30 18:50:02 | INFO | [FIRESTORE] 📋 Getting user conversations | user=431fff88-549d-46bb-96b1-e4b3521221b7 | tenant=a1b2c3d4-0001-0000-0000-000000000001
2026-04-30 18:50:04 | INFO | [FIRESTORE] ✅ Found 3 conversations for user 431fff88-549d-46bb-96b1-e4b3521221b7
2026-04-30 18:50:04 | INFO | [FIRESTORE] 📖 Getting history | session=431fff88-549d-46bb-96b1-e4b3521221b7__a1b2c3d4-0001-0000-0000-000000000001__1777570375108 | tenant=a1b2c3d4-0001-0000-0000-000000000001
2026-04-30 18:50:04 | INFO | [FIRESTORE] ✅ Retrieved 3 messages
2026-04-30 18:50:19 | INFO | [FIRESTORE] 💾 Saving message | session=431fff88-549d-46bb-96b1-e4b3521221b7__a1b2c3d4-0001-0000-0000-000000000001__1777570375108 | tenant=a1b2c3d4-0001-0000-0000-000000000001 | user=431fff88-549d-46bb-96b1-e4b3521221b7
2026-04-30 18:50:20 | INFO | [FIRESTORE] First message: False
2026-04-30 18:50:20 | INFO | [FIRESTORE] ✅ Message saved | doc_id=KXiqhlltWo7y3WHA5gC8
2026-04-30 18:50:20 | DEBUG | [FIRESTORE] Updated metadata for 431fff88-549d-46bb-96b1-e4b3521221b7__a1b2c3d4-0001-0000-0000-000000000001__1777570375108
2026-04-30 18:50:31 | INFO | [FIRESTORE] 📋 Getting user conversations | user=431fff88-549d-46bb-96b1-e4b3521221b7 | tenant=a1b2c3d4-0001-0000-0000-000000000001
2026-04-30 18:50:33 | INFO | [FIRESTORE] ✅ Found 3 conversations for user 431fff88-549d-46bb-96b1-e4b3521221b7
2026-04-30 18:50:33 | INFO | [FIRESTORE] 📖 Getting history | session=431fff88-549d-46bb-96b1-e4b3521221b7__a1b2c3d4-0001-0000-0000-000000000001__1777570375108 | tenant=a1b2c3d4-0001-0000-0000-000000000001
2026-04-30 18:50:34 | INFO | [FIRESTORE] ✅ Retrieved 4 messages
2026-04-30 18:51:26 | INFO | ✅ FirestoreConversationService initialisé
2026-04-30 18:51:52 | INFO | [FIRESTORE] 🧹 Cleaning old anonymous conversations > 1h
2026-04-30 18:51:54 | INFO | [FIRESTORE] ✅ Cleanup complete: 0 messages, 0 sessions
2026-04-30 18:54:07 | INFO | [FIRESTORE] 📋 Getting user conversations | user=431fff88-549d-46bb-96b1-e4b3521221b7 | tenant=a1b2c3d4-0001-0000-0000-000000000001
2026-04-30 18:54:08 | INFO | [FIRESTORE] ✅ Found 3 conversations for user 431fff88-549d-46bb-96b1-e4b3521221b7
2026-04-30 18:54:14 | INFO | [FIRESTORE] 📖 Getting history | session=431fff88-549d-46bb-96b1-e4b3521221b7__a1b2c3d4-0001-0000-0000-000000000001__1777570375108 | tenant=a1b2c3d4-0001-0000-0000-000000000001
2026-04-30 18:54:14 | INFO | [FIRESTORE] ✅ Retrieved 4 messages
2026-04-30 18:55:08 | INFO | [FIRESTORE] 💾 Saving message | session=431fff88-549d-46bb-96b1-e4b3521221b7__a1b2c3d4-0001-0000-0000-000000000001__1777570375108 | tenant=a1b2c3d4-0001-0000-0000-000000000001 | user=431fff88-549d-46bb-96b1-e4b3521221b7
2026-04-30 18:55:08 | INFO | [FIRESTORE] First message: False
2026-04-30 18:55:08 | INFO | [FIRESTORE] ✅ Message saved | doc_id=2JE7uvfDnbUv4x5HSizU
2026-04-30 18:55:08 | DEBUG | [FIRESTORE] Updated metadata for 431fff88-549d-46bb-96b1-e4b3521221b7__a1b2c3d4-0001-0000-0000-000000000001__1777570375108
2026-04-30 18:57:41 | INFO | [FIRESTORE] 📖 Getting history | session=431fff88-549d-46bb-96b1-e4b3521221b7__a1b2c3d4-0001-0000-0000-000000000001__1777570375108 | tenant=a1b2c3d4-0001-0000-0000-000000000001
2026-04-30 18:57:41 | INFO | [FIRESTORE] ✅ Retrieved 5 messages
2026-04-30 18:57:41 | INFO | [FIRESTORE] 📋 Getting user conversations | user=431fff88-549d-46bb-96b1-e4b3521221b7 | tenant=a1b2c3d4-0001-0000-0000-000000000001
2026-04-30 18:57:42 | INFO | [FIRESTORE] ✅ Found 3 conversations for user 431fff88-549d-46bb-96b1-e4b3521221b7
2026-04-30 18:57:47 | INFO | [FIRESTORE] 💾 Saving message | session=431fff88-549d-46bb-96b1-e4b3521221b7__a1b2c3d4-0001-0000-0000-000000000001__1777570375108 | tenant=a1b2c3d4-0001-0000-0000-000000000001 | user=431fff88-549d-46bb-96b1-e4b3521221b7
2026-04-30 18:57:48 | INFO | [FIRESTORE] First message: False
2026-04-30 18:57:48 | INFO | [FIRESTORE] ✅ Message saved | doc_id=O8nr80celwWc2ZU89RQB
2026-04-30 18:57:48 | DEBUG | [FIRESTORE] Updated metadata for 431fff88-549d-46bb-96b1-e4b3521221b7__a1b2c3d4-0001-0000-0000-000000000001__1777570375108
2026-04-30 18:59:13 | INFO | [FIRESTORE] 📋 Getting user conversations | user=431fff88-549d-46bb-96b1-e4b3521221b7 | tenant=a1b2c3d4-0001-0000-0000-000000000001
2026-04-30 18:59:14 | INFO | [FIRESTORE] ✅ Found 3 conversations for user 431fff88-549d-46bb-96b1-e4b3521221b7
2026-04-30 18:59:23 | INFO | [FIRESTORE] 📖 Getting history | session=431fff88-549d-46bb-96b1-e4b3521221b7__a1b2c3d4-0001-0000-0000-000000000001__1777543369513 | tenant=a1b2c3d4-0001-0000-0000-000000000001
2026-04-30 18:59:23 | INFO | [FIRESTORE] ✅ Retrieved 29 messages
2026-04-30 18:59:45 | INFO | [FIRESTORE] 💾 Saving message | session=431fff88-549d-46bb-96b1-e4b3521221b7__a1b2c3d4-0001-0000-0000-000000000001__1777543369513 | tenant=a1b2c3d4-0001-0000-0000-000000000001 | user=431fff88-549d-46bb-96b1-e4b3521221b7
2026-04-30 18:59:45 | INFO | [FIRESTORE] First message: False
2026-04-30 18:59:45 | INFO | [FIRESTORE] ✅ Message saved | doc_id=jgaYrT6G0OLI1SkzWcTV
2026-04-30 18:59:46 | DEBUG | [FIRESTORE] Updated metadata for 431fff88-549d-46bb-96b1-e4b3521221b7__a1b2c3d4-0001-0000-0000-000000000001__1777543369513
2026-04-30 19:00:16 | INFO | [FIRESTORE] 📋 Getting user conversations | user=431fff88-549d-46bb-96b1-e4b3521221b7 | tenant=a1b2c3d4-0001-0000-0000-000000000001
2026-04-30 19:00:17 | INFO | [FIRESTORE] ✅ Found 3 conversations for user 431fff88-549d-46bb-96b1-e4b3521221b7
2026-04-30 19:00:17 | INFO | [FIRESTORE] 📖 Getting history | session=431fff88-549d-46bb-96b1-e4b3521221b7__a1b2c3d4-0001-0000-0000-000000000001__1777543369513 | tenant=a1b2c3d4-0001-0000-0000-000000000001
2026-04-30 19:00:17 | INFO | [FIRESTORE] ✅ Retrieved 30 messages
2026-04-30 19:00:53 | INFO | [FIRESTORE] 💾 Saving message | session=431fff88-549d-46bb-96b1-e4b3521221b7__a1b2c3d4-0001-0000-0000-000000000001__1777543369513 | tenant=a1b2c3d4-0001-0000-0000-000000000001 | user=431fff88-549d-46bb-96b1-e4b3521221b7
2026-04-30 19:00:53 | INFO | [FIRESTORE] First message: False
2026-04-30 19:00:53 | INFO | [FIRESTORE] ✅ Message saved | doc_id=DoNNTNV6qo8WLtmMSn7A
2026-04-30 19:00:53 | DEBUG | [FIRESTORE] Updated metadata for 431fff88-549d-46bb-96b1-e4b3521221b7__a1b2c3d4-0001-0000-0000-000000000001__1777543369513
2026-04-30 19:01:08 | INFO | [FIRESTORE] 📋 Getting user conversations | user=431fff88-549d-46bb-96b1-e4b3521221b7 | tenant=a1b2c3d4-0001-0000-0000-000000000001
2026-04-30 19:01:08 | INFO | [FIRESTORE] ✅ Found 3 conversations for user 431fff88-549d-46bb-96b1-e4b3521221b7
2026-04-30 19:01:13 | INFO | [FIRESTORE] 📖 Getting history | session=431fff88-549d-46bb-96b1-e4b3521221b7__a1b2c3d4-0001-0000-0000-000000000001__1777543369513 | tenant=a1b2c3d4-0001-0000-0000-000000000001
2026-04-30 19:01:14 | INFO | [FIRESTORE] ✅ Retrieved 31 messages
2026-04-30 19:01:35 | INFO | [FIRESTORE] 📋 Getting user conversations | user=431fff88-549d-46bb-96b1-e4b3521221b7 | tenant=a1b2c3d4-0001-0000-0000-000000000001
2026-04-30 19:01:36 | INFO | [FIRESTORE] ✅ Found 3 conversations for user 431fff88-549d-46bb-96b1-e4b3521221b7
2026-04-30 19:01:38 | INFO | [FIRESTORE] 📖 Getting history | session=431fff88-549d-46bb-96b1-e4b3521221b7__a1b2c3d4-0001-0000-0000-000000000001__1777543369513 | tenant=a1b2c3d4-0001-0000-0000-000000000001
2026-04-30 19:01:38 | INFO | [FIRESTORE] ✅ Retrieved 31 messages
2026-04-30 19:01:42 | INFO | [FIRESTORE] 💾 Saving message | session=431fff88-549d-46bb-96b1-e4b3521221b7__a1b2c3d4-0001-0000-0000-000000000001__1777543369513 | tenant=a1b2c3d4-0001-0000-0000-000000000001 | user=431fff88-549d-46bb-96b1-e4b3521221b7
2026-04-30 19:01:42 | INFO | [FIRESTORE] First message: False
2026-04-30 19:01:42 | INFO | [FIRESTORE] ✅ Message saved | doc_id=I342Xu06rx2dtlLSAgWY
2026-04-30 19:01:42 | DEBUG | [FIRESTORE] Updated metadata for 431fff88-549d-46bb-96b1-e4b3521221b7__a1b2c3d4-0001-0000-0000-000000000001__1777543369513
2026-04-30 19:04:37 | INFO | [FIRESTORE] 📋 Getting user conversations | user=431fff88-549d-46bb-96b1-e4b3521221b7 | tenant=a1b2c3d4-0001-0000-0000-000000000001
2026-04-30 19:04:38 | INFO | [FIRESTORE] ✅ Found 3 conversations for user 431fff88-549d-46bb-96b1-e4b3521221b7
2026-04-30 19:04:39 | INFO | [FIRESTORE] 📖 Getting history | session=431fff88-549d-46bb-96b1-e4b3521221b7__a1b2c3d4-0001-0000-0000-000000000001__1777543369513 | tenant=a1b2c3d4-0001-0000-0000-000000000001
2026-04-30 19:04:39 | INFO | [FIRESTORE] ✅ Retrieved 32 messages
2026-04-30 19:04:47 | INFO | [FIRESTORE] 💾 Saving message | session=431fff88-549d-46bb-96b1-e4b3521221b7__a1b2c3d4-0001-0000-0000-000000000001__1777543369513 | tenant=a1b2c3d4-0001-0000-0000-000000000001 | user=431fff88-549d-46bb-96b1-e4b3521221b7
2026-04-30 19:04:47 | INFO | [FIRESTORE] First message: False
2026-04-30 19:04:47 | INFO | [FIRESTORE] ✅ Message saved | doc_id=BrF1FFGso528WePth8h9
2026-04-30 19:04:47 | DEBUG | [FIRESTORE] Updated metadata for 431fff88-549d-46bb-96b1-e4b3521221b7__a1b2c3d4-0001-0000-0000-000000000001__1777543369513
2026-04-30 19:09:57 | INFO | [FIRESTORE] 💾 Saving message | session=431fff88-549d-46bb-96b1-e4b3521221b7__a1b2c3d4-0001-0000-0000-000000000001__1777543369513 | tenant=a1b2c3d4-0001-0000-0000-000000000001 | user=431fff88-549d-46bb-96b1-e4b3521221b7
2026-04-30 19:09:57 | INFO | [FIRESTORE] First message: False
2026-04-30 19:09:57 | INFO | [FIRESTORE] ✅ Message saved | doc_id=vk32EOfHkvQWVcudurBO
2026-04-30 19:09:57 | DEBUG | [FIRESTORE] Updated metadata for 431fff88-549d-46bb-96b1-e4b3521221b7__a1b2c3d4-0001-0000-0000-000000000001__1777543369513
2026-04-30 19:21:47 | INFO | [FIRESTORE] 🧹 Cleaning old anonymous conversations > 1h
2026-04-30 19:21:48 | INFO | [FIRESTORE] ✅ Cleanup complete: 0 messages, 0 sessions
2026-04-30 19:22:20 | INFO | [FIRESTORE] 📋 Getting user conversations | user=431fff88-549d-46bb-96b1-e4b3521221b7 | tenant=a1b2c3d4-0001-0000-0000-000000000001
2026-04-30 19:22:21 | INFO | [FIRESTORE] ✅ Found 3 conversations for user 431fff88-549d-46bb-96b1-e4b3521221b7
2026-04-30 19:23:54 | INFO | [FIRESTORE] 📋 Getting user conversations | user=431fff88-549d-46bb-96b1-e4b3521221b7 | tenant=a1b2c3d4-0001-0000-0000-000000000001
2026-04-30 19:23:55 | INFO | [FIRESTORE] ✅ Found 3 conversations for user 431fff88-549d-46bb-96b1-e4b3521221b7
2026-04-30 19:25:02 | INFO | [FIRESTORE] 💾 Saving message | session=431fff88-549d-46bb-96b1-e4b3521221b7__a1b2c3d4-0001-0000-0000-000000000001__1777573339295 | tenant=a1b2c3d4-0001-0000-0000-000000000001 | user=431fff88-549d-46bb-96b1-e4b3521221b7
2026-04-30 19:25:02 | INFO | [FIRESTORE] First message: True
2026-04-30 19:25:02 | INFO | [FIRESTORE] ✅ Message saved | doc_id=ICy0C2wGlXfhknzXD9hr
2026-04-30 19:25:02 | INFO | [FIRESTORE] ✅ Session metadata created for 431fff88-549d-46bb-96b1-e4b3521221b7__a1b2c3d4-0001-0000-0000-000000000001__1777573339295
2026-04-30 19:31:10 | INFO | [FIRESTORE] 📋 Getting user conversations | user=431fff88-549d-46bb-96b1-e4b3521221b7 | tenant=a1b2c3d4-0001-0000-0000-000000000001
2026-04-30 19:31:11 | INFO | [FIRESTORE] ✅ Found 4 conversations for user 431fff88-549d-46bb-96b1-e4b3521221b7
2026-04-30 19:31:15 | INFO | [FIRESTORE] 📖 Getting history | session=431fff88-549d-46bb-96b1-e4b3521221b7__a1b2c3d4-0001-0000-0000-000000000001__1777543369513 | tenant=a1b2c3d4-0001-0000-0000-000000000001
2026-04-30 19:31:15 | INFO | [FIRESTORE] ✅ Retrieved 34 messages
2026-04-30 19:31:33 | INFO | [FIRESTORE] 💾 Saving message | session=431fff88-549d-46bb-96b1-e4b3521221b7__a1b2c3d4-0001-0000-0000-000000000001__1777543369513 | tenant=a1b2c3d4-0001-0000-0000-000000000001 | user=431fff88-549d-46bb-96b1-e4b3521221b7
2026-04-30 19:31:33 | INFO | [FIRESTORE] First message: False
2026-04-30 19:31:33 | INFO | [FIRESTORE] ✅ Message saved | doc_id=G7iDgr1959QBHhFdcFIu
2026-04-30 19:31:33 | DEBUG | [FIRESTORE] Updated metadata for 431fff88-549d-46bb-96b1-e4b3521221b7__a1b2c3d4-0001-0000-0000-000000000001__1777543369513
2026-04-30 19:34:03 | INFO | [FIRESTORE] 💾 Saving message | session=431fff88-549d-46bb-96b1-e4b3521221b7__a1b2c3d4-0001-0000-0000-000000000001__1777543369513 | tenant=a1b2c3d4-0001-0000-0000-000000000001 | user=431fff88-549d-46bb-96b1-e4b3521221b7
2026-04-30 19:34:03 | INFO | [FIRESTORE] First message: False
2026-04-30 19:34:03 | INFO | [FIRESTORE] ✅ Message saved | doc_id=NW6tEStO7xxszPJZrlaY
2026-04-30 19:34:04 | DEBUG | [FIRESTORE] Updated metadata for 431fff88-549d-46bb-96b1-e4b3521221b7__a1b2c3d4-0001-0000-0000-000000000001__1777543369513
2026-04-30 19:51:47 | INFO | [FIRESTORE] 🧹 Cleaning old anonymous conversations > 1h
2026-04-30 19:51:49 | INFO | [FIRESTORE] ✅ Cleanup complete: 0 messages, 0 sessions
2026-04-30 19:52:09 | INFO | [FIRESTORE] 📋 Getting user conversations | user=431fff88-549d-46bb-96b1-e4b3521221b7 | tenant=a1b2c3d4-0001-0000-0000-000000000001
2026-04-30 19:52:11 | INFO | [FIRESTORE] ✅ Found 4 conversations for user 431fff88-549d-46bb-96b1-e4b3521221b7
2026-04-30 19:52:36 | INFO | [FIRESTORE] 💾 Saving message | session=431fff88-549d-46bb-96b1-e4b3521221b7__a1b2c3d4-0001-0000-0000-000000000001__1777575128911 | tenant=a1b2c3d4-0001-0000-0000-000000000001 | user=431fff88-549d-46bb-96b1-e4b3521221b7
2026-04-30 19:52:36 | INFO | [FIRESTORE] First message: True
2026-04-30 19:52:36 | INFO | [FIRESTORE] ✅ Message saved | doc_id=9REch6W5G8JpX4yDgOSK
2026-04-30 19:52:36 | INFO | [FIRESTORE] ✅ Session metadata created for 431fff88-549d-46bb-96b1-e4b3521221b7__a1b2c3d4-0001-0000-0000-000000000001__1777575128911
2026-04-30 19:53:09 | INFO | [FIRESTORE] 💾 Saving message | session=431fff88-549d-46bb-96b1-e4b3521221b7__a1b2c3d4-0001-0000-0000-000000000001__1777575128911 | tenant=a1b2c3d4-0001-0000-0000-000000000001 | user=431fff88-549d-46bb-96b1-e4b3521221b7
2026-04-30 19:53:09 | INFO | [FIRESTORE] First message: False
2026-04-30 19:53:09 | INFO | [FIRESTORE] ✅ Message saved | doc_id=RfWHa5qqQ8DxiXOyYxB4
2026-04-30 19:53:09 | DEBUG | [FIRESTORE] Updated metadata for 431fff88-549d-46bb-96b1-e4b3521221b7__a1b2c3d4-0001-0000-0000-000000000001__1777575128911
2026-04-30 19:54:58 | INFO | [FIRESTORE] 💾 Saving message | session=431fff88-549d-46bb-96b1-e4b3521221b7__a1b2c3d4-0001-0000-0000-000000000001__1777575128911 | tenant=a1b2c3d4-0001-0000-0000-000000000001 | user=431fff88-549d-46bb-96b1-e4b3521221b7
2026-04-30 19:54:58 | INFO | [FIRESTORE] First message: False
2026-04-30 19:54:59 | INFO | [FIRESTORE] ✅ Message saved | doc_id=n44lsjSNUVjq9z615TIj
2026-04-30 19:54:59 | DEBUG | [FIRESTORE] Updated metadata for 431fff88-549d-46bb-96b1-e4b3521221b7__a1b2c3d4-0001-0000-0000-000000000001__1777575128911
2026-04-30 20:03:59 | INFO | ✅ FirestoreConversationService initialisé
2026-04-30 20:04:31 | INFO | [FIRESTORE] 🧹 Cleaning old anonymous conversations > 1h
2026-04-30 20:04:33 | INFO | [FIRESTORE] ✅ Cleanup complete: 0 messages, 0 sessions
2026-04-30 20:16:54 | INFO | [FIRESTORE] 📋 Getting user conversations | user=431fff88-549d-46bb-96b1-e4b3521221b7 | tenant=a1b2c3d4-0001-0000-0000-000000000001
2026-04-30 20:16:56 | INFO | [FIRESTORE] ✅ Found 5 conversations for user 431fff88-549d-46bb-96b1-e4b3521221b7
2026-04-30 20:17:02 | INFO | [FIRESTORE] 📋 Getting user conversations | user=431fff88-549d-46bb-96b1-e4b3521221b7 | tenant=a1b2c3d4-0001-0000-0000-000000000001
2026-04-30 20:17:03 | INFO | [FIRESTORE] ✅ Found 5 conversations for user 431fff88-549d-46bb-96b1-e4b3521221b7
2026-04-30 20:17:10 | INFO | [FIRESTORE] 📖 Getting history | session=431fff88-549d-46bb-96b1-e4b3521221b7__a1b2c3d4-0001-0000-0000-000000000001__1777575128911 | tenant=a1b2c3d4-0001-0000-0000-000000000001
2026-04-30 20:17:10 | INFO | [FIRESTORE] ✅ Retrieved 3 messages
2026-04-30 20:18:01 | INFO | [FIRESTORE] 💾 Saving message | session=431fff88-549d-46bb-96b1-e4b3521221b7__a1b2c3d4-0001-0000-0000-000000000001__1777575128911 | tenant=a1b2c3d4-0001-0000-0000-000000000001 | user=431fff88-549d-46bb-96b1-e4b3521221b7
2026-04-30 20:18:01 | INFO | [FIRESTORE] First message: False
2026-04-30 20:18:02 | INFO | [FIRESTORE] ✅ Message saved | doc_id=PVby9EPSQm4gW2c3L8lP
2026-04-30 20:18:02 | DEBUG | [FIRESTORE] Updated metadata for 431fff88-549d-46bb-96b1-e4b3521221b7__a1b2c3d4-0001-0000-0000-000000000001__1777575128911
2026-04-30 20:18:22 | INFO | [FIRESTORE] 💾 Saving message | session=431fff88-549d-46bb-96b1-e4b3521221b7__a1b2c3d4-0001-0000-0000-000000000001__1777575128911 | tenant=a1b2c3d4-0001-0000-0000-000000000001 | user=431fff88-549d-46bb-96b1-e4b3521221b7
2026-04-30 20:18:22 | INFO | [FIRESTORE] First message: False
2026-04-30 20:18:23 | INFO | [FIRESTORE] ✅ Message saved | doc_id=5CI3EiBEaPV1bY1Y9eMJ
2026-04-30 20:18:23 | DEBUG | [FIRESTORE] Updated metadata for 431fff88-549d-46bb-96b1-e4b3521221b7__a1b2c3d4-0001-0000-0000-000000000001__1777575128911
2026-04-30 20:22:19 | INFO | [FIRESTORE] 📋 Getting user conversations | user=431fff88-549d-46bb-96b1-e4b3521221b7 | tenant=a1b2c3d4-0001-0000-0000-000000000001
2026-04-30 20:22:21 | INFO | [FIRESTORE] ✅ Found 5 conversations for user 431fff88-549d-46bb-96b1-e4b3521221b7
2026-04-30 20:22:22 | INFO | [FIRESTORE] 📖 Getting history | session=431fff88-549d-46bb-96b1-e4b3521221b7__a1b2c3d4-0001-0000-0000-000000000001__1777575128911 | tenant=a1b2c3d4-0001-0000-0000-000000000001
2026-04-30 20:22:22 | INFO | [FIRESTORE] ✅ Retrieved 5 messages
2026-04-30 20:22:33 | INFO | [FIRESTORE] 💾 Saving message | session=431fff88-549d-46bb-96b1-e4b3521221b7__a1b2c3d4-0001-0000-0000-000000000001__1777575128911 | tenant=a1b2c3d4-0001-0000-0000-000000000001 | user=431fff88-549d-46bb-96b1-e4b3521221b7
2026-04-30 20:22:33 | INFO | [FIRESTORE] First message: False
2026-04-30 20:22:33 | INFO | [FIRESTORE] ✅ Message saved | doc_id=Enk1Vh9oXNTBRcXENth9
2026-04-30 20:22:33 | DEBUG | [FIRESTORE] Updated metadata for 431fff88-549d-46bb-96b1-e4b3521221b7__a1b2c3d4-0001-0000-0000-000000000001__1777575128911
2026-04-30 20:22:43 | INFO | [FIRESTORE] 💾 Saving message | session=431fff88-549d-46bb-96b1-e4b3521221b7__a1b2c3d4-0001-0000-0000-000000000001__1777575128911 | tenant=a1b2c3d4-0001-0000-0000-000000000001 | user=431fff88-549d-46bb-96b1-e4b3521221b7
2026-04-30 20:22:43 | INFO | [FIRESTORE] First message: False
2026-04-30 20:22:43 | INFO | [FIRESTORE] ✅ Message saved | doc_id=4rApOvr3H5Dhsi0H5vTy
2026-04-30 20:22:43 | DEBUG | [FIRESTORE] Updated metadata for 431fff88-549d-46bb-96b1-e4b3521221b7__a1b2c3d4-0001-0000-0000-000000000001__1777575128911
2026-04-30 20:23:35 | INFO | [FIRESTORE] 📋 Getting user conversations | user=431fff88-549d-46bb-96b1-e4b3521221b7 | tenant=a1b2c3d4-0001-0000-0000-000000000001
2026-04-30 20:23:37 | INFO | [FIRESTORE] ✅ Found 5 conversations for user 431fff88-549d-46bb-96b1-e4b3521221b7
2026-04-30 20:23:38 | INFO | [FIRESTORE] 📖 Getting history | session=431fff88-549d-46bb-96b1-e4b3521221b7__a1b2c3d4-0001-0000-0000-000000000001__1777575128911 | tenant=a1b2c3d4-0001-0000-0000-000000000001
2026-04-30 20:23:38 | INFO | [FIRESTORE] ✅ Retrieved 7 messages
2026-04-30 20:23:48 | INFO | [FIRESTORE] 📋 Getting user conversations | user=431fff88-549d-46bb-96b1-e4b3521221b7 | tenant=a1b2c3d4-0001-0000-0000-000000000001
2026-04-30 20:23:49 | INFO | [FIRESTORE] ✅ Found 5 conversations for user 431fff88-549d-46bb-96b1-e4b3521221b7
2026-04-30 20:23:49 | INFO | [FIRESTORE] 📖 Getting history | session=431fff88-549d-46bb-96b1-e4b3521221b7__a1b2c3d4-0001-0000-0000-000000000001__1777575128911 | tenant=a1b2c3d4-0001-0000-0000-000000000001
2026-04-30 20:23:49 | INFO | [FIRESTORE] ✅ Retrieved 7 messages
2026-04-30 20:25:09 | INFO | [FIRESTORE] 💾 Saving message | session=431fff88-549d-46bb-96b1-e4b3521221b7__a1b2c3d4-0001-0000-0000-000000000001__1777575128911 | tenant=a1b2c3d4-0001-0000-0000-000000000001 | user=431fff88-549d-46bb-96b1-e4b3521221b7
2026-04-30 20:25:09 | INFO | [FIRESTORE] First message: False
2026-04-30 20:25:09 | INFO | [FIRESTORE] ✅ Message saved | doc_id=BoNEJIvaBOVHJimFuLTp
2026-04-30 20:25:09 | DEBUG | [FIRESTORE] Updated metadata for 431fff88-549d-46bb-96b1-e4b3521221b7__a1b2c3d4-0001-0000-0000-000000000001__1777575128911
2026-04-30 20:27:15 | INFO | [FIRESTORE] 💾 Saving message | session=431fff88-549d-46bb-96b1-e4b3521221b7__a1b2c3d4-0001-0000-0000-000000000001__1777575128911 | tenant=a1b2c3d4-0001-0000-0000-000000000001 | user=431fff88-549d-46bb-96b1-e4b3521221b7
2026-04-30 20:27:15 | INFO | [FIRESTORE] First message: False
2026-04-30 20:27:15 | INFO | [FIRESTORE] ✅ Message saved | doc_id=du1VPw3vE94nf11b4QNB
2026-04-30 20:27:15 | DEBUG | [FIRESTORE] Updated metadata for 431fff88-549d-46bb-96b1-e4b3521221b7__a1b2c3d4-0001-0000-0000-000000000001__1777575128911
2026-04-30 20:28:40 | INFO | [FIRESTORE] 💾 Saving message | session=431fff88-549d-46bb-96b1-e4b3521221b7__a1b2c3d4-0001-0000-0000-000000000001__1777575128911 | tenant=a1b2c3d4-0001-0000-0000-000000000001 | user=431fff88-549d-46bb-96b1-e4b3521221b7
2026-04-30 20:28:40 | INFO | [FIRESTORE] First message: False
2026-04-30 20:28:40 | INFO | [FIRESTORE] ✅ Message saved | doc_id=A56igeuBZ2LyDm4Y326p
2026-04-30 20:28:40 | DEBUG | [FIRESTORE] Updated metadata for 431fff88-549d-46bb-96b1-e4b3521221b7__a1b2c3d4-0001-0000-0000-000000000001__1777575128911
2026-04-30 20:34:26 | INFO | [FIRESTORE] 🧹 Cleaning old anonymous conversations > 1h
2026-04-30 20:34:27 | INFO | [FIRESTORE] ✅ Cleanup complete: 0 messages, 0 sessions
2026-04-30 21:04:26 | INFO | [FIRESTORE] 🧹 Cleaning old anonymous conversations > 1h
2026-04-30 21:04:27 | INFO | [FIRESTORE] ✅ Cleanup complete: 0 messages, 0 sessions
2026-04-30 21:05:43 | INFO | ✅ FirestoreConversationService initialisé
2026-04-30 21:06:14 | INFO | [FIRESTORE] 🧹 Cleaning old anonymous conversations > 1h
2026-04-30 21:06:15 | INFO | [FIRESTORE] ✅ Cleanup complete: 0 messages, 0 sessions
2026-04-30 21:08:56 | INFO | [FIRESTORE] 📋 Getting user conversations | user=431fff88-549d-46bb-96b1-e4b3521221b7 | tenant=a1b2c3d4-0001-0000-0000-000000000001
2026-04-30 21:08:57 | INFO | [FIRESTORE] ✅ Found 5 conversations for user 431fff88-549d-46bb-96b1-e4b3521221b7
2026-04-30 21:09:08 | INFO | [FIRESTORE] 📋 Getting user conversations | user=431fff88-549d-46bb-96b1-e4b3521221b7 | tenant=a1b2c3d4-0001-0000-0000-000000000001
2026-04-30 21:09:09 | INFO | [FIRESTORE] ✅ Found 5 conversations for user 431fff88-549d-46bb-96b1-e4b3521221b7
2026-04-30 21:09:11 | INFO | [FIRESTORE] 📖 Getting history | session=431fff88-549d-46bb-96b1-e4b3521221b7__a1b2c3d4-0001-0000-0000-000000000001__1777575128911 | tenant=a1b2c3d4-0001-0000-0000-000000000001
2026-04-30 21:09:11 | INFO | [FIRESTORE] ✅ Retrieved 10 messages
2026-04-30 21:10:01 | INFO | [FIRESTORE] 💾 Saving message | session=431fff88-549d-46bb-96b1-e4b3521221b7__a1b2c3d4-0001-0000-0000-000000000001__1777575128911 | tenant=a1b2c3d4-0001-0000-0000-000000000001 | user=431fff88-549d-46bb-96b1-e4b3521221b7
2026-04-30 21:10:01 | INFO | [FIRESTORE] First message: False
2026-04-30 21:10:01 | INFO | [FIRESTORE] ✅ Message saved | doc_id=k2JO0oIkD6CjIR8Jdkq8
2026-04-30 21:10:01 | DEBUG | [FIRESTORE] Updated metadata for 431fff88-549d-46bb-96b1-e4b3521221b7__a1b2c3d4-0001-0000-0000-000000000001__1777575128911
2026-04-30 21:10:26 | INFO | [FIRESTORE] 💾 Saving message | session=431fff88-549d-46bb-96b1-e4b3521221b7__a1b2c3d4-0001-0000-0000-000000000001__1777575128911 | tenant=a1b2c3d4-0001-0000-0000-000000000001 | user=431fff88-549d-46bb-96b1-e4b3521221b7
2026-04-30 21:10:26 | INFO | [FIRESTORE] First message: False
2026-04-30 21:10:26 | INFO | [FIRESTORE] ✅ Message saved | doc_id=nkZuH2e2XTdPSIBXVBk2
2026-04-30 21:10:26 | DEBUG | [FIRESTORE] Updated metadata for 431fff88-549d-46bb-96b1-e4b3521221b7__a1b2c3d4-0001-0000-0000-000000000001__1777575128911
2026-04-30 21:11:39 | INFO | [FIRESTORE] 💾 Saving message | session=431fff88-549d-46bb-96b1-e4b3521221b7__a1b2c3d4-0001-0000-0000-000000000001__1777575128911 | tenant=a1b2c3d4-0001-0000-0000-000000000001 | user=431fff88-549d-46bb-96b1-e4b3521221b7
2026-04-30 21:11:39 | INFO | [FIRESTORE] First message: False
2026-04-30 21:11:39 | INFO | [FIRESTORE] ✅ Message saved | doc_id=72535Gp0rF9pVj2FGvqi
2026-04-30 21:11:39 | DEBUG | [FIRESTORE] Updated metadata for 431fff88-549d-46bb-96b1-e4b3521221b7__a1b2c3d4-0001-0000-0000-000000000001__1777575128911
2026-04-30 21:16:15 | INFO | ✅ FirestoreConversationService initialisé
2026-04-30 21:16:42 | INFO | [FIRESTORE] 🧹 Cleaning old anonymous conversations > 1h
2026-04-30 21:16:44 | INFO | [FIRESTORE] ✅ Cleanup complete: 0 messages, 0 sessions
2026-04-30 21:17:42 | INFO | ✅ FirestoreConversationService initialisé
2026-04-30 21:18:02 | INFO | [FIRESTORE] 🧹 Cleaning old anonymous conversations > 1h
2026-04-30 21:18:03 | INFO | [FIRESTORE] ✅ Cleanup complete: 0 messages, 0 sessions
2026-04-30 21:19:41 | INFO | ✅ FirestoreConversationService initialisé
2026-04-30 21:20:02 | INFO | [FIRESTORE] 🧹 Cleaning old anonymous conversations > 1h
2026-04-30 21:20:04 | INFO | [FIRESTORE] ✅ Cleanup complete: 0 messages, 0 sessions
2026-04-30 21:22:03 | INFO | ✅ FirestoreConversationService initialisé
2026-04-30 21:22:27 | INFO | [FIRESTORE] 🧹 Cleaning old anonymous conversations > 1h
2026-04-30 21:22:28 | INFO | [FIRESTORE] ✅ Cleanup complete: 0 messages, 0 sessions
2026-04-30 21:25:35 | INFO | [FIRESTORE] 📋 Getting user conversations | user=431fff88-549d-46bb-96b1-e4b3521221b7 | tenant=a1b2c3d4-0001-0000-0000-000000000001
2026-04-30 21:25:37 | INFO | [FIRESTORE] ✅ Found 5 conversations for user 431fff88-549d-46bb-96b1-e4b3521221b7
2026-04-30 21:25:38 | INFO | [FIRESTORE] 📖 Getting history | session=431fff88-549d-46bb-96b1-e4b3521221b7__a1b2c3d4-0001-0000-0000-000000000001__1777575128911 | tenant=a1b2c3d4-0001-0000-0000-000000000001
2026-04-30 21:25:38 | INFO | [FIRESTORE] ✅ Retrieved 13 messages
2026-04-30 21:26:23 | INFO | [FIRESTORE] 💾 Saving message | session=431fff88-549d-46bb-96b1-e4b3521221b7__a1b2c3d4-0001-0000-0000-000000000001__1777575128911 | tenant=a1b2c3d4-0001-0000-0000-000000000001 | user=431fff88-549d-46bb-96b1-e4b3521221b7
2026-04-30 21:26:24 | INFO | [FIRESTORE] First message: False
2026-04-30 21:26:24 | INFO | [FIRESTORE] ✅ Message saved | doc_id=ow63QrtebwLyPuG46ByD
2026-04-30 21:26:24 | DEBUG | [FIRESTORE] Updated metadata for 431fff88-549d-46bb-96b1-e4b3521221b7__a1b2c3d4-0001-0000-0000-000000000001__1777575128911
2026-04-30 21:30:20 | INFO | [FIRESTORE] 💾 Saving message | session=431fff88-549d-46bb-96b1-e4b3521221b7__a1b2c3d4-0001-0000-0000-000000000001__1777575128911 | tenant=a1b2c3d4-0001-0000-0000-000000000001 | user=431fff88-549d-46bb-96b1-e4b3521221b7
2026-04-30 21:30:21 | INFO | [FIRESTORE] First message: False
2026-04-30 21:30:21 | INFO | [FIRESTORE] ✅ Message saved | doc_id=llDvnVMTdCWSHRGirfgp
2026-04-30 21:30:21 | DEBUG | [FIRESTORE] Updated metadata for 431fff88-549d-46bb-96b1-e4b3521221b7__a1b2c3d4-0001-0000-0000-000000000001__1777575128911
2026-04-30 21:31:38 | INFO | [FIRESTORE] 💾 Saving message | session=431fff88-549d-46bb-96b1-e4b3521221b7__a1b2c3d4-0001-0000-0000-000000000001__1777575128911 | tenant=a1b2c3d4-0001-0000-0000-000000000001 | user=431fff88-549d-46bb-96b1-e4b3521221b7
2026-04-30 21:31:38 | INFO | [FIRESTORE] First message: False
2026-04-30 21:31:38 | INFO | [FIRESTORE] ✅ Message saved | doc_id=ds4vhUeWEUWxIQaag5NQ
2026-04-30 21:31:38 | DEBUG | [FIRESTORE] Updated metadata for 431fff88-549d-46bb-96b1-e4b3521221b7__a1b2c3d4-0001-0000-0000-000000000001__1777575128911
2026-04-30 21:38:40 | INFO | [FIRESTORE] 📋 Getting user conversations | user=431fff88-549d-46bb-96b1-e4b3521221b7 | tenant=a1b2c3d4-0001-0000-0000-000000000001
2026-04-30 21:38:42 | INFO | [FIRESTORE] ✅ Found 5 conversations for user 431fff88-549d-46bb-96b1-e4b3521221b7
2026-04-30 21:38:45 | INFO | [FIRESTORE] 📖 Getting history | session=431fff88-549d-46bb-96b1-e4b3521221b7__a1b2c3d4-0001-0000-0000-000000000001__1777575128911 | tenant=a1b2c3d4-0001-0000-0000-000000000001
2026-04-30 21:38:45 | INFO | [FIRESTORE] ✅ Retrieved 16 messages
2026-04-30 21:39:03 | INFO | [FIRESTORE] 💾 Saving message | session=431fff88-549d-46bb-96b1-e4b3521221b7__a1b2c3d4-0001-0000-0000-000000000001__1777575128911 | tenant=a1b2c3d4-0001-0000-0000-000000000001 | user=431fff88-549d-46bb-96b1-e4b3521221b7
2026-04-30 21:39:04 | INFO | [FIRESTORE] First message: False
2026-04-30 21:39:04 | INFO | [FIRESTORE] ✅ Message saved | doc_id=LtgajZxfdO9kytgUFcyd
2026-04-30 21:39:04 | DEBUG | [FIRESTORE] Updated metadata for 431fff88-549d-46bb-96b1-e4b3521221b7__a1b2c3d4-0001-0000-0000-000000000001__1777575128911
2026-04-30 21:39:07 | INFO | [FIRESTORE] 📋 Getting user conversations | user=431fff88-549d-46bb-96b1-e4b3521221b7 | tenant=a1b2c3d4-0001-0000-0000-000000000001
2026-04-30 21:39:08 | INFO | [FIRESTORE] ✅ Found 5 conversations for user 431fff88-549d-46bb-96b1-e4b3521221b7
2026-04-30 21:39:14 | INFO | [FIRESTORE] 📖 Getting history | session=431fff88-549d-46bb-96b1-e4b3521221b7__a1b2c3d4-0001-0000-0000-000000000001__1777575128911 | tenant=a1b2c3d4-0001-0000-0000-000000000001
2026-04-30 21:39:14 | INFO | [FIRESTORE] ✅ Retrieved 17 messages
2026-04-30 21:39:29 | INFO | [FIRESTORE] 💾 Saving message | session=431fff88-549d-46bb-96b1-e4b3521221b7__a1b2c3d4-0001-0000-0000-000000000001__1777575128911 | tenant=a1b2c3d4-0001-0000-0000-000000000001 | user=431fff88-549d-46bb-96b1-e4b3521221b7
2026-04-30 21:39:29 | INFO | [FIRESTORE] First message: False
2026-04-30 21:39:29 | INFO | [FIRESTORE] ✅ Message saved | doc_id=5YXLSIOi2T0XTixBZYU9
2026-04-30 21:39:29 | DEBUG | [FIRESTORE] Updated metadata for 431fff88-549d-46bb-96b1-e4b3521221b7__a1b2c3d4-0001-0000-0000-000000000001__1777575128911
2026-04-30 21:39:38 | INFO | [FIRESTORE] 💾 Saving message | session=431fff88-549d-46bb-96b1-e4b3521221b7__a1b2c3d4-0001-0000-0000-000000000001__1777575128911 | tenant=a1b2c3d4-0001-0000-0000-000000000001 | user=431fff88-549d-46bb-96b1-e4b3521221b7
2026-04-30 21:39:38 | INFO | [FIRESTORE] First message: False
2026-04-30 21:39:38 | INFO | [FIRESTORE] ✅ Message saved | doc_id=eGyY8iF9SCgA95Hlh7nE
2026-04-30 21:39:38 | DEBUG | [FIRESTORE] Updated metadata for 431fff88-549d-46bb-96b1-e4b3521221b7__a1b2c3d4-0001-0000-0000-000000000001__1777575128911
2026-04-30 21:39:58 | INFO | [FIRESTORE] 💾 Saving message | session=431fff88-549d-46bb-96b1-e4b3521221b7__a1b2c3d4-0001-0000-0000-000000000001__1777575128911 | tenant=a1b2c3d4-0001-0000-0000-000000000001 | user=431fff88-549d-46bb-96b1-e4b3521221b7
2026-04-30 21:39:58 | INFO | [FIRESTORE] First message: False
2026-04-30 21:39:58 | INFO | [FIRESTORE] ✅ Message saved | doc_id=IkUmK12u3zSHuD78jr65
2026-04-30 21:39:58 | DEBUG | [FIRESTORE] Updated metadata for 431fff88-549d-46bb-96b1-e4b3521221b7__a1b2c3d4-0001-0000-0000-000000000001__1777575128911
2026-04-30 21:47:32 | INFO | [FIRESTORE] 📋 Getting user conversations | user=431fff88-549d-46bb-96b1-e4b3521221b7 | tenant=a1b2c3d4-0001-0000-0000-000000000001
2026-04-30 21:47:34 | INFO | [FIRESTORE] ✅ Found 5 conversations for user 431fff88-549d-46bb-96b1-e4b3521221b7
2026-04-30 21:47:45 | INFO | [FIRESTORE] 📖 Getting history | session=431fff88-549d-46bb-96b1-e4b3521221b7__a1b2c3d4-0001-0000-0000-000000000001__1777575128911 | tenant=a1b2c3d4-0001-0000-0000-000000000001
2026-04-30 21:47:46 | INFO | [FIRESTORE] ✅ Retrieved 20 messages
2026-04-30 21:47:57 | INFO | [FIRESTORE] 💾 Saving message | session=431fff88-549d-46bb-96b1-e4b3521221b7__a1b2c3d4-0001-0000-0000-000000000001__1777575128911 | tenant=a1b2c3d4-0001-0000-0000-000000000001 | user=431fff88-549d-46bb-96b1-e4b3521221b7
2026-04-30 21:47:57 | INFO | [FIRESTORE] First message: False
2026-04-30 21:47:57 | INFO | [FIRESTORE] ✅ Message saved | doc_id=kLMeEmcYXKPxrir1Po4J
2026-04-30 21:47:57 | DEBUG | [FIRESTORE] Updated metadata for 431fff88-549d-46bb-96b1-e4b3521221b7__a1b2c3d4-0001-0000-0000-000000000001__1777575128911
2026-04-30 21:48:12 | INFO | [FIRESTORE] 💾 Saving message | session=431fff88-549d-46bb-96b1-e4b3521221b7__a1b2c3d4-0001-0000-0000-000000000001__1777575128911 | tenant=a1b2c3d4-0001-0000-0000-000000000001 | user=431fff88-549d-46bb-96b1-e4b3521221b7
2026-04-30 21:48:12 | INFO | [FIRESTORE] First message: False
2026-04-30 21:48:12 | INFO | [FIRESTORE] ✅ Message saved | doc_id=rg6DdqBH4IEnIhe6IW6P
2026-04-30 21:48:13 | DEBUG | [FIRESTORE] Updated metadata for 431fff88-549d-46bb-96b1-e4b3521221b7__a1b2c3d4-0001-0000-0000-000000000001__1777575128911
2026-04-30 21:48:57 | INFO | [FIRESTORE] 💾 Saving message | session=431fff88-549d-46bb-96b1-e4b3521221b7__a1b2c3d4-0001-0000-0000-000000000001__1777575128911 | tenant=a1b2c3d4-0001-0000-0000-000000000001 | user=431fff88-549d-46bb-96b1-e4b3521221b7
2026-04-30 21:48:57 | INFO | [FIRESTORE] First message: False
2026-04-30 21:48:58 | INFO | [FIRESTORE] ✅ Message saved | doc_id=08s1lrCDG9zQ2wCeyGeH
2026-04-30 21:48:58 | DEBUG | [FIRESTORE] Updated metadata for 431fff88-549d-46bb-96b1-e4b3521221b7__a1b2c3d4-0001-0000-0000-000000000001__1777575128911
2026-04-30 21:52:22 | INFO | [FIRESTORE] 🧹 Cleaning old anonymous conversations > 1h
2026-04-30 21:52:22 | INFO | [FIRESTORE] ✅ Cleanup complete: 0 messages, 0 sessions
2026-04-30 22:04:25 | INFO | [FIRESTORE] 📋 Getting user conversations | user=431fff88-549d-46bb-96b1-e4b3521221b7 | tenant=a1b2c3d4-0001-0000-0000-000000000001
2026-04-30 22:04:27 | INFO | [FIRESTORE] ✅ Found 5 conversations for user 431fff88-549d-46bb-96b1-e4b3521221b7
2026-04-30 22:06:20 | INFO | [FIRESTORE] 📖 Getting history | session=431fff88-549d-46bb-96b1-e4b3521221b7__a1b2c3d4-0001-0000-0000-000000000001__1777575128911 | tenant=a1b2c3d4-0001-0000-0000-000000000001
2026-04-30 22:06:21 | INFO | [FIRESTORE] ✅ Retrieved 23 messages
2026-04-30 22:06:41 | INFO | [FIRESTORE] 📋 Getting user conversations | user=431fff88-549d-46bb-96b1-e4b3521221b7 | tenant=a1b2c3d4-0001-0000-0000-000000000001
2026-04-30 22:06:43 | INFO | [FIRESTORE] ✅ Found 5 conversations for user 431fff88-549d-46bb-96b1-e4b3521221b7
2026-04-30 22:07:25 | INFO | [FIRESTORE] 📖 Getting history | session=431fff88-549d-46bb-96b1-e4b3521221b7__a1b2c3d4-0001-0000-0000-000000000001__1777575128911 | tenant=a1b2c3d4-0001-0000-0000-000000000001
2026-04-30 22:07:25 | INFO | [FIRESTORE] ✅ Retrieved 23 messages
2026-04-30 22:07:38 | INFO | [FIRESTORE] 💾 Saving message | session=431fff88-549d-46bb-96b1-e4b3521221b7__a1b2c3d4-0001-0000-0000-000000000001__1777575128911 | tenant=a1b2c3d4-0001-0000-0000-000000000001 | user=431fff88-549d-46bb-96b1-e4b3521221b7
2026-04-30 22:07:38 | INFO | [FIRESTORE] First message: False
2026-04-30 22:07:38 | INFO | [FIRESTORE] ✅ Message saved | doc_id=WjQjtztanaTfLSJku1y2
2026-04-30 22:07:38 | DEBUG | [FIRESTORE] Updated metadata for 431fff88-549d-46bb-96b1-e4b3521221b7__a1b2c3d4-0001-0000-0000-000000000001__1777575128911
2026-04-30 22:07:59 | INFO | [FIRESTORE] 💾 Saving message | session=431fff88-549d-46bb-96b1-e4b3521221b7__a1b2c3d4-0001-0000-0000-000000000001__1777575128911 | tenant=a1b2c3d4-0001-0000-0000-000000000001 | user=431fff88-549d-46bb-96b1-e4b3521221b7
2026-04-30 22:07:59 | INFO | [FIRESTORE] First message: False
2026-04-30 22:07:59 | INFO | [FIRESTORE] ✅ Message saved | doc_id=7eb2vyvj1sxxCyLjWy0l
2026-04-30 22:07:59 | DEBUG | [FIRESTORE] Updated metadata for 431fff88-549d-46bb-96b1-e4b3521221b7__a1b2c3d4-0001-0000-0000-000000000001__1777575128911
2026-04-30 22:09:01 | INFO | [FIRESTORE] 💾 Saving message | session=431fff88-549d-46bb-96b1-e4b3521221b7__a1b2c3d4-0001-0000-0000-000000000001__1777575128911 | tenant=a1b2c3d4-0001-0000-0000-000000000001 | user=431fff88-549d-46bb-96b1-e4b3521221b7
2026-04-30 22:09:01 | INFO | [FIRESTORE] First message: False
2026-04-30 22:09:01 | INFO | [FIRESTORE] ✅ Message saved | doc_id=6mzKSfbebGbpEUxtM6jk
2026-04-30 22:09:02 | DEBUG | [FIRESTORE] Updated metadata for 431fff88-549d-46bb-96b1-e4b3521221b7__a1b2c3d4-0001-0000-0000-000000000001__1777575128911
2026-04-30 22:09:28 | INFO | [FIRESTORE] 📋 Getting user conversations | user=431fff88-549d-46bb-96b1-e4b3521221b7 | tenant=a1b2c3d4-0001-0000-0000-000000000001
2026-04-30 22:09:29 | INFO | [FIRESTORE] ✅ Found 5 conversations for user 431fff88-549d-46bb-96b1-e4b3521221b7
2026-04-30 22:09:29 | INFO | [FIRESTORE] 📖 Getting history | session=431fff88-549d-46bb-96b1-e4b3521221b7__a1b2c3d4-0001-0000-0000-000000000001__1777575128911 | tenant=a1b2c3d4-0001-0000-0000-000000000001
2026-04-30 22:09:29 | INFO | [FIRESTORE] ✅ Retrieved 26 messages
2026-05-01 10:07:36 | INFO | ✅ FirestoreConversationService initialisé
2026-05-01 10:09:02 | INFO | [FIRESTORE] 🧹 Cleaning old anonymous conversations > 1h
2026-05-01 10:09:03 | INFO | [FIRESTORE] ✅ Cleanup complete: 0 messages, 0 sessions
2026-05-01 10:10:48 | INFO | [FIRESTORE] 📋 Getting user conversations | user=431fff88-549d-46bb-96b1-e4b3521221b7 | tenant=a1b2c3d4-0001-0000-0000-000000000001
2026-05-01 10:10:50 | INFO | [FIRESTORE] ✅ Found 5 conversations for user 431fff88-549d-46bb-96b1-e4b3521221b7
2026-05-01 10:10:51 | INFO | [FIRESTORE] 📖 Getting history | session=431fff88-549d-46bb-96b1-e4b3521221b7__a1b2c3d4-0001-0000-0000-000000000001__1777575128911 | tenant=a1b2c3d4-0001-0000-0000-000000000001
2026-05-01 10:10:52 | INFO | [FIRESTORE] ✅ Retrieved 26 messages
2026-05-01 10:13:34 | INFO | [FIRESTORE] 💾 Saving message | session=431fff88-549d-46bb-96b1-e4b3521221b7__a1b2c3d4-0001-0000-0000-000000000001__1777575128911 | tenant=a1b2c3d4-0001-0000-0000-000000000001 | user=431fff88-549d-46bb-96b1-e4b3521221b7
2026-05-01 10:13:34 | INFO | [FIRESTORE] First message: False
2026-05-01 10:13:34 | INFO | [FIRESTORE] ✅ Message saved | doc_id=VLcUnBNT9zo4dstgO6Bt
2026-05-01 10:13:34 | DEBUG | [FIRESTORE] Updated metadata for 431fff88-549d-46bb-96b1-e4b3521221b7__a1b2c3d4-0001-0000-0000-000000000001__1777575128911
2026-05-01 10:13:45 | INFO | [FIRESTORE] 💾 Saving message | session=431fff88-549d-46bb-96b1-e4b3521221b7__a1b2c3d4-0001-0000-0000-000000000001__1777575128911 | tenant=a1b2c3d4-0001-0000-0000-000000000001 | user=431fff88-549d-46bb-96b1-e4b3521221b7
2026-05-01 10:13:45 | INFO | [FIRESTORE] First message: False
2026-05-01 10:13:45 | INFO | [FIRESTORE] ✅ Message saved | doc_id=Dxt7iYuhGcgLIPjBL1RQ
2026-05-01 10:13:45 | DEBUG | [FIRESTORE] Updated metadata for 431fff88-549d-46bb-96b1-e4b3521221b7__a1b2c3d4-0001-0000-0000-000000000001__1777575128911
2026-05-01 10:14:25 | INFO | [FIRESTORE] 📋 Getting user conversations | user=431fff88-549d-46bb-96b1-e4b3521221b7 | tenant=a1b2c3d4-0001-0000-0000-000000000001
2026-05-01 10:14:27 | INFO | [FIRESTORE] ✅ Found 5 conversations for user 431fff88-549d-46bb-96b1-e4b3521221b7
2026-05-01 10:14:28 | INFO | [FIRESTORE] 📖 Getting history | session=431fff88-549d-46bb-96b1-e4b3521221b7__a1b2c3d4-0001-0000-0000-000000000001__1777575128911 | tenant=a1b2c3d4-0001-0000-0000-000000000001
2026-05-01 10:14:28 | INFO | [FIRESTORE] ✅ Retrieved 28 messages
2026-05-01 10:14:36 | INFO | [FIRESTORE] 💾 Saving message | session=431fff88-549d-46bb-96b1-e4b3521221b7__a1b2c3d4-0001-0000-0000-000000000001__1777575128911 | tenant=a1b2c3d4-0001-0000-0000-000000000001 | user=431fff88-549d-46bb-96b1-e4b3521221b7
2026-05-01 10:14:37 | INFO | [FIRESTORE] First message: False
2026-05-01 10:14:37 | INFO | [FIRESTORE] ✅ Message saved | doc_id=jbnM2qgOR2urJjunbv1A
2026-05-01 10:14:37 | DEBUG | [FIRESTORE] Updated metadata for 431fff88-549d-46bb-96b1-e4b3521221b7__a1b2c3d4-0001-0000-0000-000000000001__1777575128911
2026-05-01 10:14:44 | INFO | [FIRESTORE] 💾 Saving message | session=431fff88-549d-46bb-96b1-e4b3521221b7__a1b2c3d4-0001-0000-0000-000000000001__1777575128911 | tenant=a1b2c3d4-0001-0000-0000-000000000001 | user=431fff88-549d-46bb-96b1-e4b3521221b7
2026-05-01 10:14:44 | INFO | [FIRESTORE] First message: False
2026-05-01 10:14:44 | INFO | [FIRESTORE] ✅ Message saved | doc_id=kNmLkJiq1pI6ygkpoXga
2026-05-01 10:14:44 | DEBUG | [FIRESTORE] Updated metadata for 431fff88-549d-46bb-96b1-e4b3521221b7__a1b2c3d4-0001-0000-0000-000000000001__1777575128911
2026-05-01 10:18:33 | INFO | ✅ FirestoreConversationService initialisé
2026-05-01 10:19:03 | INFO | ✅ FirestoreConversationService initialisé
2026-05-01 10:19:22 | INFO | [FIRESTORE] 📋 Getting user conversations | user=431fff88-549d-46bb-96b1-e4b3521221b7 | tenant=a1b2c3d4-0001-0000-0000-000000000001
2026-05-01 10:19:24 | INFO | [FIRESTORE] ✅ Found 5 conversations for user 431fff88-549d-46bb-96b1-e4b3521221b7
2026-05-01 10:19:25 | INFO | [FIRESTORE] 🧹 Cleaning old anonymous conversations > 1h
2026-05-01 10:19:26 | INFO | [FIRESTORE] ✅ Cleanup complete: 0 messages, 0 sessions
2026-05-01 10:19:26 | INFO | [FIRESTORE] 📖 Getting history | session=431fff88-549d-46bb-96b1-e4b3521221b7__a1b2c3d4-0001-0000-0000-000000000001__1777575128911 | tenant=a1b2c3d4-0001-0000-0000-000000000001
2026-05-01 10:19:26 | INFO | [FIRESTORE] ✅ Retrieved 30 messages
2026-05-01 10:20:22 | INFO | [FIRESTORE] 💾 Saving message | session=431fff88-549d-46bb-96b1-e4b3521221b7__a1b2c3d4-0001-0000-0000-000000000001__1777575128911 | tenant=a1b2c3d4-0001-0000-0000-000000000001 | user=431fff88-549d-46bb-96b1-e4b3521221b7
2026-05-01 10:20:22 | INFO | [FIRESTORE] First message: False
2026-05-01 10:20:22 | INFO | [FIRESTORE] ✅ Message saved | doc_id=eyZbqkqALebjHF74Pkst
2026-05-01 10:20:22 | DEBUG | [FIRESTORE] Updated metadata for 431fff88-549d-46bb-96b1-e4b3521221b7__a1b2c3d4-0001-0000-0000-000000000001__1777575128911
2026-05-01 10:20:44 | INFO | [FIRESTORE] 💾 Saving message | session=431fff88-549d-46bb-96b1-e4b3521221b7__a1b2c3d4-0001-0000-0000-000000000001__1777575128911 | tenant=a1b2c3d4-0001-0000-0000-000000000001 | user=431fff88-549d-46bb-96b1-e4b3521221b7
2026-05-01 10:20:44 | INFO | [FIRESTORE] First message: False
2026-05-01 10:20:44 | INFO | [FIRESTORE] ✅ Message saved | doc_id=MA9u5M3dZVKILiOVNW1N
2026-05-01 10:20:44 | DEBUG | [FIRESTORE] Updated metadata for 431fff88-549d-46bb-96b1-e4b3521221b7__a1b2c3d4-0001-0000-0000-000000000001__1777575128911
2026-05-01 10:23:55 | INFO | ✅ FirestoreConversationService initialisé
2026-05-01 10:24:29 | INFO | [FIRESTORE] 🧹 Cleaning old anonymous conversations > 1h
2026-05-01 10:24:31 | INFO | [FIRESTORE] ✅ Cleanup complete: 0 messages, 0 sessions
2026-05-01 10:42:08 | INFO | [FIRESTORE] 📋 Getting user conversations | user=431fff88-549d-46bb-96b1-e4b3521221b7 | tenant=a1b2c3d4-0001-0000-0000-000000000001
2026-05-01 10:42:11 | INFO | [FIRESTORE] ✅ Found 5 conversations for user 431fff88-549d-46bb-96b1-e4b3521221b7
2026-05-01 10:42:11 | INFO | [FIRESTORE] 📖 Getting history | session=431fff88-549d-46bb-96b1-e4b3521221b7__a1b2c3d4-0001-0000-0000-000000000001__1777575128911 | tenant=a1b2c3d4-0001-0000-0000-000000000001
2026-05-01 10:42:11 | INFO | [FIRESTORE] ✅ Retrieved 32 messages
2026-05-01 10:42:16 | INFO | [FIRESTORE] 📋 Getting user conversations | user=431fff88-549d-46bb-96b1-e4b3521221b7 | tenant=a1b2c3d4-0001-0000-0000-000000000001
2026-05-01 10:42:18 | INFO | [FIRESTORE] ✅ Found 5 conversations for user 431fff88-549d-46bb-96b1-e4b3521221b7
2026-05-01 10:42:42 | INFO | [FIRESTORE] 📖 Getting history | session=431fff88-549d-46bb-96b1-e4b3521221b7__a1b2c3d4-0001-0000-0000-000000000001__1777575128911 | tenant=a1b2c3d4-0001-0000-0000-000000000001
2026-05-01 10:42:42 | INFO | [FIRESTORE] ✅ Retrieved 32 messages
2026-05-01 10:43:33 | INFO | [FIRESTORE] 💾 Saving message | session=431fff88-549d-46bb-96b1-e4b3521221b7__a1b2c3d4-0001-0000-0000-000000000001__1777575128911 | tenant=a1b2c3d4-0001-0000-0000-000000000001 | user=431fff88-549d-46bb-96b1-e4b3521221b7
2026-05-01 10:43:33 | INFO | [FIRESTORE] First message: False
2026-05-01 10:43:33 | INFO | [FIRESTORE] ✅ Message saved | doc_id=rlF83X6sHjIPwHdp5UPN
2026-05-01 10:43:33 | DEBUG | [FIRESTORE] Updated metadata for 431fff88-549d-46bb-96b1-e4b3521221b7__a1b2c3d4-0001-0000-0000-000000000001__1777575128911
2026-05-01 10:43:51 | INFO | [FIRESTORE] 💾 Saving message | session=431fff88-549d-46bb-96b1-e4b3521221b7__a1b2c3d4-0001-0000-0000-000000000001__1777575128911 | tenant=a1b2c3d4-0001-0000-0000-000000000001 | user=431fff88-549d-46bb-96b1-e4b3521221b7
2026-05-01 10:43:51 | INFO | [FIRESTORE] First message: False
2026-05-01 10:43:51 | INFO | [FIRESTORE] ✅ Message saved | doc_id=adD0XYulEBtaOsmk9B1V
2026-05-01 10:43:52 | DEBUG | [FIRESTORE] Updated metadata for 431fff88-549d-46bb-96b1-e4b3521221b7__a1b2c3d4-0001-0000-0000-000000000001__1777575128911
2026-05-01 10:45:19 | INFO | [FIRESTORE] 💾 Saving message | session=431fff88-549d-46bb-96b1-e4b3521221b7__a1b2c3d4-0001-0000-0000-000000000001__1777575128911 | tenant=a1b2c3d4-0001-0000-0000-000000000001 | user=431fff88-549d-46bb-96b1-e4b3521221b7
2026-05-01 10:45:19 | INFO | [FIRESTORE] First message: False
2026-05-01 10:45:19 | INFO | [FIRESTORE] ✅ Message saved | doc_id=9yRCxjussTkIC5ck71u8
2026-05-01 10:45:19 | DEBUG | [FIRESTORE] Updated metadata for 431fff88-549d-46bb-96b1-e4b3521221b7__a1b2c3d4-0001-0000-0000-000000000001__1777575128911
2026-05-01 10:45:25 | INFO | [FIRESTORE] 📖 Getting history | session=431fff88-549d-46bb-96b1-e4b3521221b7__a1b2c3d4-0001-0000-0000-000000000001__1777575128911 | tenant=a1b2c3d4-0001-0000-0000-000000000001
2026-05-01 10:45:25 | INFO | [FIRESTORE] ✅ Retrieved 35 messages
2026-05-01 10:45:25 | INFO | [FIRESTORE] 📋 Getting user conversations | user=431fff88-549d-46bb-96b1-e4b3521221b7 | tenant=a1b2c3d4-0001-0000-0000-000000000001
2026-05-01 10:45:27 | INFO | [FIRESTORE] ✅ Found 5 conversations for user 431fff88-549d-46bb-96b1-e4b3521221b7
2026-05-01 10:54:24 | INFO | [FIRESTORE] 🧹 Cleaning old anonymous conversations > 1h
2026-05-01 10:54:25 | INFO | [FIRESTORE] ✅ Cleanup complete: 0 messages, 0 sessions
2026-05-01 10:56:11 | INFO | ✅ FirestoreConversationService initialisé
2026-05-01 10:56:37 | INFO | [FIRESTORE] 🧹 Cleaning old anonymous conversations > 1h
2026-05-01 10:56:38 | INFO | [FIRESTORE] ✅ Cleanup complete: 0 messages, 0 sessions
2026-05-01 10:57:26 | INFO | [FIRESTORE] 📋 Getting user conversations | user=431fff88-549d-46bb-96b1-e4b3521221b7 | tenant=a1b2c3d4-0001-0000-0000-000000000001
2026-05-01 10:57:29 | INFO | [FIRESTORE] ✅ Found 5 conversations for user 431fff88-549d-46bb-96b1-e4b3521221b7
2026-05-01 10:57:33 | INFO | [FIRESTORE] 📖 Getting history | session=431fff88-549d-46bb-96b1-e4b3521221b7__a1b2c3d4-0001-0000-0000-000000000001__1777575128911 | tenant=a1b2c3d4-0001-0000-0000-000000000001
2026-05-01 10:57:33 | INFO | [FIRESTORE] ✅ Retrieved 35 messages
2026-05-01 10:58:22 | INFO | [FIRESTORE] 💾 Saving message | session=431fff88-549d-46bb-96b1-e4b3521221b7__a1b2c3d4-0001-0000-0000-000000000001__1777575128911 | tenant=a1b2c3d4-0001-0000-0000-000000000001 | user=431fff88-549d-46bb-96b1-e4b3521221b7
2026-05-01 10:58:23 | INFO | [FIRESTORE] First message: False
2026-05-01 10:58:23 | INFO | [FIRESTORE] ✅ Message saved | doc_id=M3xiGbrGOM43FiPt5acU
2026-05-01 10:58:23 | DEBUG | [FIRESTORE] Updated metadata for 431fff88-549d-46bb-96b1-e4b3521221b7__a1b2c3d4-0001-0000-0000-000000000001__1777575128911
2026-05-01 10:58:46 | INFO | [FIRESTORE] 💾 Saving message | session=431fff88-549d-46bb-96b1-e4b3521221b7__a1b2c3d4-0001-0000-0000-000000000001__1777575128911 | tenant=a1b2c3d4-0001-0000-0000-000000000001 | user=431fff88-549d-46bb-96b1-e4b3521221b7
2026-05-01 10:58:46 | INFO | [FIRESTORE] First message: False
2026-05-01 10:58:47 | INFO | [FIRESTORE] ✅ Message saved | doc_id=CgZFibatYzRyRJ9VxjvA
2026-05-01 10:58:47 | DEBUG | [FIRESTORE] Updated metadata for 431fff88-549d-46bb-96b1-e4b3521221b7__a1b2c3d4-0001-0000-0000-000000000001__1777575128911
2026-05-01 10:59:21 | INFO | [FIRESTORE] 📋 Getting user conversations | user=431fff88-549d-46bb-96b1-e4b3521221b7 | tenant=a1b2c3d4-0001-0000-0000-000000000001
2026-05-01 10:59:23 | INFO | [FIRESTORE] ✅ Found 5 conversations for user 431fff88-549d-46bb-96b1-e4b3521221b7
2026-05-01 10:59:23 | INFO | [FIRESTORE] 📖 Getting history | session=431fff88-549d-46bb-96b1-e4b3521221b7__a1b2c3d4-0001-0000-0000-000000000001__1777575128911 | tenant=a1b2c3d4-0001-0000-0000-000000000001
2026-05-01 10:59:23 | INFO | [FIRESTORE] ✅ Retrieved 37 messages
2026-05-01 10:59:35 | INFO | [FIRESTORE] 📋 Getting user conversations | user=431fff88-549d-46bb-96b1-e4b3521221b7 | tenant=a1b2c3d4-0001-0000-0000-000000000001
2026-05-01 10:59:37 | INFO | [FIRESTORE] ✅ Found 5 conversations for user 431fff88-549d-46bb-96b1-e4b3521221b7
2026-05-01 10:59:37 | INFO | [FIRESTORE] 🗑️ Deleting conversation | session=431fff88-549d-46bb-96b1-e4b3521221b7__a1b2c3d4-0001-0000-0000-000000000001__1777575128911 | tenant=a1b2c3d4-0001-0000-0000-000000000001
2026-05-01 10:59:41 | INFO | [FIRESTORE] ✅ Deleted 37 messages from session 431fff88-549d-46bb-96b1-e4b3521221b7__a1b2c3d4-0001-0000-0000-000000000001__1777575128911
2026-05-01 10:59:43 | INFO | [FIRESTORE] 📖 Getting history | session=431fff88-549d-46bb-96b1-e4b3521221b7__a1b2c3d4-0001-0000-0000-000000000001__1777573339295 | tenant=a1b2c3d4-0001-0000-0000-000000000001
2026-05-01 10:59:43 | INFO | [FIRESTORE] ✅ Retrieved 1 messages
2026-05-01 10:59:51 | INFO | [FIRESTORE] 💾 Saving message | session=431fff88-549d-46bb-96b1-e4b3521221b7__a1b2c3d4-0001-0000-0000-000000000001__1777573339295 | tenant=a1b2c3d4-0001-0000-0000-000000000001 | user=431fff88-549d-46bb-96b1-e4b3521221b7
2026-05-01 10:59:51 | INFO | [FIRESTORE] First message: False
2026-05-01 10:59:51 | INFO | [FIRESTORE] ✅ Message saved | doc_id=98H0GF9jJLow3OeQlTe6
2026-05-01 10:59:51 | DEBUG | [FIRESTORE] Updated metadata for 431fff88-549d-46bb-96b1-e4b3521221b7__a1b2c3d4-0001-0000-0000-000000000001__1777573339295
2026-05-01 11:00:00 | INFO | [FIRESTORE] 💾 Saving message | session=431fff88-549d-46bb-96b1-e4b3521221b7__a1b2c3d4-0001-0000-0000-000000000001__1777573339295 | tenant=a1b2c3d4-0001-0000-0000-000000000001 | user=431fff88-549d-46bb-96b1-e4b3521221b7
2026-05-01 11:00:01 | INFO | [FIRESTORE] First message: False
2026-05-01 11:00:01 | INFO | [FIRESTORE] ✅ Message saved | doc_id=RdAsLOduJCbKeb6kPk12
2026-05-01 11:00:01 | DEBUG | [FIRESTORE] Updated metadata for 431fff88-549d-46bb-96b1-e4b3521221b7__a1b2c3d4-0001-0000-0000-000000000001__1777573339295
2026-05-01 11:00:35 | INFO | [FIRESTORE] 💾 Saving message | session=431fff88-549d-46bb-96b1-e4b3521221b7__a1b2c3d4-0001-0000-0000-000000000001__1777573339295 | tenant=a1b2c3d4-0001-0000-0000-000000000001 | user=431fff88-549d-46bb-96b1-e4b3521221b7
2026-05-01 11:00:35 | INFO | [FIRESTORE] First message: False
2026-05-01 11:00:35 | INFO | [FIRESTORE] ✅ Message saved | doc_id=7voJXeV9sq9CkMyrLwQC
2026-05-01 11:00:36 | DEBUG | [FIRESTORE] Updated metadata for 431fff88-549d-46bb-96b1-e4b3521221b7__a1b2c3d4-0001-0000-0000-000000000001__1777573339295
2026-05-01 11:03:48 | INFO | [FIRESTORE] 📋 Getting user conversations | user=431fff88-549d-46bb-96b1-e4b3521221b7 | tenant=a1b2c3d4-0001-0000-0000-000000000001
2026-05-01 11:03:51 | INFO | [FIRESTORE] ✅ Found 4 conversations for user 431fff88-549d-46bb-96b1-e4b3521221b7
2026-05-01 11:03:51 | INFO | [FIRESTORE] 📖 Getting history | session=431fff88-549d-46bb-96b1-e4b3521221b7__a1b2c3d4-0001-0000-0000-000000000001__1777573339295 | tenant=a1b2c3d4-0001-0000-0000-000000000001
2026-05-01 11:03:51 | INFO | [FIRESTORE] ✅ Retrieved 4 messages
2026-05-01 11:09:31 | INFO | ✅ FirestoreConversationService initialisé
2026-05-01 11:10:03 | INFO | [FIRESTORE] 🧹 Cleaning old anonymous conversations > 1h
2026-05-01 11:10:05 | INFO | [FIRESTORE] ✅ Cleanup complete: 0 messages, 0 sessions
2026-05-01 11:10:35 | INFO | ✅ FirestoreConversationService initialisé
2026-05-01 11:10:51 | INFO | [FIRESTORE] 📋 Getting user conversations | user=431fff88-549d-46bb-96b1-e4b3521221b7 | tenant=a1b2c3d4-0001-0000-0000-000000000001
2026-05-01 11:10:53 | INFO | [FIRESTORE] ✅ Found 4 conversations for user 431fff88-549d-46bb-96b1-e4b3521221b7
2026-05-01 11:10:55 | INFO | [FIRESTORE] 🧹 Cleaning old anonymous conversations > 1h
2026-05-01 11:10:55 | INFO | [FIRESTORE] ✅ Cleanup complete: 0 messages, 0 sessions
2026-05-01 11:12:31 | INFO | [FIRESTORE] 📖 Getting history | session=431fff88-549d-46bb-96b1-e4b3521221b7__a1b2c3d4-0001-0000-0000-000000000001__1777573339295 | tenant=a1b2c3d4-0001-0000-0000-000000000001
2026-05-01 11:12:31 | INFO | [FIRESTORE] ✅ Retrieved 4 messages
2026-05-01 11:13:18 | INFO | [FIRESTORE] 💾 Saving message | session=431fff88-549d-46bb-96b1-e4b3521221b7__a1b2c3d4-0001-0000-0000-000000000001__1777630357431 | tenant=a1b2c3d4-0001-0000-0000-000000000001 | user=431fff88-549d-46bb-96b1-e4b3521221b7
2026-05-01 11:13:18 | INFO | [FIRESTORE] First message: True
2026-05-01 11:13:18 | INFO | [FIRESTORE] ✅ Message saved | doc_id=ykaZIXfKQFqmuUe2X3st
2026-05-01 11:13:18 | INFO | [FIRESTORE] ✅ Session metadata created for 431fff88-549d-46bb-96b1-e4b3521221b7__a1b2c3d4-0001-0000-0000-000000000001__1777630357431
2026-05-01 11:13:38 | INFO | [FIRESTORE] 💾 Saving message | session=431fff88-549d-46bb-96b1-e4b3521221b7__a1b2c3d4-0001-0000-0000-000000000001__1777630357431 | tenant=a1b2c3d4-0001-0000-0000-000000000001 | user=431fff88-549d-46bb-96b1-e4b3521221b7
2026-05-01 11:13:38 | INFO | [FIRESTORE] First message: False
2026-05-01 11:13:38 | INFO | [FIRESTORE] ✅ Message saved | doc_id=XCOGFH2wy2yC8Et3njRV
2026-05-01 11:13:38 | DEBUG | [FIRESTORE] Updated metadata for 431fff88-549d-46bb-96b1-e4b3521221b7__a1b2c3d4-0001-0000-0000-000000000001__1777630357431
2026-05-01 11:14:07 | INFO | [FIRESTORE] 💾 Saving message | session=431fff88-549d-46bb-96b1-e4b3521221b7__a1b2c3d4-0001-0000-0000-000000000001__1777630357431 | tenant=a1b2c3d4-0001-0000-0000-000000000001 | user=431fff88-549d-46bb-96b1-e4b3521221b7
2026-05-01 11:14:07 | INFO | [FIRESTORE] First message: False
2026-05-01 11:14:07 | INFO | [FIRESTORE] ✅ Message saved | doc_id=pBZK9aNjkZCD3JJZip39
2026-05-01 11:14:07 | DEBUG | [FIRESTORE] Updated metadata for 431fff88-549d-46bb-96b1-e4b3521221b7__a1b2c3d4-0001-0000-0000-000000000001__1777630357431
2026-05-01 11:14:24 | INFO | [FIRESTORE] 📋 Getting user conversations | user=431fff88-549d-46bb-96b1-e4b3521221b7 | tenant=a1b2c3d4-0001-0000-0000-000000000001
2026-05-01 11:14:26 | INFO | [FIRESTORE] ✅ Found 5 conversations for user 431fff88-549d-46bb-96b1-e4b3521221b7
2026-05-01 11:14:26 | INFO | [FIRESTORE] 📖 Getting history | session=431fff88-549d-46bb-96b1-e4b3521221b7__a1b2c3d4-0001-0000-0000-000000000001__1777630357431 | tenant=a1b2c3d4-0001-0000-0000-000000000001
2026-05-01 11:14:26 | INFO | [FIRESTORE] ✅ Retrieved 3 messages
2026-05-01 11:14:37 | INFO | [FIRESTORE] 💾 Saving message | session=431fff88-549d-46bb-96b1-e4b3521221b7__a1b2c3d4-0001-0000-0000-000000000001__1777630357431 | tenant=a1b2c3d4-0001-0000-0000-000000000001 | user=431fff88-549d-46bb-96b1-e4b3521221b7
2026-05-01 11:14:38 | INFO | [FIRESTORE] First message: False
2026-05-01 11:14:38 | INFO | [FIRESTORE] ✅ Message saved | doc_id=OsC1tLK6rWON4h1x6AkS
2026-05-01 11:14:38 | DEBUG | [FIRESTORE] Updated metadata for 431fff88-549d-46bb-96b1-e4b3521221b7__a1b2c3d4-0001-0000-0000-000000000001__1777630357431
2026-05-01 11:14:42 | INFO | [FIRESTORE] 💾 Saving message | session=431fff88-549d-46bb-96b1-e4b3521221b7__a1b2c3d4-0001-0000-0000-000000000001__1777630357431 | tenant=a1b2c3d4-0001-0000-0000-000000000001 | user=431fff88-549d-46bb-96b1-e4b3521221b7
2026-05-01 11:14:42 | INFO | [FIRESTORE] First message: False
2026-05-01 11:14:42 | INFO | [FIRESTORE] ✅ Message saved | doc_id=4fK15nD2qvutfi7FYvM2
2026-05-01 11:14:42 | DEBUG | [FIRESTORE] Updated metadata for 431fff88-549d-46bb-96b1-e4b3521221b7__a1b2c3d4-0001-0000-0000-000000000001__1777630357431
2026-05-01 11:24:22 | INFO | [FIRESTORE] 📋 Getting user conversations | user=431fff88-549d-46bb-96b1-e4b3521221b7 | tenant=a1b2c3d4-0001-0000-0000-000000000001
2026-05-01 11:24:24 | INFO | [FIRESTORE] ✅ Found 5 conversations for user 431fff88-549d-46bb-96b1-e4b3521221b7
2026-05-01 11:24:24 | INFO | [FIRESTORE] 🗑️ Deleting conversation | session=431fff88-549d-46bb-96b1-e4b3521221b7__a1b2c3d4-0001-0000-0000-000000000001__1777630357431 | tenant=a1b2c3d4-0001-0000-0000-000000000001
2026-05-01 11:24:25 | INFO | [FIRESTORE] ✅ Deleted 5 messages from session 431fff88-549d-46bb-96b1-e4b3521221b7__a1b2c3d4-0001-0000-0000-000000000001__1777630357431
2026-05-01 11:24:48 | INFO | [FIRESTORE] 💾 Saving message | session=431fff88-549d-46bb-96b1-e4b3521221b7__a1b2c3d4-0001-0000-0000-000000000001__1777631065484 | tenant=a1b2c3d4-0001-0000-0000-000000000001 | user=431fff88-549d-46bb-96b1-e4b3521221b7
2026-05-01 11:24:48 | INFO | [FIRESTORE] First message: True
2026-05-01 11:24:48 | INFO | [FIRESTORE] ✅ Message saved | doc_id=lMQ5pdkvEHdwc97sL5N9
2026-05-01 11:24:48 | INFO | [FIRESTORE] ✅ Session metadata created for 431fff88-549d-46bb-96b1-e4b3521221b7__a1b2c3d4-0001-0000-0000-000000000001__1777631065484
2026-05-01 11:25:21 | INFO | [FIRESTORE] 💾 Saving message | session=431fff88-549d-46bb-96b1-e4b3521221b7__a1b2c3d4-0001-0000-0000-000000000001__1777631065484 | tenant=a1b2c3d4-0001-0000-0000-000000000001 | user=431fff88-549d-46bb-96b1-e4b3521221b7
2026-05-01 11:25:21 | INFO | [FIRESTORE] First message: False
2026-05-01 11:25:21 | INFO | [FIRESTORE] ✅ Message saved | doc_id=9J9dcviApHDHQbkO5yZk
2026-05-01 11:25:21 | DEBUG | [FIRESTORE] Updated metadata for 431fff88-549d-46bb-96b1-e4b3521221b7__a1b2c3d4-0001-0000-0000-000000000001__1777631065484
2026-05-01 11:25:35 | INFO | [FIRESTORE] 📋 Getting user conversations | user=431fff88-549d-46bb-96b1-e4b3521221b7 | tenant=a1b2c3d4-0001-0000-0000-000000000001
2026-05-01 11:25:37 | INFO | [FIRESTORE] ✅ Found 5 conversations for user 431fff88-549d-46bb-96b1-e4b3521221b7
2026-05-01 11:25:38 | INFO | [FIRESTORE] 📖 Getting history | session=431fff88-549d-46bb-96b1-e4b3521221b7__a1b2c3d4-0001-0000-0000-000000000001__1777631065484 | tenant=a1b2c3d4-0001-0000-0000-000000000001
2026-05-01 11:25:38 | INFO | [FIRESTORE] ✅ Retrieved 2 messages
2026-05-01 11:25:48 | INFO | [FIRESTORE] 💾 Saving message | session=431fff88-549d-46bb-96b1-e4b3521221b7__a1b2c3d4-0001-0000-0000-000000000001__1777631065484 | tenant=a1b2c3d4-0001-0000-0000-000000000001 | user=431fff88-549d-46bb-96b1-e4b3521221b7
2026-05-01 11:25:48 | INFO | [FIRESTORE] First message: False
2026-05-01 11:25:48 | INFO | [FIRESTORE] ✅ Message saved | doc_id=hsTW94AQQ1FXkzBIsXrU
2026-05-01 11:25:48 | DEBUG | [FIRESTORE] Updated metadata for 431fff88-549d-46bb-96b1-e4b3521221b7__a1b2c3d4-0001-0000-0000-000000000001__1777631065484
2026-05-01 11:28:29 | INFO | ✅ FirestoreConversationService initialisé
2026-05-01 11:28:53 | INFO | [FIRESTORE] 🧹 Cleaning old anonymous conversations > 1h
2026-05-01 11:28:54 | INFO | [FIRESTORE] ✅ Cleanup complete: 0 messages, 0 sessions
2026-05-01 11:31:11 | INFO | [FIRESTORE] 💾 Saving message | session=431fff88-549d-46bb-96b1-e4b3521221b7__a1b2c3d4-0001-0000-0000-000000000001__1777631065484 | tenant=a1b2c3d4-0001-0000-0000-000000000001 | user=431fff88-549d-46bb-96b1-e4b3521221b7
2026-05-01 11:31:11 | INFO | [FIRESTORE] First message: False
2026-05-01 11:31:11 | INFO | [FIRESTORE] ✅ Message saved | doc_id=5E9DQnTSiqk0wBn5MqkG
2026-05-01 11:31:11 | DEBUG | [FIRESTORE] Updated metadata for 431fff88-549d-46bb-96b1-e4b3521221b7__a1b2c3d4-0001-0000-0000-000000000001__1777631065484
2026-05-01 11:31:42 | INFO | [FIRESTORE] 💾 Saving message | session=431fff88-549d-46bb-96b1-e4b3521221b7__a1b2c3d4-0001-0000-0000-000000000001__1777631065484 | tenant=a1b2c3d4-0001-0000-0000-000000000001 | user=431fff88-549d-46bb-96b1-e4b3521221b7
2026-05-01 11:31:42 | INFO | [FIRESTORE] First message: False
2026-05-01 11:31:42 | INFO | [FIRESTORE] ✅ Message saved | doc_id=KrBsfEpkbxXYsI5QDGyd
2026-05-01 11:31:42 | DEBUG | [FIRESTORE] Updated metadata for 431fff88-549d-46bb-96b1-e4b3521221b7__a1b2c3d4-0001-0000-0000-000000000001__1777631065484
2026-05-01 11:31:49 | INFO | [FIRESTORE] 📋 Getting user conversations | user=431fff88-549d-46bb-96b1-e4b3521221b7 | tenant=a1b2c3d4-0001-0000-0000-000000000001
2026-05-01 11:31:51 | INFO | [FIRESTORE] ✅ Found 5 conversations for user 431fff88-549d-46bb-96b1-e4b3521221b7
2026-05-01 11:31:51 | INFO | [FIRESTORE] 📖 Getting history | session=431fff88-549d-46bb-96b1-e4b3521221b7__a1b2c3d4-0001-0000-0000-000000000001__1777631065484 | tenant=a1b2c3d4-0001-0000-0000-000000000001
2026-05-01 11:31:52 | INFO | [FIRESTORE] ✅ Retrieved 5 messages
2026-05-01 11:32:00 | INFO | [FIRESTORE] 💾 Saving message | session=431fff88-549d-46bb-96b1-e4b3521221b7__a1b2c3d4-0001-0000-0000-000000000001__1777631065484 | tenant=a1b2c3d4-0001-0000-0000-000000000001 | user=431fff88-549d-46bb-96b1-e4b3521221b7
2026-05-01 11:32:00 | INFO | [FIRESTORE] First message: False
2026-05-01 11:32:01 | INFO | [FIRESTORE] ✅ Message saved | doc_id=H6U5sse2XPp37ZGKqMzz
2026-05-01 11:32:01 | DEBUG | [FIRESTORE] Updated metadata for 431fff88-549d-46bb-96b1-e4b3521221b7__a1b2c3d4-0001-0000-0000-000000000001__1777631065484
2026-05-01 11:32:48 | INFO | ✅ FirestoreConversationService initialisé
2026-05-01 11:33:10 | INFO | [FIRESTORE] 🧹 Cleaning old anonymous conversations > 1h
2026-05-01 11:33:12 | INFO | [FIRESTORE] ✅ Cleanup complete: 0 messages, 0 sessions
2026-05-01 11:34:54 | INFO | [FIRESTORE] 💾 Saving message | session=431fff88-549d-46bb-96b1-e4b3521221b7__a1b2c3d4-0001-0000-0000-000000000001__1777631065484 | tenant=a1b2c3d4-0001-0000-0000-000000000001 | user=431fff88-549d-46bb-96b1-e4b3521221b7
2026-05-01 11:34:54 | INFO | [FIRESTORE] First message: False
2026-05-01 11:34:54 | INFO | [FIRESTORE] ✅ Message saved | doc_id=A898EPXlHy6B9QGlEp1J
2026-05-01 11:34:55 | DEBUG | [FIRESTORE] Updated metadata for 431fff88-549d-46bb-96b1-e4b3521221b7__a1b2c3d4-0001-0000-0000-000000000001__1777631065484
2026-05-01 11:42:40 | INFO | ✅ FirestoreConversationService initialisé
2026-05-01 11:43:47 | INFO | ✅ FirestoreConversationService initialisé
2026-05-01 11:44:06 | INFO | [FIRESTORE] 🧹 Cleaning old anonymous conversations > 1h
2026-05-01 11:44:07 | INFO | [FIRESTORE] ✅ Cleanup complete: 0 messages, 0 sessions
2026-05-01 11:46:33 | INFO | [FIRESTORE] 📋 Getting user conversations | user=431fff88-549d-46bb-96b1-e4b3521221b7 | tenant=a1b2c3d4-0001-0000-0000-000000000001
2026-05-01 11:46:35 | INFO | [FIRESTORE] ✅ Found 5 conversations for user 431fff88-549d-46bb-96b1-e4b3521221b7
2026-05-01 11:46:36 | INFO | [FIRESTORE] 📖 Getting history | session=431fff88-549d-46bb-96b1-e4b3521221b7__a1b2c3d4-0001-0000-0000-000000000001__1777631065484 | tenant=a1b2c3d4-0001-0000-0000-000000000001
2026-05-01 11:46:37 | INFO | [FIRESTORE] ✅ Retrieved 7 messages
2026-05-01 11:47:37 | INFO | [FIRESTORE] 💾 Saving message | session=431fff88-549d-46bb-96b1-e4b3521221b7__a1b2c3d4-0001-0000-0000-000000000001__1777631065484 | tenant=a1b2c3d4-0001-0000-0000-000000000001 | user=431fff88-549d-46bb-96b1-e4b3521221b7
2026-05-01 11:47:38 | INFO | [FIRESTORE] First message: False
2026-05-01 11:47:38 | INFO | [FIRESTORE] ✅ Message saved | doc_id=ru9n4r8rZm3O4CNXRQrz
2026-05-01 11:47:38 | DEBUG | [FIRESTORE] Updated metadata for 431fff88-549d-46bb-96b1-e4b3521221b7__a1b2c3d4-0001-0000-0000-000000000001__1777631065484
2026-05-01 11:48:07 | INFO | [FIRESTORE] 💾 Saving message | session=431fff88-549d-46bb-96b1-e4b3521221b7__a1b2c3d4-0001-0000-0000-000000000001__1777631065484 | tenant=a1b2c3d4-0001-0000-0000-000000000001 | user=431fff88-549d-46bb-96b1-e4b3521221b7
2026-05-01 11:48:07 | INFO | [FIRESTORE] First message: False
2026-05-01 11:48:07 | INFO | [FIRESTORE] ✅ Message saved | doc_id=dI1jO18IV7TwaZG49MZ7
2026-05-01 11:48:07 | DEBUG | [FIRESTORE] Updated metadata for 431fff88-549d-46bb-96b1-e4b3521221b7__a1b2c3d4-0001-0000-0000-000000000001__1777631065484
2026-05-01 11:48:13 | INFO | [FIRESTORE] 📋 Getting user conversations | user=431fff88-549d-46bb-96b1-e4b3521221b7 | tenant=a1b2c3d4-0001-0000-0000-000000000001
2026-05-01 11:48:15 | INFO | [FIRESTORE] ✅ Found 5 conversations for user 431fff88-549d-46bb-96b1-e4b3521221b7
2026-05-01 11:48:15 | INFO | [FIRESTORE] 📖 Getting history | session=431fff88-549d-46bb-96b1-e4b3521221b7__a1b2c3d4-0001-0000-0000-000000000001__1777631065484 | tenant=a1b2c3d4-0001-0000-0000-000000000001
2026-05-01 11:48:15 | INFO | [FIRESTORE] ✅ Retrieved 9 messages
2026-05-01 11:48:24 | INFO | [FIRESTORE] 💾 Saving message | session=431fff88-549d-46bb-96b1-e4b3521221b7__a1b2c3d4-0001-0000-0000-000000000001__1777631065484 | tenant=a1b2c3d4-0001-0000-0000-000000000001 | user=431fff88-549d-46bb-96b1-e4b3521221b7
2026-05-01 11:48:24 | INFO | [FIRESTORE] First message: False
2026-05-01 11:48:24 | INFO | [FIRESTORE] ✅ Message saved | doc_id=jBFGW8DHoDBfX3iJ7FHN
2026-05-01 11:48:25 | DEBUG | [FIRESTORE] Updated metadata for 431fff88-549d-46bb-96b1-e4b3521221b7__a1b2c3d4-0001-0000-0000-000000000001__1777631065484
2026-05-01 12:01:41 | INFO | ✅ FirestoreConversationService initialisé
2026-05-01 12:02:11 | INFO | [FIRESTORE] 🧹 Cleaning old anonymous conversations > 1h
2026-05-01 12:02:13 | INFO | [FIRESTORE] ✅ Cleanup complete: 0 messages, 0 sessions
2026-05-01 12:07:23 | INFO | ✅ FirestoreConversationService initialisé
2026-05-01 12:07:49 | INFO | [FIRESTORE] 🧹 Cleaning old anonymous conversations > 1h
2026-05-01 12:07:51 | INFO | [FIRESTORE] ✅ Cleanup complete: 0 messages, 0 sessions
2026-05-01 12:08:15 | INFO | ✅ FirestoreConversationService initialisé
2026-05-01 12:08:37 | INFO | [FIRESTORE] 🧹 Cleaning old anonymous conversations > 1h
2026-05-01 12:08:38 | INFO | [FIRESTORE] ✅ Cleanup complete: 0 messages, 0 sessions
2026-05-01 12:09:23 | INFO | ✅ FirestoreConversationService initialisé
2026-05-01 12:09:44 | INFO | [FIRESTORE] 🧹 Cleaning old anonymous conversations > 1h
2026-05-01 12:09:45 | INFO | [FIRESTORE] ✅ Cleanup complete: 0 messages, 0 sessions
2026-05-01 12:12:33 | INFO | [FIRESTORE] 📋 Getting user conversations | user=431fff88-549d-46bb-96b1-e4b3521221b7 | tenant=a1b2c3d4-0001-0000-0000-000000000001
2026-05-01 12:12:35 | INFO | [FIRESTORE] ✅ Found 5 conversations for user 431fff88-549d-46bb-96b1-e4b3521221b7
2026-05-01 12:12:38 | INFO | [FIRESTORE] 📖 Getting history | session=431fff88-549d-46bb-96b1-e4b3521221b7__a1b2c3d4-0001-0000-0000-000000000001__1777631065484 | tenant=a1b2c3d4-0001-0000-0000-000000000001
2026-05-01 12:12:38 | INFO | [FIRESTORE] ✅ Retrieved 10 messages
2026-05-01 12:13:38 | INFO | [FIRESTORE] 💾 Saving message | session=431fff88-549d-46bb-96b1-e4b3521221b7__a1b2c3d4-0001-0000-0000-000000000001__1777631065484 | tenant=a1b2c3d4-0001-0000-0000-000000000001 | user=431fff88-549d-46bb-96b1-e4b3521221b7
2026-05-01 12:13:39 | INFO | [FIRESTORE] First message: False
2026-05-01 12:13:39 | INFO | [FIRESTORE] ✅ Message saved | doc_id=MO2aA0JpxDpDQdhn8nbc
2026-05-01 12:13:39 | DEBUG | [FIRESTORE] Updated metadata for 431fff88-549d-46bb-96b1-e4b3521221b7__a1b2c3d4-0001-0000-0000-000000000001__1777631065484
2026-05-01 12:16:19 | INFO | [FIRESTORE] 💾 Saving message | session=431fff88-549d-46bb-96b1-e4b3521221b7__a1b2c3d4-0001-0000-0000-000000000001__1777631065484 | tenant=a1b2c3d4-0001-0000-0000-000000000001 | user=431fff88-549d-46bb-96b1-e4b3521221b7
2026-05-01 12:16:19 | INFO | [FIRESTORE] First message: False
2026-05-01 12:16:19 | INFO | [FIRESTORE] ✅ Message saved | doc_id=MzYwV7irQjSRBK5gaCQE
2026-05-01 12:16:19 | DEBUG | [FIRESTORE] Updated metadata for 431fff88-549d-46bb-96b1-e4b3521221b7__a1b2c3d4-0001-0000-0000-000000000001__1777631065484
2026-05-01 12:16:47 | INFO | [FIRESTORE] 📋 Getting user conversations | user=431fff88-549d-46bb-96b1-e4b3521221b7 | tenant=a1b2c3d4-0001-0000-0000-000000000001
2026-05-01 12:16:49 | INFO | [FIRESTORE] ✅ Found 5 conversations for user 431fff88-549d-46bb-96b1-e4b3521221b7
2026-05-01 12:16:50 | INFO | [FIRESTORE] 📖 Getting history | session=431fff88-549d-46bb-96b1-e4b3521221b7__a1b2c3d4-0001-0000-0000-000000000001__1777631065484 | tenant=a1b2c3d4-0001-0000-0000-000000000001
2026-05-01 12:16:50 | INFO | [FIRESTORE] ✅ Retrieved 12 messages
2026-05-01 12:17:05 | INFO | [FIRESTORE] 💾 Saving message | session=431fff88-549d-46bb-96b1-e4b3521221b7__a1b2c3d4-0001-0000-0000-000000000001__1777631065484 | tenant=a1b2c3d4-0001-0000-0000-000000000001 | user=431fff88-549d-46bb-96b1-e4b3521221b7
2026-05-01 12:17:05 | INFO | [FIRESTORE] First message: False
2026-05-01 12:17:05 | INFO | [FIRESTORE] ✅ Message saved | doc_id=ASAsEn9TitbB2yBJsd0H
2026-05-01 12:17:05 | DEBUG | [FIRESTORE] Updated metadata for 431fff88-549d-46bb-96b1-e4b3521221b7__a1b2c3d4-0001-0000-0000-000000000001__1777631065484
2026-05-01 12:17:28 | INFO | [FIRESTORE] 📖 Getting history | session=431fff88-549d-46bb-96b1-e4b3521221b7__a1b2c3d4-0001-0000-0000-000000000001__1777631065484 | tenant=a1b2c3d4-0001-0000-0000-000000000001
2026-05-01 12:17:28 | INFO | [FIRESTORE] ✅ Retrieved 13 messages
2026-05-01 12:17:28 | INFO | [FIRESTORE] 📋 Getting user conversations | user=431fff88-549d-46bb-96b1-e4b3521221b7 | tenant=a1b2c3d4-0001-0000-0000-000000000001
2026-05-01 12:17:30 | INFO | [FIRESTORE] ✅ Found 5 conversations for user 431fff88-549d-46bb-96b1-e4b3521221b7
2026-05-01 12:17:41 | INFO | [FIRESTORE] 💾 Saving message | session=431fff88-549d-46bb-96b1-e4b3521221b7__a1b2c3d4-0001-0000-0000-000000000001__1777631065484 | tenant=a1b2c3d4-0001-0000-0000-000000000001 | user=431fff88-549d-46bb-96b1-e4b3521221b7
2026-05-01 12:17:41 | INFO | [FIRESTORE] First message: False
2026-05-01 12:17:41 | INFO | [FIRESTORE] ✅ Message saved | doc_id=4Bng6jquaY28oZzZdZlb
2026-05-01 12:17:41 | DEBUG | [FIRESTORE] Updated metadata for 431fff88-549d-46bb-96b1-e4b3521221b7__a1b2c3d4-0001-0000-0000-000000000001__1777631065484
2026-05-01 12:18:01 | INFO | [FIRESTORE] 📋 Getting user conversations | user=431fff88-549d-46bb-96b1-e4b3521221b7 | tenant=a1b2c3d4-0001-0000-0000-000000000001
2026-05-01 12:18:02 | INFO | [FIRESTORE] ✅ Found 5 conversations for user 431fff88-549d-46bb-96b1-e4b3521221b7
2026-05-01 12:18:03 | INFO | [FIRESTORE] 📖 Getting history | session=431fff88-549d-46bb-96b1-e4b3521221b7__a1b2c3d4-0001-0000-0000-000000000001__1777631065484 | tenant=a1b2c3d4-0001-0000-0000-000000000001
2026-05-01 12:18:03 | INFO | [FIRESTORE] ✅ Retrieved 14 messages
2026-05-01 12:18:20 | INFO | [FIRESTORE] 💾 Saving message | session=431fff88-549d-46bb-96b1-e4b3521221b7__a1b2c3d4-0001-0000-0000-000000000001__1777631065484 | tenant=a1b2c3d4-0001-0000-0000-000000000001 | user=431fff88-549d-46bb-96b1-e4b3521221b7
2026-05-01 12:18:20 | INFO | [FIRESTORE] First message: False
2026-05-01 12:18:20 | INFO | [FIRESTORE] ✅ Message saved | doc_id=f3Sh37EGTjLo02s7yeMM
2026-05-01 12:18:20 | DEBUG | [FIRESTORE] Updated metadata for 431fff88-549d-46bb-96b1-e4b3521221b7__a1b2c3d4-0001-0000-0000-000000000001__1777631065484
2026-05-01 12:20:25 | INFO | [FIRESTORE] 💾 Saving message | session=431fff88-549d-46bb-96b1-e4b3521221b7__a1b2c3d4-0001-0000-0000-000000000001__1777631065484 | tenant=a1b2c3d4-0001-0000-0000-000000000001 | user=431fff88-549d-46bb-96b1-e4b3521221b7
2026-05-01 12:20:25 | INFO | [FIRESTORE] First message: False
2026-05-01 12:20:25 | INFO | [FIRESTORE] ✅ Message saved | doc_id=jTw2m3eUS8m8ROXpfwfG
2026-05-01 12:20:26 | DEBUG | [FIRESTORE] Updated metadata for 431fff88-549d-46bb-96b1-e4b3521221b7__a1b2c3d4-0001-0000-0000-000000000001__1777631065484
2026-05-01 12:29:10 | INFO | [FIRESTORE] 📋 Getting user conversations | user=431fff88-549d-46bb-96b1-e4b3521221b7 | tenant=a1b2c3d4-0001-0000-0000-000000000001
2026-05-01 12:29:13 | INFO | [FIRESTORE] ✅ Found 5 conversations for user 431fff88-549d-46bb-96b1-e4b3521221b7
2026-05-01 12:29:13 | INFO | [FIRESTORE] 📖 Getting history | session=431fff88-549d-46bb-96b1-e4b3521221b7__a1b2c3d4-0001-0000-0000-000000000001__1777631065484 | tenant=a1b2c3d4-0001-0000-0000-000000000001
2026-05-01 12:29:13 | INFO | [FIRESTORE] ✅ Retrieved 16 messages
2026-05-01 12:29:39 | INFO | [FIRESTORE] 💾 Saving message | session=431fff88-549d-46bb-96b1-e4b3521221b7__a1b2c3d4-0001-0000-0000-000000000001__1777631065484 | tenant=a1b2c3d4-0001-0000-0000-000000000001 | user=431fff88-549d-46bb-96b1-e4b3521221b7
2026-05-01 12:29:39 | INFO | [FIRESTORE] First message: False
2026-05-01 12:29:39 | INFO | [FIRESTORE] ✅ Message saved | doc_id=d827mZBLxebtXUDW4Irr
2026-05-01 12:29:39 | DEBUG | [FIRESTORE] Updated metadata for 431fff88-549d-46bb-96b1-e4b3521221b7__a1b2c3d4-0001-0000-0000-000000000001__1777631065484
2026-05-01 12:39:39 | INFO | [FIRESTORE] 🧹 Cleaning old anonymous conversations > 1h
2026-05-01 12:39:39 | INFO | [FIRESTORE] ✅ Cleanup complete: 0 messages, 0 sessions
2026-05-01 13:09:39 | INFO | [FIRESTORE] 🧹 Cleaning old anonymous conversations > 1h
2026-05-01 13:09:40 | INFO | [FIRESTORE] ✅ Cleanup complete: 0 messages, 0 sessions
2026-05-01 13:11:20 | INFO | ✅ FirestoreConversationService initialisé
2026-05-01 13:11:43 | INFO | [FIRESTORE] 🧹 Cleaning old anonymous conversations > 1h
2026-05-01 13:11:44 | INFO | [FIRESTORE] ✅ Cleanup complete: 0 messages, 0 sessions
2026-05-01 13:12:12 | INFO | [FIRESTORE] 📋 Getting user conversations | user=431fff88-549d-46bb-96b1-e4b3521221b7 | tenant=a1b2c3d4-0001-0000-0000-000000000001
2026-05-01 13:12:14 | INFO | [FIRESTORE] ✅ Found 5 conversations for user 431fff88-549d-46bb-96b1-e4b3521221b7
2026-05-01 13:12:56 | INFO | [FIRESTORE] 📖 Getting history | session=431fff88-549d-46bb-96b1-e4b3521221b7__a1b2c3d4-0001-0000-0000-000000000001__1777631065484 | tenant=a1b2c3d4-0001-0000-0000-000000000001
2026-05-01 13:12:57 | INFO | [FIRESTORE] ✅ Retrieved 17 messages
2026-05-01 13:14:04 | INFO | [FIRESTORE] 💾 Saving message | session=431fff88-549d-46bb-96b1-e4b3521221b7__a1b2c3d4-0001-0000-0000-000000000001__1777631065484 | tenant=a1b2c3d4-0001-0000-0000-000000000001 | user=431fff88-549d-46bb-96b1-e4b3521221b7
2026-05-01 13:14:04 | INFO | [FIRESTORE] First message: False
2026-05-01 13:14:04 | INFO | [FIRESTORE] ✅ Message saved | doc_id=fffSE0xptn6A4uzX9vdA
2026-05-01 13:14:04 | DEBUG | [FIRESTORE] Updated metadata for 431fff88-549d-46bb-96b1-e4b3521221b7__a1b2c3d4-0001-0000-0000-000000000001__1777631065484
2026-05-01 13:21:59 | INFO | [FIRESTORE] 💾 Saving message | session=431fff88-549d-46bb-96b1-e4b3521221b7__a1b2c3d4-0001-0000-0000-000000000001__1777631065484 | tenant=a1b2c3d4-0001-0000-0000-000000000001 | user=431fff88-549d-46bb-96b1-e4b3521221b7
2026-05-01 13:22:00 | INFO | [FIRESTORE] First message: False
2026-05-01 13:22:00 | INFO | [FIRESTORE] ✅ Message saved | doc_id=jmT9GDxpjbrRd9rQHmQH
2026-05-01 13:22:00 | DEBUG | [FIRESTORE] Updated metadata for 431fff88-549d-46bb-96b1-e4b3521221b7__a1b2c3d4-0001-0000-0000-000000000001__1777631065484
2026-05-01 13:22:13 | INFO | [FIRESTORE] 📋 Getting user conversations | user=431fff88-549d-46bb-96b1-e4b3521221b7 | tenant=a1b2c3d4-0001-0000-0000-000000000001
2026-05-01 13:22:16 | INFO | [FIRESTORE] ✅ Found 5 conversations for user 431fff88-549d-46bb-96b1-e4b3521221b7
2026-05-01 13:22:16 | INFO | [FIRESTORE] 🗑️ Deleting conversation | session=431fff88-549d-46bb-96b1-e4b3521221b7__a1b2c3d4-0001-0000-0000-000000000001__1777631065484 | tenant=a1b2c3d4-0001-0000-0000-000000000001
2026-05-01 13:22:18 | INFO | [FIRESTORE] ✅ Deleted 19 messages from session 431fff88-549d-46bb-96b1-e4b3521221b7__a1b2c3d4-0001-0000-0000-000000000001__1777631065484
2026-05-01 13:22:44 | INFO | [FIRESTORE] 💾 Saving message | session=431fff88-549d-46bb-96b1-e4b3521221b7__a1b2c3d4-0001-0000-0000-000000000001__1777638138644 | tenant=a1b2c3d4-0001-0000-0000-000000000001 | user=431fff88-549d-46bb-96b1-e4b3521221b7
2026-05-01 13:22:44 | INFO | [FIRESTORE] First message: True
2026-05-01 13:22:44 | INFO | [FIRESTORE] ✅ Message saved | doc_id=xIvBKtMexLQE5fMhpIdd
2026-05-01 13:22:44 | INFO | [FIRESTORE] ✅ Session metadata created for 431fff88-549d-46bb-96b1-e4b3521221b7__a1b2c3d4-0001-0000-0000-000000000001__1777638138644
2026-05-01 13:23:31 | INFO | [FIRESTORE] 💾 Saving message | session=431fff88-549d-46bb-96b1-e4b3521221b7__a1b2c3d4-0001-0000-0000-000000000001__1777638138644 | tenant=a1b2c3d4-0001-0000-0000-000000000001 | user=431fff88-549d-46bb-96b1-e4b3521221b7
2026-05-01 13:23:32 | INFO | [FIRESTORE] First message: False
2026-05-01 13:23:32 | INFO | [FIRESTORE] ✅ Message saved | doc_id=34lmOpWCHrS8w1koenpb
2026-05-01 13:23:32 | DEBUG | [FIRESTORE] Updated metadata for 431fff88-549d-46bb-96b1-e4b3521221b7__a1b2c3d4-0001-0000-0000-000000000001__1777638138644
2026-05-01 13:23:37 | INFO | [FIRESTORE] 📋 Getting user conversations | user=431fff88-549d-46bb-96b1-e4b3521221b7 | tenant=a1b2c3d4-0001-0000-0000-000000000001
2026-05-01 13:23:40 | INFO | [FIRESTORE] ✅ Found 5 conversations for user 431fff88-549d-46bb-96b1-e4b3521221b7
2026-05-01 13:23:41 | INFO | [FIRESTORE] 📖 Getting history | session=431fff88-549d-46bb-96b1-e4b3521221b7__a1b2c3d4-0001-0000-0000-000000000001__1777638138644 | tenant=a1b2c3d4-0001-0000-0000-000000000001
2026-05-01 13:23:41 | INFO | [FIRESTORE] ✅ Retrieved 2 messages
2026-05-01 13:23:57 | INFO | [FIRESTORE] 💾 Saving message | session=431fff88-549d-46bb-96b1-e4b3521221b7__a1b2c3d4-0001-0000-0000-000000000001__1777638138644 | tenant=a1b2c3d4-0001-0000-0000-000000000001 | user=431fff88-549d-46bb-96b1-e4b3521221b7
2026-05-01 13:23:57 | INFO | [FIRESTORE] First message: False
2026-05-01 13:23:57 | INFO | [FIRESTORE] ✅ Message saved | doc_id=52MyW8sHg2bTMETQslUL
2026-05-01 13:23:57 | DEBUG | [FIRESTORE] Updated metadata for 431fff88-549d-46bb-96b1-e4b3521221b7__a1b2c3d4-0001-0000-0000-000000000001__1777638138644
2026-05-01 13:24:01 | INFO | [FIRESTORE] 💾 Saving message | session=431fff88-549d-46bb-96b1-e4b3521221b7__a1b2c3d4-0001-0000-0000-000000000001__1777638138644 | tenant=a1b2c3d4-0001-0000-0000-000000000001 | user=431fff88-549d-46bb-96b1-e4b3521221b7
2026-05-01 13:24:02 | INFO | [FIRESTORE] First message: False
2026-05-01 13:24:02 | INFO | [FIRESTORE] ✅ Message saved | doc_id=Rcok8RKBxznd66hlbp8I
2026-05-01 13:24:02 | DEBUG | [FIRESTORE] Updated metadata for 431fff88-549d-46bb-96b1-e4b3521221b7__a1b2c3d4-0001-0000-0000-000000000001__1777638138644
2026-05-01 13:24:25 | INFO | [FIRESTORE] 📋 Getting user conversations | user=431fff88-549d-46bb-96b1-e4b3521221b7 | tenant=a1b2c3d4-0001-0000-0000-000000000001
2026-05-01 13:24:28 | INFO | [FIRESTORE] ✅ Found 5 conversations for user 431fff88-549d-46bb-96b1-e4b3521221b7
2026-05-01 13:24:28 | INFO | [FIRESTORE] 📖 Getting history | session=431fff88-549d-46bb-96b1-e4b3521221b7__a1b2c3d4-0001-0000-0000-000000000001__1777638138644 | tenant=a1b2c3d4-0001-0000-0000-000000000001
2026-05-01 13:24:28 | INFO | [FIRESTORE] ✅ Retrieved 4 messages
2026-05-01 13:24:54 | INFO | [FIRESTORE] 💾 Saving message | session=431fff88-549d-46bb-96b1-e4b3521221b7__a1b2c3d4-0001-0000-0000-000000000001__1777638138644 | tenant=a1b2c3d4-0001-0000-0000-000000000001 | user=431fff88-549d-46bb-96b1-e4b3521221b7
2026-05-01 13:24:54 | INFO | [FIRESTORE] First message: False
2026-05-01 13:24:54 | INFO | [FIRESTORE] ✅ Message saved | doc_id=7ERqFyTVKkk7mkM5D2Q0
2026-05-01 13:24:54 | DEBUG | [FIRESTORE] Updated metadata for 431fff88-549d-46bb-96b1-e4b3521221b7__a1b2c3d4-0001-0000-0000-000000000001__1777638138644
2026-05-01 13:25:39 | INFO | [FIRESTORE] 💾 Saving message | session=431fff88-549d-46bb-96b1-e4b3521221b7__a1b2c3d4-0001-0000-0000-000000000001__1777638138644 | tenant=a1b2c3d4-0001-0000-0000-000000000001 | user=431fff88-549d-46bb-96b1-e4b3521221b7
2026-05-01 13:25:39 | INFO | [FIRESTORE] First message: False
2026-05-01 13:25:39 | INFO | [FIRESTORE] ✅ Message saved | doc_id=6poaySAlDYmHNnYQzcdq
2026-05-01 13:25:39 | DEBUG | [FIRESTORE] Updated metadata for 431fff88-549d-46bb-96b1-e4b3521221b7__a1b2c3d4-0001-0000-0000-000000000001__1777638138644
2026-05-01 13:25:47 | INFO | [FIRESTORE] 📖 Getting history | session=431fff88-549d-46bb-96b1-e4b3521221b7__a1b2c3d4-0001-0000-0000-000000000001__1777638138644 | tenant=a1b2c3d4-0001-0000-0000-000000000001
2026-05-01 13:25:48 | INFO | [FIRESTORE] ✅ Retrieved 6 messages
2026-05-01 13:25:48 | INFO | [FIRESTORE] 📋 Getting user conversations | user=431fff88-549d-46bb-96b1-e4b3521221b7 | tenant=a1b2c3d4-0001-0000-0000-000000000001
2026-05-01 13:25:51 | INFO | [FIRESTORE] ✅ Found 5 conversations for user 431fff88-549d-46bb-96b1-e4b3521221b7
2026-05-01 13:26:20 | INFO | [FIRESTORE] 💾 Saving message | session=431fff88-549d-46bb-96b1-e4b3521221b7__a1b2c3d4-0001-0000-0000-000000000001__1777638138644 | tenant=a1b2c3d4-0001-0000-0000-000000000001 | user=431fff88-549d-46bb-96b1-e4b3521221b7
2026-05-01 13:26:20 | INFO | [FIRESTORE] First message: False
2026-05-01 13:26:20 | INFO | [FIRESTORE] ✅ Message saved | doc_id=X5TmBVicxHiiDlFnR78s
2026-05-01 13:26:20 | DEBUG | [FIRESTORE] Updated metadata for 431fff88-549d-46bb-96b1-e4b3521221b7__a1b2c3d4-0001-0000-0000-000000000001__1777638138644
2026-05-01 13:27:35 | INFO | [FIRESTORE] 💾 Saving message | session=431fff88-549d-46bb-96b1-e4b3521221b7__a1b2c3d4-0001-0000-0000-000000000001__1777638138644 | tenant=a1b2c3d4-0001-0000-0000-000000000001 | user=431fff88-549d-46bb-96b1-e4b3521221b7
2026-05-01 13:27:35 | INFO | [FIRESTORE] First message: False
2026-05-01 13:27:35 | INFO | [FIRESTORE] ✅ Message saved | doc_id=sLWBofxFBwRsdbteVd9c
2026-05-01 13:27:35 | DEBUG | [FIRESTORE] Updated metadata for 431fff88-549d-46bb-96b1-e4b3521221b7__a1b2c3d4-0001-0000-0000-000000000001__1777638138644
2026-05-01 13:28:45 | INFO | ✅ FirestoreConversationService initialisé
2026-05-01 13:29:26 | INFO | [FIRESTORE] 🧹 Cleaning old anonymous conversations > 1h
2026-05-01 13:29:28 | INFO | [FIRESTORE] ✅ Cleanup complete: 0 messages, 0 sessions
2026-05-01 13:29:43 | INFO | ✅ FirestoreConversationService initialisé
2026-05-01 13:31:48 | INFO | ✅ FirestoreConversationService initialisé
2026-05-01 13:32:05 | INFO | [FIRESTORE] 🧹 Cleaning old anonymous conversations > 1h
2026-05-01 13:32:06 | INFO | [FIRESTORE] ✅ Cleanup complete: 0 messages, 0 sessions
2026-05-01 13:34:30 | INFO | [FIRESTORE] 📖 Getting history | session=431fff88-549d-46bb-96b1-e4b3521221b7__a1b2c3d4-0001-0000-0000-000000000001__1777638138644 | tenant=a1b2c3d4-0001-0000-0000-000000000001
2026-05-01 13:34:30 | INFO | [FIRESTORE] ✅ Retrieved 8 messages
2026-05-01 13:34:30 | INFO | [FIRESTORE] 📋 Getting user conversations | user=431fff88-549d-46bb-96b1-e4b3521221b7 | tenant=a1b2c3d4-0001-0000-0000-000000000001
2026-05-01 13:34:34 | INFO | [FIRESTORE] ✅ Found 5 conversations for user 431fff88-549d-46bb-96b1-e4b3521221b7
2026-05-01 13:35:26 | INFO | [FIRESTORE] 💾 Saving message | session=431fff88-549d-46bb-96b1-e4b3521221b7__a1b2c3d4-0001-0000-0000-000000000001__1777638138644 | tenant=a1b2c3d4-0001-0000-0000-000000000001 | user=431fff88-549d-46bb-96b1-e4b3521221b7
2026-05-01 13:35:26 | INFO | [FIRESTORE] First message: False
2026-05-01 13:35:26 | INFO | [FIRESTORE] ✅ Message saved | doc_id=engpQX8vWqrY8yr6qgln
2026-05-01 13:35:26 | DEBUG | [FIRESTORE] Updated metadata for 431fff88-549d-46bb-96b1-e4b3521221b7__a1b2c3d4-0001-0000-0000-000000000001__1777638138644
2026-05-01 13:36:33 | INFO | [FIRESTORE] 💾 Saving message | session=431fff88-549d-46bb-96b1-e4b3521221b7__a1b2c3d4-0001-0000-0000-000000000001__1777638138644 | tenant=a1b2c3d4-0001-0000-0000-000000000001 | user=431fff88-549d-46bb-96b1-e4b3521221b7
2026-05-01 13:36:34 | INFO | [FIRESTORE] First message: False
2026-05-01 13:36:34 | INFO | [FIRESTORE] ✅ Message saved | doc_id=sqbX2kEntFNakGWCY0tP
2026-05-01 13:36:34 | DEBUG | [FIRESTORE] Updated metadata for 431fff88-549d-46bb-96b1-e4b3521221b7__a1b2c3d4-0001-0000-0000-000000000001__1777638138644
2026-05-01 13:38:42 | INFO | ✅ FirestoreConversationService initialisé
2026-05-01 13:39:05 | INFO | [FIRESTORE] 🧹 Cleaning old anonymous conversations > 1h
2026-05-01 13:39:07 | INFO | [FIRESTORE] ✅ Cleanup complete: 0 messages, 0 sessions
2026-05-01 13:39:43 | INFO | ✅ FirestoreConversationService initialisé
2026-05-01 13:40:00 | INFO | [FIRESTORE] 🧹 Cleaning old anonymous conversations > 1h
2026-05-01 13:40:02 | INFO | [FIRESTORE] ✅ Cleanup complete: 0 messages, 0 sessions
2026-05-01 13:47:29 | INFO | ✅ FirestoreConversationService initialisé
2026-05-01 13:47:54 | INFO | [FIRESTORE] 🧹 Cleaning old anonymous conversations > 1h
2026-05-01 13:47:56 | INFO | [FIRESTORE] ✅ Cleanup complete: 0 messages, 0 sessions
2026-05-01 13:48:16 | INFO | ✅ FirestoreConversationService initialisé
2026-05-01 13:48:39 | INFO | [FIRESTORE] 🧹 Cleaning old anonymous conversations > 1h
2026-05-01 13:48:41 | INFO | [FIRESTORE] ✅ Cleanup complete: 0 messages, 0 sessions
2026-05-01 14:02:05 | INFO | ✅ FirestoreConversationService initialisé
2026-05-01 14:02:29 | INFO | [FIRESTORE] 📋 Getting user conversations | user=431fff88-549d-46bb-96b1-e4b3521221b7 | tenant=a1b2c3d4-0001-0000-0000-000000000001
2026-05-01 14:02:34 | INFO | [FIRESTORE] ✅ Found 5 conversations for user 431fff88-549d-46bb-96b1-e4b3521221b7
2026-05-01 14:02:34 | INFO | [FIRESTORE] 🧹 Cleaning old anonymous conversations > 1h
2026-05-01 14:02:35 | INFO | [FIRESTORE] ✅ Cleanup complete: 0 messages, 0 sessions
2026-05-01 14:02:35 | INFO | [FIRESTORE] 📖 Getting history | session=431fff88-549d-46bb-96b1-e4b3521221b7__a1b2c3d4-0001-0000-0000-000000000001__1777638138644 | tenant=a1b2c3d4-0001-0000-0000-000000000001
2026-05-01 14:02:35 | INFO | [FIRESTORE] ✅ Retrieved 10 messages
2026-05-01 14:02:35 | INFO | [FIRESTORE] 📋 Getting user conversations | user=431fff88-549d-46bb-96b1-e4b3521221b7 | tenant=a1b2c3d4-0001-0000-0000-000000000001
2026-05-01 14:02:39 | INFO | [FIRESTORE] ✅ Found 5 conversations for user 431fff88-549d-46bb-96b1-e4b3521221b7
2026-05-01 14:02:39 | INFO | [FIRESTORE] 📋 Getting user conversations | user=431fff88-549d-46bb-96b1-e4b3521221b7 | tenant=a1b2c3d4-0001-0000-0000-000000000001
2026-05-01 14:02:42 | INFO | [FIRESTORE] ✅ Found 5 conversations for user 431fff88-549d-46bb-96b1-e4b3521221b7
2026-05-01 14:02:42 | INFO | [FIRESTORE] 📋 Getting user conversations | user=431fff88-549d-46bb-96b1-e4b3521221b7 | tenant=a1b2c3d4-0001-0000-0000-000000000001
2026-05-01 14:02:46 | INFO | [FIRESTORE] ✅ Found 5 conversations for user 431fff88-549d-46bb-96b1-e4b3521221b7
2026-05-01 14:02:46 | INFO | [FIRESTORE] 📋 Getting user conversations | user=431fff88-549d-46bb-96b1-e4b3521221b7 | tenant=a1b2c3d4-0001-0000-0000-000000000001
2026-05-01 14:02:50 | INFO | [FIRESTORE] ✅ Found 5 conversations for user 431fff88-549d-46bb-96b1-e4b3521221b7
2026-05-01 14:02:50 | INFO | [FIRESTORE] 📖 Getting history | session=431fff88-549d-46bb-96b1-e4b3521221b7__a1b2c3d4-0001-0000-0000-000000000001__1777638138644 | tenant=a1b2c3d4-0001-0000-0000-000000000001
2026-05-01 14:02:50 | INFO | [FIRESTORE] ✅ Retrieved 10 messages
2026-05-01 14:02:50 | INFO | [FIRESTORE] 📖 Getting history | session=431fff88-549d-46bb-96b1-e4b3521221b7__a1b2c3d4-0001-0000-0000-000000000001__1777638138644 | tenant=a1b2c3d4-0001-0000-0000-000000000001
2026-05-01 14:02:50 | INFO | [FIRESTORE] ✅ Retrieved 10 messages
2026-05-01 14:02:50 | INFO | [FIRESTORE] 📖 Getting history | session=431fff88-549d-46bb-96b1-e4b3521221b7__a1b2c3d4-0001-0000-0000-000000000001__1777638138644 | tenant=a1b2c3d4-0001-0000-0000-000000000001
2026-05-01 14:02:50 | INFO | [FIRESTORE] ✅ Retrieved 10 messages
2026-05-01 14:02:53 | INFO | [FIRESTORE] 📖 Getting history | session=431fff88-549d-46bb-96b1-e4b3521221b7__a1b2c3d4-0001-0000-0000-000000000001__1777638138644 | tenant=a1b2c3d4-0001-0000-0000-000000000001
2026-05-01 14:02:53 | INFO | [FIRESTORE] ✅ Retrieved 10 messages
2026-05-01 14:03:49 | INFO | [FIRESTORE] 💾 Saving message | session=431fff88-549d-46bb-96b1-e4b3521221b7__a1b2c3d4-0001-0000-0000-000000000001__1777638138644 | tenant=a1b2c3d4-0001-0000-0000-000000000001 | user=431fff88-549d-46bb-96b1-e4b3521221b7
2026-05-01 14:03:49 | INFO | [FIRESTORE] First message: False
2026-05-01 14:03:49 | INFO | [FIRESTORE] ✅ Message saved | doc_id=yee7dCTIGbAaIMMiijwq
2026-05-01 14:03:49 | DEBUG | [FIRESTORE] Updated metadata for 431fff88-549d-46bb-96b1-e4b3521221b7__a1b2c3d4-0001-0000-0000-000000000001__1777638138644
2026-05-01 14:05:33 | INFO | [FIRESTORE] 💾 Saving message | session=431fff88-549d-46bb-96b1-e4b3521221b7__a1b2c3d4-0001-0000-0000-000000000001__1777638138644 | tenant=a1b2c3d4-0001-0000-0000-000000000001 | user=431fff88-549d-46bb-96b1-e4b3521221b7
2026-05-01 14:05:33 | INFO | [FIRESTORE] First message: False
2026-05-01 14:05:33 | INFO | [FIRESTORE] ✅ Message saved | doc_id=onuvcROuNbelBufD9Rix
2026-05-01 14:05:33 | DEBUG | [FIRESTORE] Updated metadata for 431fff88-549d-46bb-96b1-e4b3521221b7__a1b2c3d4-0001-0000-0000-000000000001__1777638138644
2026-05-01 14:08:09 | INFO | [FIRESTORE] 📋 Getting user conversations | user=431fff88-549d-46bb-96b1-e4b3521221b7 | tenant=a1b2c3d4-0001-0000-0000-000000000001
2026-05-01 14:08:13 | INFO | [FIRESTORE] ✅ Found 5 conversations for user 431fff88-549d-46bb-96b1-e4b3521221b7
2026-05-01 14:08:13 | INFO | [FIRESTORE] 📖 Getting history | session=431fff88-549d-46bb-96b1-e4b3521221b7__a1b2c3d4-0001-0000-0000-000000000001__1777638138644 | tenant=a1b2c3d4-0001-0000-0000-000000000001
2026-05-01 14:08:13 | INFO | [FIRESTORE] ✅ Retrieved 12 messages
2026-05-01 14:08:31 | INFO | [FIRESTORE] 💾 Saving message | session=431fff88-549d-46bb-96b1-e4b3521221b7__a1b2c3d4-0001-0000-0000-000000000001__1777638138644 | tenant=a1b2c3d4-0001-0000-0000-000000000001 | user=431fff88-549d-46bb-96b1-e4b3521221b7
2026-05-01 14:08:32 | INFO | [FIRESTORE] First message: False
2026-05-01 14:08:32 | INFO | [FIRESTORE] ✅ Message saved | doc_id=SWT9CpoOfVLs4AFMErSd
2026-05-01 14:08:32 | DEBUG | [FIRESTORE] Updated metadata for 431fff88-549d-46bb-96b1-e4b3521221b7__a1b2c3d4-0001-0000-0000-000000000001__1777638138644
2026-05-01 14:08:48 | INFO | [FIRESTORE] 💾 Saving message | session=431fff88-549d-46bb-96b1-e4b3521221b7__a1b2c3d4-0001-0000-0000-000000000001__1777638138644 | tenant=a1b2c3d4-0001-0000-0000-000000000001 | user=431fff88-549d-46bb-96b1-e4b3521221b7
2026-05-01 14:08:48 | INFO | [FIRESTORE] First message: False
2026-05-01 14:08:48 | INFO | [FIRESTORE] ✅ Message saved | doc_id=pW33JmP2rPb8dfTHmJXY
2026-05-01 14:08:48 | DEBUG | [FIRESTORE] Updated metadata for 431fff88-549d-46bb-96b1-e4b3521221b7__a1b2c3d4-0001-0000-0000-000000000001__1777638138644
2026-05-01 14:09:24 | INFO | [FIRESTORE] 📋 Getting user conversations | user=431fff88-549d-46bb-96b1-e4b3521221b7 | tenant=a1b2c3d4-0001-0000-0000-000000000001
2026-05-01 14:09:28 | INFO | [FIRESTORE] ✅ Found 5 conversations for user 431fff88-549d-46bb-96b1-e4b3521221b7
2026-05-01 14:09:28 | INFO | [FIRESTORE] 📖 Getting history | session=431fff88-549d-46bb-96b1-e4b3521221b7__a1b2c3d4-0001-0000-0000-000000000001__1777638138644 | tenant=a1b2c3d4-0001-0000-0000-000000000001
2026-05-01 14:09:28 | INFO | [FIRESTORE] ✅ Retrieved 14 messages
2026-05-01 14:09:50 | INFO | [FIRESTORE] 💾 Saving message | session=431fff88-549d-46bb-96b1-e4b3521221b7__a1b2c3d4-0001-0000-0000-000000000001__1777638138644 | tenant=a1b2c3d4-0001-0000-0000-000000000001 | user=431fff88-549d-46bb-96b1-e4b3521221b7
2026-05-01 14:09:50 | INFO | [FIRESTORE] First message: False
2026-05-01 14:09:50 | INFO | [FIRESTORE] ✅ Message saved | doc_id=b3yFTx3h5SIEqGX6HME1
2026-05-01 14:09:50 | DEBUG | [FIRESTORE] Updated metadata for 431fff88-549d-46bb-96b1-e4b3521221b7__a1b2c3d4-0001-0000-0000-000000000001__1777638138644
2026-05-01 14:10:20 | INFO | [FIRESTORE] 💾 Saving message | session=431fff88-549d-46bb-96b1-e4b3521221b7__a1b2c3d4-0001-0000-0000-000000000001__1777638138644 | tenant=a1b2c3d4-0001-0000-0000-000000000001 | user=431fff88-549d-46bb-96b1-e4b3521221b7
2026-05-01 14:10:20 | INFO | [FIRESTORE] First message: False
2026-05-01 14:10:20 | INFO | [FIRESTORE] ✅ Message saved | doc_id=apbORQ9d2tCaOxuR2Osr
2026-05-01 14:10:20 | DEBUG | [FIRESTORE] Updated metadata for 431fff88-549d-46bb-96b1-e4b3521221b7__a1b2c3d4-0001-0000-0000-000000000001__1777638138644
2026-05-01 14:10:26 | INFO | [FIRESTORE] 📋 Getting user conversations | user=431fff88-549d-46bb-96b1-e4b3521221b7 | tenant=a1b2c3d4-0001-0000-0000-000000000001
2026-05-01 14:10:29 | INFO | [FIRESTORE] ✅ Found 5 conversations for user 431fff88-549d-46bb-96b1-e4b3521221b7
2026-05-01 14:10:30 | INFO | [FIRESTORE] 📖 Getting history | session=431fff88-549d-46bb-96b1-e4b3521221b7__a1b2c3d4-0001-0000-0000-000000000001__1777638138644 | tenant=a1b2c3d4-0001-0000-0000-000000000001
2026-05-01 14:10:30 | INFO | [FIRESTORE] ✅ Retrieved 16 messages
2026-05-01 14:10:40 | INFO | [FIRESTORE] 💾 Saving message | session=431fff88-549d-46bb-96b1-e4b3521221b7__a1b2c3d4-0001-0000-0000-000000000001__1777638138644 | tenant=a1b2c3d4-0001-0000-0000-000000000001 | user=431fff88-549d-46bb-96b1-e4b3521221b7
2026-05-01 14:10:40 | INFO | [FIRESTORE] First message: False
2026-05-01 14:10:40 | INFO | [FIRESTORE] ✅ Message saved | doc_id=pX2MNcu6za2wt1Y7lIqR
2026-05-01 14:10:40 | DEBUG | [FIRESTORE] Updated metadata for 431fff88-549d-46bb-96b1-e4b3521221b7__a1b2c3d4-0001-0000-0000-000000000001__1777638138644
2026-05-01 14:10:57 | INFO | [FIRESTORE] 📋 Getting user conversations | user=431fff88-549d-46bb-96b1-e4b3521221b7 | tenant=a1b2c3d4-0001-0000-0000-000000000001
2026-05-01 14:11:00 | INFO | [FIRESTORE] ✅ Found 5 conversations for user 431fff88-549d-46bb-96b1-e4b3521221b7
2026-05-01 14:11:01 | INFO | [FIRESTORE] 📖 Getting history | session=431fff88-549d-46bb-96b1-e4b3521221b7__a1b2c3d4-0001-0000-0000-000000000001__1777638138644 | tenant=a1b2c3d4-0001-0000-0000-000000000001
2026-05-01 14:11:01 | INFO | [FIRESTORE] ✅ Retrieved 17 messages
2026-05-01 14:13:51 | INFO | [FIRESTORE] 💾 Saving message | session=431fff88-549d-46bb-96b1-e4b3521221b7__a1b2c3d4-0001-0000-0000-000000000001__1777638138644 | tenant=a1b2c3d4-0001-0000-0000-000000000001 | user=431fff88-549d-46bb-96b1-e4b3521221b7
2026-05-01 14:13:51 | INFO | [FIRESTORE] First message: False
2026-05-01 14:13:51 | INFO | [FIRESTORE] ✅ Message saved | doc_id=4qq5dpKAy6L6Mu5LRTG2
2026-05-01 14:13:51 | DEBUG | [FIRESTORE] Updated metadata for 431fff88-549d-46bb-96b1-e4b3521221b7__a1b2c3d4-0001-0000-0000-000000000001__1777638138644
2026-05-01 14:14:32 | INFO | [FIRESTORE] 💾 Saving message | session=431fff88-549d-46bb-96b1-e4b3521221b7__a1b2c3d4-0001-0000-0000-000000000001__1777638138644 | tenant=a1b2c3d4-0001-0000-0000-000000000001 | user=431fff88-549d-46bb-96b1-e4b3521221b7
2026-05-01 14:14:32 | INFO | [FIRESTORE] First message: False
2026-05-01 14:14:32 | INFO | [FIRESTORE] ✅ Message saved | doc_id=JUZZd20tqvhE4He49012
2026-05-01 14:14:32 | DEBUG | [FIRESTORE] Updated metadata for 431fff88-549d-46bb-96b1-e4b3521221b7__a1b2c3d4-0001-0000-0000-000000000001__1777638138644
2026-05-01 14:14:53 | INFO | [FIRESTORE] 📋 Getting user conversations | user=431fff88-549d-46bb-96b1-e4b3521221b7 | tenant=a1b2c3d4-0001-0000-0000-000000000001
2026-05-01 14:14:56 | INFO | [FIRESTORE] ✅ Found 5 conversations for user 431fff88-549d-46bb-96b1-e4b3521221b7
2026-05-01 14:14:57 | INFO | [FIRESTORE] 📖 Getting history | session=431fff88-549d-46bb-96b1-e4b3521221b7__a1b2c3d4-0001-0000-0000-000000000001__1777638138644 | tenant=a1b2c3d4-0001-0000-0000-000000000001
2026-05-01 14:14:57 | INFO | [FIRESTORE] ✅ Retrieved 19 messages
2026-05-01 14:15:09 | INFO | [FIRESTORE] 💾 Saving message | session=431fff88-549d-46bb-96b1-e4b3521221b7__a1b2c3d4-0001-0000-0000-000000000001__1777638138644 | tenant=a1b2c3d4-0001-0000-0000-000000000001 | user=431fff88-549d-46bb-96b1-e4b3521221b7
2026-05-01 14:15:10 | INFO | [FIRESTORE] First message: False
2026-05-01 14:15:10 | INFO | [FIRESTORE] ✅ Message saved | doc_id=hN3uc8C1bzTizGTOZ5Ng
2026-05-01 14:15:10 | DEBUG | [FIRESTORE] Updated metadata for 431fff88-549d-46bb-96b1-e4b3521221b7__a1b2c3d4-0001-0000-0000-000000000001__1777638138644
2026-05-01 14:15:57 | INFO | [FIRESTORE] 💾 Saving message | session=431fff88-549d-46bb-96b1-e4b3521221b7__a1b2c3d4-0001-0000-0000-000000000001__1777638138644 | tenant=a1b2c3d4-0001-0000-0000-000000000001 | user=431fff88-549d-46bb-96b1-e4b3521221b7
2026-05-01 14:15:57 | INFO | [FIRESTORE] First message: False
2026-05-01 14:15:57 | INFO | [FIRESTORE] ✅ Message saved | doc_id=ZEOmsUQPjjMbOP9Z1aZj
2026-05-01 14:15:57 | DEBUG | [FIRESTORE] Updated metadata for 431fff88-549d-46bb-96b1-e4b3521221b7__a1b2c3d4-0001-0000-0000-000000000001__1777638138644
2026-05-01 14:16:02 | INFO | [FIRESTORE] 📋 Getting user conversations | user=431fff88-549d-46bb-96b1-e4b3521221b7 | tenant=a1b2c3d4-0001-0000-0000-000000000001
2026-05-01 14:16:06 | INFO | [FIRESTORE] ✅ Found 5 conversations for user 431fff88-549d-46bb-96b1-e4b3521221b7
2026-05-01 14:16:06 | INFO | [FIRESTORE] 📖 Getting history | session=431fff88-549d-46bb-96b1-e4b3521221b7__a1b2c3d4-0001-0000-0000-000000000001__1777638138644 | tenant=a1b2c3d4-0001-0000-0000-000000000001
2026-05-01 14:16:06 | INFO | [FIRESTORE] ✅ Retrieved 21 messages
2026-05-01 14:16:11 | INFO | [FIRESTORE] 💾 Saving message | session=431fff88-549d-46bb-96b1-e4b3521221b7__a1b2c3d4-0001-0000-0000-000000000001__1777638138644 | tenant=a1b2c3d4-0001-0000-0000-000000000001 | user=431fff88-549d-46bb-96b1-e4b3521221b7
2026-05-01 14:16:11 | INFO | [FIRESTORE] First message: False
2026-05-01 14:16:11 | INFO | [FIRESTORE] ✅ Message saved | doc_id=2GXo7bUgdpcK9vDzPUfC
2026-05-01 14:16:11 | DEBUG | [FIRESTORE] Updated metadata for 431fff88-549d-46bb-96b1-e4b3521221b7__a1b2c3d4-0001-0000-0000-000000000001__1777638138644
2026-05-01 14:16:19 | INFO | [FIRESTORE] 💾 Saving message | session=431fff88-549d-46bb-96b1-e4b3521221b7__a1b2c3d4-0001-0000-0000-000000000001__1777638138644 | tenant=a1b2c3d4-0001-0000-0000-000000000001 | user=431fff88-549d-46bb-96b1-e4b3521221b7
2026-05-01 14:16:19 | INFO | [FIRESTORE] First message: False
2026-05-01 14:16:19 | INFO | [FIRESTORE] ✅ Message saved | doc_id=a24lb9EYLLYVgnKMBT80
2026-05-01 14:16:19 | DEBUG | [FIRESTORE] Updated metadata for 431fff88-549d-46bb-96b1-e4b3521221b7__a1b2c3d4-0001-0000-0000-000000000001__1777638138644
2026-05-01 14:18:36 | INFO | [FIRESTORE] 📋 Getting user conversations | user=431fff88-549d-46bb-96b1-e4b3521221b7 | tenant=a1b2c3d4-0001-0000-0000-000000000001
2026-05-01 14:18:40 | INFO | [FIRESTORE] ✅ Found 5 conversations for user 431fff88-549d-46bb-96b1-e4b3521221b7
2026-05-01 14:18:40 | INFO | [FIRESTORE] 📖 Getting history | session=431fff88-549d-46bb-96b1-e4b3521221b7__a1b2c3d4-0001-0000-0000-000000000001__1777638138644 | tenant=a1b2c3d4-0001-0000-0000-000000000001
2026-05-01 14:18:40 | INFO | [FIRESTORE] ✅ Retrieved 23 messages
2026-05-01 14:20:00 | INFO | [FIRESTORE] 💾 Saving message | session=431fff88-549d-46bb-96b1-e4b3521221b7__a1b2c3d4-0001-0000-0000-000000000001__1777638138644 | tenant=a1b2c3d4-0001-0000-0000-000000000001 | user=431fff88-549d-46bb-96b1-e4b3521221b7
2026-05-01 14:20:00 | INFO | [FIRESTORE] First message: False
2026-05-01 14:20:00 | INFO | [FIRESTORE] ✅ Message saved | doc_id=eWUsEWCaPC4xcqvK0aHe
2026-05-01 14:20:00 | DEBUG | [FIRESTORE] Updated metadata for 431fff88-549d-46bb-96b1-e4b3521221b7__a1b2c3d4-0001-0000-0000-000000000001__1777638138644
2026-05-01 14:20:21 | INFO | [FIRESTORE] 📋 Getting user conversations | user=431fff88-549d-46bb-96b1-e4b3521221b7 | tenant=a1b2c3d4-0001-0000-0000-000000000001
2026-05-01 14:20:25 | INFO | [FIRESTORE] ✅ Found 5 conversations for user 431fff88-549d-46bb-96b1-e4b3521221b7
2026-05-01 14:20:25 | INFO | [FIRESTORE] 📖 Getting history | session=431fff88-549d-46bb-96b1-e4b3521221b7__a1b2c3d4-0001-0000-0000-000000000001__1777638138644 | tenant=a1b2c3d4-0001-0000-0000-000000000001
2026-05-01 14:20:25 | INFO | [FIRESTORE] ✅ Retrieved 24 messages
2026-05-01 14:20:52 | INFO | [FIRESTORE] 💾 Saving message | session=431fff88-549d-46bb-96b1-e4b3521221b7__a1b2c3d4-0001-0000-0000-000000000001__1777638138644 | tenant=a1b2c3d4-0001-0000-0000-000000000001 | user=431fff88-549d-46bb-96b1-e4b3521221b7
2026-05-01 14:20:52 | INFO | [FIRESTORE] First message: False
2026-05-01 14:20:52 | INFO | [FIRESTORE] ✅ Message saved | doc_id=mKRIt865n3zRu2zlyY0O
2026-05-01 14:20:52 | DEBUG | [FIRESTORE] Updated metadata for 431fff88-549d-46bb-96b1-e4b3521221b7__a1b2c3d4-0001-0000-0000-000000000001__1777638138644
2026-05-01 14:21:42 | INFO | [FIRESTORE] 💾 Saving message | session=431fff88-549d-46bb-96b1-e4b3521221b7__a1b2c3d4-0001-0000-0000-000000000001__1777638138644 | tenant=a1b2c3d4-0001-0000-0000-000000000001 | user=431fff88-549d-46bb-96b1-e4b3521221b7
2026-05-01 14:21:43 | INFO | [FIRESTORE] First message: False
2026-05-01 14:21:43 | INFO | [FIRESTORE] ✅ Message saved | doc_id=MtbCMQv2XOMW9p7OG1lz
2026-05-01 14:21:43 | DEBUG | [FIRESTORE] Updated metadata for 431fff88-549d-46bb-96b1-e4b3521221b7__a1b2c3d4-0001-0000-0000-000000000001__1777638138644
2026-05-01 14:22:38 | INFO | [FIRESTORE] 💾 Saving message | session=431fff88-549d-46bb-96b1-e4b3521221b7__a1b2c3d4-0001-0000-0000-000000000001__1777638138644 | tenant=a1b2c3d4-0001-0000-0000-000000000001 | user=431fff88-549d-46bb-96b1-e4b3521221b7
2026-05-01 14:22:38 | INFO | [FIRESTORE] First message: False
2026-05-01 14:22:38 | INFO | [FIRESTORE] ✅ Message saved | doc_id=3PErIxKjzeqMJDl4XBeu
2026-05-01 14:22:38 | DEBUG | [FIRESTORE] Updated metadata for 431fff88-549d-46bb-96b1-e4b3521221b7__a1b2c3d4-0001-0000-0000-000000000001__1777638138644
2026-05-01 14:23:03 | INFO | [FIRESTORE] 💾 Saving message | session=431fff88-549d-46bb-96b1-e4b3521221b7__a1b2c3d4-0001-0000-0000-000000000001__1777638138644 | tenant=a1b2c3d4-0001-0000-0000-000000000001 | user=431fff88-549d-46bb-96b1-e4b3521221b7
2026-05-01 14:23:03 | INFO | [FIRESTORE] First message: False
2026-05-01 14:23:03 | INFO | [FIRESTORE] ✅ Message saved | doc_id=pM7D4ygq86pqVwQu7Cxu
2026-05-01 14:23:03 | DEBUG | [FIRESTORE] Updated metadata for 431fff88-549d-46bb-96b1-e4b3521221b7__a1b2c3d4-0001-0000-0000-000000000001__1777638138644
2026-05-01 14:25:59 | INFO | ✅ FirestoreConversationService initialisé
2026-05-01 14:26:25 | INFO | [FIRESTORE] 🧹 Cleaning old anonymous conversations > 1h
2026-05-01 14:26:26 | INFO | [FIRESTORE] ✅ Cleanup complete: 0 messages, 0 sessions
2026-05-01 14:34:33 | INFO | ✅ FirestoreConversationService initialisé
2026-05-01 14:34:55 | INFO | [FIRESTORE] 🧹 Cleaning old anonymous conversations > 1h
2026-05-01 14:34:56 | INFO | [FIRESTORE] ✅ Cleanup complete: 0 messages, 0 sessions
2026-05-01 14:35:42 | INFO | ✅ FirestoreConversationService initialisé
2026-05-01 14:36:06 | INFO | [FIRESTORE] 🧹 Cleaning old anonymous conversations > 1h
2026-05-01 14:36:07 | INFO | [FIRESTORE] ✅ Cleanup complete: 0 messages, 0 sessions
2026-05-01 14:36:48 | INFO | ✅ FirestoreConversationService initialisé
2026-05-01 14:37:16 | INFO | [FIRESTORE] 🧹 Cleaning old anonymous conversations > 1h
2026-05-01 14:37:18 | INFO | [FIRESTORE] ✅ Cleanup complete: 0 messages, 0 sessions
2026-05-01 14:48:28 | INFO | [FIRESTORE] 📖 Getting history | session=431fff88-549d-46bb-96b1-e4b3521221b7__a1b2c3d4-0001-0000-0000-000000000001__1777638138644 | tenant=a1b2c3d4-0001-0000-0000-000000000001
2026-05-01 14:48:29 | INFO | [FIRESTORE] ✅ Retrieved 28 messages
2026-05-01 14:48:29 | INFO | [FIRESTORE] 📋 Getting user conversations | user=431fff88-549d-46bb-96b1-e4b3521221b7 | tenant=a1b2c3d4-0001-0000-0000-000000000001
2026-05-01 14:48:32 | INFO | [FIRESTORE] ✅ Found 5 conversations for user 431fff88-549d-46bb-96b1-e4b3521221b7
2026-05-01 14:49:32 | INFO | [FIRESTORE] 💾 Saving message | session=431fff88-549d-46bb-96b1-e4b3521221b7__a1b2c3d4-0001-0000-0000-000000000001__1777638138644 | tenant=a1b2c3d4-0001-0000-0000-000000000001 | user=431fff88-549d-46bb-96b1-e4b3521221b7
2026-05-01 14:49:32 | INFO | [FIRESTORE] First message: False
2026-05-01 14:49:32 | INFO | [FIRESTORE] ✅ Message saved | doc_id=2culDnRyLmwJXdVx91SV
2026-05-01 14:49:32 | DEBUG | [FIRESTORE] Updated metadata for 431fff88-549d-46bb-96b1-e4b3521221b7__a1b2c3d4-0001-0000-0000-000000000001__1777638138644
2026-05-01 14:50:20 | INFO | [FIRESTORE] 💾 Saving message | session=431fff88-549d-46bb-96b1-e4b3521221b7__a1b2c3d4-0001-0000-0000-000000000001__1777638138644 | tenant=a1b2c3d4-0001-0000-0000-000000000001 | user=431fff88-549d-46bb-96b1-e4b3521221b7
2026-05-01 14:50:20 | INFO | [FIRESTORE] First message: False
2026-05-01 14:50:21 | INFO | [FIRESTORE] ✅ Message saved | doc_id=hIYMTI87n3eF7ISQAQ80
2026-05-01 14:50:21 | DEBUG | [FIRESTORE] Updated metadata for 431fff88-549d-46bb-96b1-e4b3521221b7__a1b2c3d4-0001-0000-0000-000000000001__1777638138644
2026-05-01 15:02:59 | INFO | [FIRESTORE] 📋 Getting user conversations | user=431fff88-549d-46bb-96b1-e4b3521221b7 | tenant=a1b2c3d4-0001-0000-0000-000000000001
2026-05-01 15:03:05 | INFO | [FIRESTORE] ✅ Found 5 conversations for user 431fff88-549d-46bb-96b1-e4b3521221b7
2026-05-01 15:03:05 | INFO | [FIRESTORE] 📖 Getting history | session=431fff88-549d-46bb-96b1-e4b3521221b7__a1b2c3d4-0001-0000-0000-000000000001__1777638138644 | tenant=a1b2c3d4-0001-0000-0000-000000000001
2026-05-01 15:03:05 | INFO | [FIRESTORE] ✅ Retrieved 30 messages
2026-05-01 15:04:18 | INFO | [FIRESTORE] 💾 Saving message | session=431fff88-549d-46bb-96b1-e4b3521221b7__a1b2c3d4-0001-0000-0000-000000000001__1777638138644 | tenant=a1b2c3d4-0001-0000-0000-000000000001 | user=431fff88-549d-46bb-96b1-e4b3521221b7
2026-05-01 15:04:18 | INFO | [FIRESTORE] First message: False
2026-05-01 15:04:18 | INFO | [FIRESTORE] ✅ Message saved | doc_id=7d2vsnaR1NBvGe6w3yxT
2026-05-01 15:04:18 | DEBUG | [FIRESTORE] Updated metadata for 431fff88-549d-46bb-96b1-e4b3521221b7__a1b2c3d4-0001-0000-0000-000000000001__1777638138644
2026-05-01 15:04:53 | INFO | [FIRESTORE] 💾 Saving message | session=431fff88-549d-46bb-96b1-e4b3521221b7__a1b2c3d4-0001-0000-0000-000000000001__1777638138644 | tenant=a1b2c3d4-0001-0000-0000-000000000001 | user=431fff88-549d-46bb-96b1-e4b3521221b7
2026-05-01 15:04:53 | INFO | [FIRESTORE] First message: False
2026-05-01 15:04:54 | INFO | [FIRESTORE] ✅ Message saved | doc_id=ZnEbpjvDgCDygsSh39rk
2026-05-01 15:04:54 | DEBUG | [FIRESTORE] Updated metadata for 431fff88-549d-46bb-96b1-e4b3521221b7__a1b2c3d4-0001-0000-0000-000000000001__1777638138644
2026-05-01 15:07:11 | INFO | [FIRESTORE] 🧹 Cleaning old anonymous conversations > 1h
2026-05-01 15:07:11 | INFO | [FIRESTORE] ✅ Cleanup complete: 0 messages, 0 sessions
2026-05-01 15:11:48 | INFO | [FIRESTORE] 📖 Getting history | session=431fff88-549d-46bb-96b1-e4b3521221b7__a1b2c3d4-0001-0000-0000-000000000001__1777638138644 | tenant=a1b2c3d4-0001-0000-0000-000000000001
2026-05-01 15:11:49 | INFO | [FIRESTORE] ✅ Retrieved 32 messages
2026-05-01 15:11:49 | INFO | [FIRESTORE] 📋 Getting user conversations | user=431fff88-549d-46bb-96b1-e4b3521221b7 | tenant=a1b2c3d4-0001-0000-0000-000000000001
2026-05-01 15:11:54 | INFO | [FIRESTORE] ✅ Found 5 conversations for user 431fff88-549d-46bb-96b1-e4b3521221b7
2026-05-01 15:11:56 | INFO | [FIRESTORE] 💾 Saving message | session=431fff88-549d-46bb-96b1-e4b3521221b7__a1b2c3d4-0001-0000-0000-000000000001__1777638138644 | tenant=a1b2c3d4-0001-0000-0000-000000000001 | user=431fff88-549d-46bb-96b1-e4b3521221b7
2026-05-01 15:11:56 | INFO | [FIRESTORE] First message: False
2026-05-01 15:11:57 | INFO | [FIRESTORE] ✅ Message saved | doc_id=QOu4Ol4zkarg2SDtl1tG
2026-05-01 15:11:57 | DEBUG | [FIRESTORE] Updated metadata for 431fff88-549d-46bb-96b1-e4b3521221b7__a1b2c3d4-0001-0000-0000-000000000001__1777638138644
2026-05-01 15:12:37 | INFO | [FIRESTORE] 💾 Saving message | session=431fff88-549d-46bb-96b1-e4b3521221b7__a1b2c3d4-0001-0000-0000-000000000001__1777638138644 | tenant=a1b2c3d4-0001-0000-0000-000000000001 | user=431fff88-549d-46bb-96b1-e4b3521221b7
2026-05-01 15:12:37 | INFO | [FIRESTORE] First message: False
2026-05-01 15:12:37 | INFO | [FIRESTORE] ✅ Message saved | doc_id=6wPAXYsiaVY9j2X3l0qB
2026-05-01 15:12:37 | DEBUG | [FIRESTORE] Updated metadata for 431fff88-549d-46bb-96b1-e4b3521221b7__a1b2c3d4-0001-0000-0000-000000000001__1777638138644
2026-05-01 15:16:27 | INFO | [FIRESTORE] 📖 Getting history | session=431fff88-549d-46bb-96b1-e4b3521221b7__a1b2c3d4-0001-0000-0000-000000000001__1777638138644 | tenant=a1b2c3d4-0001-0000-0000-000000000001
2026-05-01 15:16:46 | INFO | [FIRESTORE] ✅ Retrieved 34 messages
2026-05-01 15:16:46 | INFO | [FIRESTORE] 📋 Getting user conversations | user=431fff88-549d-46bb-96b1-e4b3521221b7 | tenant=a1b2c3d4-0001-0000-0000-000000000001
2026-05-01 15:16:51 | INFO | [FIRESTORE] ✅ Found 5 conversations for user 431fff88-549d-46bb-96b1-e4b3521221b7
2026-05-01 15:17:02 | INFO | [FIRESTORE] 📋 Getting user conversations | user=431fff88-549d-46bb-96b1-e4b3521221b7 | tenant=a1b2c3d4-0001-0000-0000-000000000001
2026-05-01 15:17:06 | INFO | [FIRESTORE] ✅ Found 5 conversations for user 431fff88-549d-46bb-96b1-e4b3521221b7
2026-05-01 15:17:08 | INFO | [FIRESTORE] 📖 Getting history | session=431fff88-549d-46bb-96b1-e4b3521221b7__a1b2c3d4-0001-0000-0000-000000000001__1777638138644 | tenant=a1b2c3d4-0001-0000-0000-000000000001
2026-05-01 15:17:08 | INFO | [FIRESTORE] ✅ Retrieved 34 messages
2026-05-01 15:17:42 | INFO | [FIRESTORE] 💾 Saving message | session=431fff88-549d-46bb-96b1-e4b3521221b7__a1b2c3d4-0001-0000-0000-000000000001__1777638138644 | tenant=a1b2c3d4-0001-0000-0000-000000000001 | user=431fff88-549d-46bb-96b1-e4b3521221b7
2026-05-01 15:17:43 | INFO | [FIRESTORE] First message: False
2026-05-01 15:17:43 | INFO | [FIRESTORE] ✅ Message saved | doc_id=7mbEfzygRmlSXb56MvWV
2026-05-01 15:17:43 | DEBUG | [FIRESTORE] Updated metadata for 431fff88-549d-46bb-96b1-e4b3521221b7__a1b2c3d4-0001-0000-0000-000000000001__1777638138644
2026-05-01 15:17:55 | INFO | [FIRESTORE] 💾 Saving message | session=431fff88-549d-46bb-96b1-e4b3521221b7__a1b2c3d4-0001-0000-0000-000000000001__1777638138644 | tenant=a1b2c3d4-0001-0000-0000-000000000001 | user=431fff88-549d-46bb-96b1-e4b3521221b7
2026-05-01 15:17:55 | INFO | [FIRESTORE] First message: False
2026-05-01 15:17:55 | INFO | [FIRESTORE] ✅ Message saved | doc_id=GiQwdP5h376TeG7uqcYo
2026-05-01 15:17:55 | DEBUG | [FIRESTORE] Updated metadata for 431fff88-549d-46bb-96b1-e4b3521221b7__a1b2c3d4-0001-0000-0000-000000000001__1777638138644
2026-05-01 15:18:54 | INFO | [FIRESTORE] 💾 Saving message | session=431fff88-549d-46bb-96b1-e4b3521221b7__a1b2c3d4-0001-0000-0000-000000000001__1777638138644 | tenant=a1b2c3d4-0001-0000-0000-000000000001 | user=431fff88-549d-46bb-96b1-e4b3521221b7
2026-05-01 15:18:54 | INFO | [FIRESTORE] First message: False
2026-05-01 15:18:54 | INFO | [FIRESTORE] ✅ Message saved | doc_id=lbsEYNKE8O7w2ydFfbb5
2026-05-01 15:18:54 | DEBUG | [FIRESTORE] Updated metadata for 431fff88-549d-46bb-96b1-e4b3521221b7__a1b2c3d4-0001-0000-0000-000000000001__1777638138644
2026-05-01 15:24:20 | INFO | [FIRESTORE] 📖 Getting history | session=431fff88-549d-46bb-96b1-e4b3521221b7__a1b2c3d4-0001-0000-0000-000000000001__1777638138644 | tenant=a1b2c3d4-0001-0000-0000-000000000001
2026-05-01 15:24:20 | INFO | [FIRESTORE] ✅ Retrieved 37 messages
2026-05-01 15:24:21 | INFO | [FIRESTORE] 📋 Getting user conversations | user=431fff88-549d-46bb-96b1-e4b3521221b7 | tenant=a1b2c3d4-0001-0000-0000-000000000001
2026-05-01 15:24:25 | INFO | [FIRESTORE] ✅ Found 5 conversations for user 431fff88-549d-46bb-96b1-e4b3521221b7
2026-05-01 15:24:51 | INFO | [FIRESTORE] 💾 Saving message | session=431fff88-549d-46bb-96b1-e4b3521221b7__a1b2c3d4-0001-0000-0000-000000000001__1777638138644 | tenant=a1b2c3d4-0001-0000-0000-000000000001 | user=431fff88-549d-46bb-96b1-e4b3521221b7
2026-05-01 15:24:51 | INFO | [FIRESTORE] First message: False
2026-05-01 15:24:51 | INFO | [FIRESTORE] ✅ Message saved | doc_id=zc0TKP5ZBADRAsaFAZ75
2026-05-01 15:24:51 | DEBUG | [FIRESTORE] Updated metadata for 431fff88-549d-46bb-96b1-e4b3521221b7__a1b2c3d4-0001-0000-0000-000000000001__1777638138644
2026-05-01 15:24:54 | INFO | [FIRESTORE] 📋 Getting user conversations | user=431fff88-549d-46bb-96b1-e4b3521221b7 | tenant=a1b2c3d4-0001-0000-0000-000000000001
2026-05-01 15:24:58 | INFO | [FIRESTORE] ✅ Found 5 conversations for user 431fff88-549d-46bb-96b1-e4b3521221b7
2026-05-01 15:24:58 | INFO | [FIRESTORE] 📖 Getting history | session=431fff88-549d-46bb-96b1-e4b3521221b7__a1b2c3d4-0001-0000-0000-000000000001__1777638138644 | tenant=a1b2c3d4-0001-0000-0000-000000000001
2026-05-01 15:24:59 | INFO | [FIRESTORE] ✅ Retrieved 38 messages
2026-05-01 15:25:57 | INFO | [FIRESTORE] 💾 Saving message | session=431fff88-549d-46bb-96b1-e4b3521221b7__a1b2c3d4-0001-0000-0000-000000000001__1777638138644 | tenant=a1b2c3d4-0001-0000-0000-000000000001 | user=431fff88-549d-46bb-96b1-e4b3521221b7
2026-05-01 15:25:57 | INFO | [FIRESTORE] First message: False
2026-05-01 15:25:57 | INFO | [FIRESTORE] ✅ Message saved | doc_id=sCOUL7tVuc4pRWcN3b1P
2026-05-01 15:25:57 | DEBUG | [FIRESTORE] Updated metadata for 431fff88-549d-46bb-96b1-e4b3521221b7__a1b2c3d4-0001-0000-0000-000000000001__1777638138644
2026-05-01 15:26:12 | INFO | [FIRESTORE] 💾 Saving message | session=431fff88-549d-46bb-96b1-e4b3521221b7__a1b2c3d4-0001-0000-0000-000000000001__1777638138644 | tenant=a1b2c3d4-0001-0000-0000-000000000001 | user=431fff88-549d-46bb-96b1-e4b3521221b7
2026-05-01 15:26:12 | INFO | [FIRESTORE] First message: False
2026-05-01 15:26:12 | INFO | [FIRESTORE] ✅ Message saved | doc_id=B3GPMNMyNp5dr8FY9tqF
2026-05-01 15:26:12 | DEBUG | [FIRESTORE] Updated metadata for 431fff88-549d-46bb-96b1-e4b3521221b7__a1b2c3d4-0001-0000-0000-000000000001__1777638138644
2026-05-01 15:26:33 | INFO | [FIRESTORE] 💾 Saving message | session=431fff88-549d-46bb-96b1-e4b3521221b7__a1b2c3d4-0001-0000-0000-000000000001__1777638138644 | tenant=a1b2c3d4-0001-0000-0000-000000000001 | user=431fff88-549d-46bb-96b1-e4b3521221b7
2026-05-01 15:26:33 | INFO | [FIRESTORE] First message: False
2026-05-01 15:26:33 | INFO | [FIRESTORE] ✅ Message saved | doc_id=0iZbUu9OoWCGkOuzn07A
2026-05-01 15:26:33 | DEBUG | [FIRESTORE] Updated metadata for 431fff88-549d-46bb-96b1-e4b3521221b7__a1b2c3d4-0001-0000-0000-000000000001__1777638138644
2026-05-01 15:27:53 | INFO | [FIRESTORE] 💾 Saving message | session=431fff88-549d-46bb-96b1-e4b3521221b7__a1b2c3d4-0001-0000-0000-000000000001__1777638138644 | tenant=a1b2c3d4-0001-0000-0000-000000000001 | user=431fff88-549d-46bb-96b1-e4b3521221b7
2026-05-01 15:27:54 | INFO | [FIRESTORE] First message: False
2026-05-01 15:27:54 | INFO | [FIRESTORE] ✅ Message saved | doc_id=ARiReruCCeSGqmNeTDZr
2026-05-01 15:27:54 | DEBUG | [FIRESTORE] Updated metadata for 431fff88-549d-46bb-96b1-e4b3521221b7__a1b2c3d4-0001-0000-0000-000000000001__1777638138644
2026-05-01 15:37:11 | INFO | [FIRESTORE] 🧹 Cleaning old anonymous conversations > 1h
2026-05-01 15:37:12 | INFO | [FIRESTORE] ✅ Cleanup complete: 0 messages, 0 sessions
2026-05-01 15:39:30 | INFO | ✅ FirestoreConversationService initialisé
2026-05-01 15:39:59 | INFO | [FIRESTORE] 🧹 Cleaning old anonymous conversations > 1h
2026-05-01 15:40:01 | INFO | [FIRESTORE] ✅ Cleanup complete: 0 messages, 0 sessions
2026-05-01 15:41:07 | INFO | ✅ FirestoreConversationService initialisé
2026-05-01 15:41:34 | INFO | ✅ FirestoreConversationService initialisé
2026-05-01 15:41:57 | INFO | [FIRESTORE] 🧹 Cleaning old anonymous conversations > 1h
2026-05-01 15:41:58 | INFO | [FIRESTORE] ✅ Cleanup complete: 0 messages, 0 sessions
2026-05-01 15:43:01 | INFO | ✅ FirestoreConversationService initialisé
2026-05-01 15:43:26 | INFO | [FIRESTORE] 🧹 Cleaning old anonymous conversations > 1h
2026-05-01 15:43:28 | INFO | [FIRESTORE] ✅ Cleanup complete: 0 messages, 0 sessions
2026-05-01 15:44:22 | INFO | ✅ FirestoreConversationService initialisé
2026-05-01 15:44:45 | INFO | [FIRESTORE] 🧹 Cleaning old anonymous conversations > 1h
2026-05-01 15:44:47 | INFO | [FIRESTORE] ✅ Cleanup complete: 0 messages, 0 sessions
2026-05-01 15:44:55 | INFO | ✅ FirestoreConversationService initialisé
2026-05-01 15:45:19 | INFO | [FIRESTORE] 🧹 Cleaning old anonymous conversations > 1h
2026-05-01 15:45:21 | INFO | [FIRESTORE] ✅ Cleanup complete: 0 messages, 0 sessions
2026-05-01 15:48:16 | INFO | ✅ FirestoreConversationService initialisé
2026-05-01 15:48:34 | INFO | [FIRESTORE] 🧹 Cleaning old anonymous conversations > 1h
2026-05-01 15:48:35 | INFO | [FIRESTORE] ✅ Cleanup complete: 0 messages, 0 sessions
2026-05-01 15:49:32 | INFO | [FIRESTORE] 📋 Getting user conversations | user=431fff88-549d-46bb-96b1-e4b3521221b7 | tenant=a1b2c3d4-0001-0000-0000-000000000001
2026-05-01 15:49:37 | INFO | [FIRESTORE] ✅ Found 5 conversations for user 431fff88-549d-46bb-96b1-e4b3521221b7
2026-05-01 15:49:37 | INFO | [FIRESTORE] 📖 Getting history | session=431fff88-549d-46bb-96b1-e4b3521221b7__a1b2c3d4-0001-0000-0000-000000000001__1777638138644 | tenant=a1b2c3d4-0001-0000-0000-000000000001
2026-05-01 15:49:37 | INFO | [FIRESTORE] ✅ Retrieved 42 messages
2026-05-01 15:50:47 | INFO | [FIRESTORE] 💾 Saving message | session=431fff88-549d-46bb-96b1-e4b3521221b7__a1b2c3d4-0001-0000-0000-000000000001__1777638138644 | tenant=a1b2c3d4-0001-0000-0000-000000000001 | user=431fff88-549d-46bb-96b1-e4b3521221b7
2026-05-01 15:50:47 | INFO | [FIRESTORE] First message: False
2026-05-01 15:50:47 | INFO | [FIRESTORE] ✅ Message saved | doc_id=BLgITC805VGJvX4YaRwI
2026-05-01 15:50:47 | DEBUG | [FIRESTORE] Updated metadata for 431fff88-549d-46bb-96b1-e4b3521221b7__a1b2c3d4-0001-0000-0000-000000000001__1777638138644
2026-05-01 15:52:59 | INFO | [FIRESTORE] 💾 Saving message | session=431fff88-549d-46bb-96b1-e4b3521221b7__a1b2c3d4-0001-0000-0000-000000000001__1777638138644 | tenant=a1b2c3d4-0001-0000-0000-000000000001 | user=431fff88-549d-46bb-96b1-e4b3521221b7
2026-05-01 15:52:59 | INFO | [FIRESTORE] First message: False
2026-05-01 15:52:59 | INFO | [FIRESTORE] ✅ Message saved | doc_id=kIWvNFkcLDMtj9BfYT0V
2026-05-01 15:52:59 | DEBUG | [FIRESTORE] Updated metadata for 431fff88-549d-46bb-96b1-e4b3521221b7__a1b2c3d4-0001-0000-0000-000000000001__1777638138644
2026-05-01 15:53:31 | INFO | [FIRESTORE] 📋 Getting user conversations | user=431fff88-549d-46bb-96b1-e4b3521221b7 | tenant=a1b2c3d4-0001-0000-0000-000000000001
2026-05-01 15:53:36 | INFO | [FIRESTORE] ✅ Found 5 conversations for user 431fff88-549d-46bb-96b1-e4b3521221b7
2026-05-01 15:53:36 | INFO | [FIRESTORE] 📖 Getting history | session=431fff88-549d-46bb-96b1-e4b3521221b7__a1b2c3d4-0001-0000-0000-000000000001__1777638138644 | tenant=a1b2c3d4-0001-0000-0000-000000000001
2026-05-01 15:53:36 | INFO | [FIRESTORE] ✅ Retrieved 44 messages
2026-05-01 15:53:57 | INFO | [FIRESTORE] 💾 Saving message | session=431fff88-549d-46bb-96b1-e4b3521221b7__a1b2c3d4-0001-0000-0000-000000000001__1777638138644 | tenant=a1b2c3d4-0001-0000-0000-000000000001 | user=431fff88-549d-46bb-96b1-e4b3521221b7
2026-05-01 15:53:57 | INFO | [FIRESTORE] First message: False
2026-05-01 15:53:57 | INFO | [FIRESTORE] ✅ Message saved | doc_id=nv8d37j5d4qTBFREcXNr
2026-05-01 15:53:57 | DEBUG | [FIRESTORE] Updated metadata for 431fff88-549d-46bb-96b1-e4b3521221b7__a1b2c3d4-0001-0000-0000-000000000001__1777638138644
2026-05-01 15:54:43 | INFO | [FIRESTORE] 💾 Saving message | session=431fff88-549d-46bb-96b1-e4b3521221b7__a1b2c3d4-0001-0000-0000-000000000001__1777638138644 | tenant=a1b2c3d4-0001-0000-0000-000000000001 | user=431fff88-549d-46bb-96b1-e4b3521221b7
2026-05-01 15:54:43 | INFO | [FIRESTORE] First message: False
2026-05-01 15:54:43 | INFO | [FIRESTORE] ✅ Message saved | doc_id=3H7Vt5Hzm65HE7eq3tXx
2026-05-01 15:54:43 | DEBUG | [FIRESTORE] Updated metadata for 431fff88-549d-46bb-96b1-e4b3521221b7__a1b2c3d4-0001-0000-0000-000000000001__1777638138644
2026-05-01 15:58:00 | INFO | [FIRESTORE] 📋 Getting user conversations | user=431fff88-549d-46bb-96b1-e4b3521221b7 | tenant=a1b2c3d4-0001-0000-0000-000000000001
2026-05-01 15:58:05 | INFO | [FIRESTORE] ✅ Found 5 conversations for user 431fff88-549d-46bb-96b1-e4b3521221b7
2026-05-01 15:58:06 | INFO | [FIRESTORE] 📖 Getting history | session=431fff88-549d-46bb-96b1-e4b3521221b7__a1b2c3d4-0001-0000-0000-000000000001__1777638138644 | tenant=a1b2c3d4-0001-0000-0000-000000000001
2026-05-01 15:58:06 | INFO | [FIRESTORE] ✅ Retrieved 46 messages
2026-05-01 15:58:11 | INFO | [FIRESTORE] 📋 Getting user conversations | user=431fff88-549d-46bb-96b1-e4b3521221b7 | tenant=a1b2c3d4-0001-0000-0000-000000000001
2026-05-01 15:58:16 | INFO | [FIRESTORE] ✅ Found 5 conversations for user 431fff88-549d-46bb-96b1-e4b3521221b7
2026-05-01 15:58:59 | INFO | [FIRESTORE] 📖 Getting history | session=431fff88-549d-46bb-96b1-e4b3521221b7__a1b2c3d4-0001-0000-0000-000000000001__1777638138644 | tenant=a1b2c3d4-0001-0000-0000-000000000001
2026-05-01 15:58:59 | INFO | [FIRESTORE] ✅ Retrieved 46 messages
2026-05-01 15:59:08 | INFO | [FIRESTORE] 💾 Saving message | session=431fff88-549d-46bb-96b1-e4b3521221b7__a1b2c3d4-0001-0000-0000-000000000001__1777638138644 | tenant=a1b2c3d4-0001-0000-0000-000000000001 | user=431fff88-549d-46bb-96b1-e4b3521221b7
2026-05-01 15:59:08 | INFO | [FIRESTORE] First message: False
2026-05-01 15:59:08 | INFO | [FIRESTORE] ✅ Message saved | doc_id=Ah288apNi7Ks9Lbu36sx
2026-05-01 15:59:08 | DEBUG | [FIRESTORE] Updated metadata for 431fff88-549d-46bb-96b1-e4b3521221b7__a1b2c3d4-0001-0000-0000-000000000001__1777638138644
2026-05-01 15:59:27 | INFO | [FIRESTORE] 💾 Saving message | session=431fff88-549d-46bb-96b1-e4b3521221b7__a1b2c3d4-0001-0000-0000-000000000001__1777638138644 | tenant=a1b2c3d4-0001-0000-0000-000000000001 | user=431fff88-549d-46bb-96b1-e4b3521221b7
2026-05-01 15:59:27 | INFO | [FIRESTORE] First message: False
2026-05-01 15:59:27 | INFO | [FIRESTORE] ✅ Message saved | doc_id=a3GjUfJwmvYFkniKdcVw
2026-05-01 15:59:27 | DEBUG | [FIRESTORE] Updated metadata for 431fff88-549d-46bb-96b1-e4b3521221b7__a1b2c3d4-0001-0000-0000-000000000001__1777638138644
2026-05-01 16:08:34 | INFO | ✅ FirestoreConversationService initialisé
2026-05-01 16:08:52 | INFO | [FIRESTORE] 📋 Getting user conversations | user=431fff88-549d-46bb-96b1-e4b3521221b7 | tenant=a1b2c3d4-0001-0000-0000-000000000001
2026-05-01 16:08:58 | INFO | [FIRESTORE] ✅ Found 5 conversations for user 431fff88-549d-46bb-96b1-e4b3521221b7
2026-05-01 16:08:58 | INFO | [FIRESTORE] 🧹 Cleaning old anonymous conversations > 1h
2026-05-01 16:08:58 | INFO | [FIRESTORE] ✅ Cleanup complete: 0 messages, 0 sessions
2026-05-01 16:08:58 | INFO | [FIRESTORE] 📖 Getting history | session=431fff88-549d-46bb-96b1-e4b3521221b7__a1b2c3d4-0001-0000-0000-000000000001__1777638138644 | tenant=a1b2c3d4-0001-0000-0000-000000000001
2026-05-01 16:08:58 | INFO | [FIRESTORE] ✅ Retrieved 48 messages
2026-05-01 16:10:09 | INFO | [FIRESTORE] 💾 Saving message | session=431fff88-549d-46bb-96b1-e4b3521221b7__a1b2c3d4-0001-0000-0000-000000000001__1777638138644 | tenant=a1b2c3d4-0001-0000-0000-000000000001 | user=431fff88-549d-46bb-96b1-e4b3521221b7
2026-05-01 16:10:09 | INFO | [FIRESTORE] First message: False
2026-05-01 16:10:09 | INFO | [FIRESTORE] ✅ Message saved | doc_id=boP0pZBemk2UrT4CGRhl
2026-05-01 16:10:09 | DEBUG | [FIRESTORE] Updated metadata for 431fff88-549d-46bb-96b1-e4b3521221b7__a1b2c3d4-0001-0000-0000-000000000001__1777638138644
2026-05-01 16:10:44 | INFO | [FIRESTORE] 💾 Saving message | session=431fff88-549d-46bb-96b1-e4b3521221b7__a1b2c3d4-0001-0000-0000-000000000001__1777638138644 | tenant=a1b2c3d4-0001-0000-0000-000000000001 | user=431fff88-549d-46bb-96b1-e4b3521221b7
2026-05-01 16:10:44 | INFO | [FIRESTORE] First message: False
2026-05-01 16:10:45 | INFO | [FIRESTORE] ✅ Message saved | doc_id=Ndh42nE06284ABSYzRSg
2026-05-01 16:10:45 | DEBUG | [FIRESTORE] Updated metadata for 431fff88-549d-46bb-96b1-e4b3521221b7__a1b2c3d4-0001-0000-0000-000000000001__1777638138644
2026-05-01 16:17:49 | INFO | [FIRESTORE] 📋 Getting user conversations | user=431fff88-549d-46bb-96b1-e4b3521221b7 | tenant=a1b2c3d4-0001-0000-0000-000000000001
2026-05-01 16:17:53 | INFO | [FIRESTORE] ✅ Found 5 conversations for user 431fff88-549d-46bb-96b1-e4b3521221b7
2026-05-01 16:17:54 | INFO | [FIRESTORE] 📖 Getting history | session=431fff88-549d-46bb-96b1-e4b3521221b7__a1b2c3d4-0001-0000-0000-000000000001__1777638138644 | tenant=a1b2c3d4-0001-0000-0000-000000000001
2026-05-01 16:17:54 | INFO | [FIRESTORE] ✅ Retrieved 50 messages
2026-05-01 16:18:04 | INFO | [FIRESTORE] 💾 Saving message | session=431fff88-549d-46bb-96b1-e4b3521221b7__a1b2c3d4-0001-0000-0000-000000000001__1777638138644 | tenant=a1b2c3d4-0001-0000-0000-000000000001 | user=431fff88-549d-46bb-96b1-e4b3521221b7
2026-05-01 16:18:04 | INFO | [FIRESTORE] First message: False
2026-05-01 16:18:04 | INFO | [FIRESTORE] ✅ Message saved | doc_id=mXfKLKWxqomTricDMMv3
2026-05-01 16:18:04 | DEBUG | [FIRESTORE] Updated metadata for 431fff88-549d-46bb-96b1-e4b3521221b7__a1b2c3d4-0001-0000-0000-000000000001__1777638138644
2026-05-01 16:18:22 | INFO | [FIRESTORE] 💾 Saving message | session=431fff88-549d-46bb-96b1-e4b3521221b7__a1b2c3d4-0001-0000-0000-000000000001__1777638138644 | tenant=a1b2c3d4-0001-0000-0000-000000000001 | user=431fff88-549d-46bb-96b1-e4b3521221b7
2026-05-01 16:18:22 | INFO | [FIRESTORE] First message: False
2026-05-01 16:18:22 | INFO | [FIRESTORE] ✅ Message saved | doc_id=dFxYktqzZLkCSfWREx4S
2026-05-01 16:18:22 | DEBUG | [FIRESTORE] Updated metadata for 431fff88-549d-46bb-96b1-e4b3521221b7__a1b2c3d4-0001-0000-0000-000000000001__1777638138644
2026-05-01 16:19:59 | INFO | [FIRESTORE] 📋 Getting user conversations | user=431fff88-549d-46bb-96b1-e4b3521221b7 | tenant=a1b2c3d4-0001-0000-0000-000000000001
2026-05-01 16:20:04 | INFO | [FIRESTORE] ✅ Found 5 conversations for user 431fff88-549d-46bb-96b1-e4b3521221b7
2026-05-01 16:20:04 | INFO | [FIRESTORE] 📖 Getting history | session=431fff88-549d-46bb-96b1-e4b3521221b7__a1b2c3d4-0001-0000-0000-000000000001__1777638138644 | tenant=a1b2c3d4-0001-0000-0000-000000000001
2026-05-01 16:20:04 | INFO | [FIRESTORE] ✅ Retrieved 50 messages
2026-05-01 16:20:40 | INFO | [FIRESTORE] 💾 Saving message | session=431fff88-549d-46bb-96b1-e4b3521221b7__a1b2c3d4-0001-0000-0000-000000000001__1777638138644 | tenant=a1b2c3d4-0001-0000-0000-000000000001 | user=431fff88-549d-46bb-96b1-e4b3521221b7
2026-05-01 16:20:40 | INFO | [FIRESTORE] First message: False
2026-05-01 16:20:40 | INFO | [FIRESTORE] ✅ Message saved | doc_id=VFrCjdEF7DkVAPOqUS1n
2026-05-01 16:20:40 | DEBUG | [FIRESTORE] Updated metadata for 431fff88-549d-46bb-96b1-e4b3521221b7__a1b2c3d4-0001-0000-0000-000000000001__1777638138644
2026-05-01 16:21:40 | INFO | [FIRESTORE] 💾 Saving message | session=431fff88-549d-46bb-96b1-e4b3521221b7__a1b2c3d4-0001-0000-0000-000000000001__1777638138644 | tenant=a1b2c3d4-0001-0000-0000-000000000001 | user=431fff88-549d-46bb-96b1-e4b3521221b7
2026-05-01 16:21:41 | INFO | [FIRESTORE] First message: False
2026-05-01 16:21:41 | INFO | [FIRESTORE] ✅ Message saved | doc_id=U5EhJiXYdp8QJvKgo1yR
2026-05-01 16:21:41 | DEBUG | [FIRESTORE] Updated metadata for 431fff88-549d-46bb-96b1-e4b3521221b7__a1b2c3d4-0001-0000-0000-000000000001__1777638138644
2026-05-01 16:24:18 | INFO | [FIRESTORE] 📋 Getting user conversations | user=431fff88-549d-46bb-96b1-e4b3521221b7 | tenant=a1b2c3d4-0001-0000-0000-000000000001
2026-05-01 16:24:23 | INFO | [FIRESTORE] ✅ Found 5 conversations for user 431fff88-549d-46bb-96b1-e4b3521221b7
2026-05-01 16:24:23 | INFO | [FIRESTORE] 📖 Getting history | session=431fff88-549d-46bb-96b1-e4b3521221b7__a1b2c3d4-0001-0000-0000-000000000001__1777638138644 | tenant=a1b2c3d4-0001-0000-0000-000000000001
2026-05-01 16:24:24 | INFO | [FIRESTORE] ✅ Retrieved 50 messages
2026-05-01 16:25:23 | INFO | [FIRESTORE] 💾 Saving message | session=431fff88-549d-46bb-96b1-e4b3521221b7__a1b2c3d4-0001-0000-0000-000000000001__1777638138644 | tenant=a1b2c3d4-0001-0000-0000-000000000001 | user=431fff88-549d-46bb-96b1-e4b3521221b7
2026-05-01 16:25:23 | INFO | [FIRESTORE] First message: False
2026-05-01 16:25:24 | INFO | [FIRESTORE] ✅ Message saved | doc_id=lIIiUV71qckSRyXjHHRW
2026-05-01 16:25:24 | DEBUG | [FIRESTORE] Updated metadata for 431fff88-549d-46bb-96b1-e4b3521221b7__a1b2c3d4-0001-0000-0000-000000000001__1777638138644
2026-05-01 16:25:47 | INFO | [FIRESTORE] 📋 Getting user conversations | user=431fff88-549d-46bb-96b1-e4b3521221b7 | tenant=a1b2c3d4-0001-0000-0000-000000000001
2026-05-01 16:25:52 | INFO | [FIRESTORE] ✅ Found 5 conversations for user 431fff88-549d-46bb-96b1-e4b3521221b7
2026-05-01 16:25:52 | INFO | [FIRESTORE] 📖 Getting history | session=431fff88-549d-46bb-96b1-e4b3521221b7__a1b2c3d4-0001-0000-0000-000000000001__1777638138644 | tenant=a1b2c3d4-0001-0000-0000-000000000001
2026-05-01 16:25:52 | INFO | [FIRESTORE] ✅ Retrieved 50 messages
2026-05-01 16:26:40 | INFO | [FIRESTORE] 💾 Saving message | session=431fff88-549d-46bb-96b1-e4b3521221b7__a1b2c3d4-0001-0000-0000-000000000001__1777638138644 | tenant=a1b2c3d4-0001-0000-0000-000000000001 | user=431fff88-549d-46bb-96b1-e4b3521221b7
2026-05-01 16:26:40 | INFO | [FIRESTORE] First message: False
2026-05-01 16:26:40 | INFO | [FIRESTORE] ✅ Message saved | doc_id=RWbMJ77ipOIgaCUrRPMA
2026-05-01 16:26:40 | DEBUG | [FIRESTORE] Updated metadata for 431fff88-549d-46bb-96b1-e4b3521221b7__a1b2c3d4-0001-0000-0000-000000000001__1777638138644
2026-05-01 16:27:15 | INFO | [FIRESTORE] 💾 Saving message | session=431fff88-549d-46bb-96b1-e4b3521221b7__a1b2c3d4-0001-0000-0000-000000000001__1777638138644 | tenant=a1b2c3d4-0001-0000-0000-000000000001 | user=431fff88-549d-46bb-96b1-e4b3521221b7
2026-05-01 16:27:15 | INFO | [FIRESTORE] First message: False
2026-05-01 16:27:15 | INFO | [FIRESTORE] ✅ Message saved | doc_id=O7my4O0ktyq3XabSs9g9
2026-05-01 16:27:15 | DEBUG | [FIRESTORE] Updated metadata for 431fff88-549d-46bb-96b1-e4b3521221b7__a1b2c3d4-0001-0000-0000-000000000001__1777638138644
2026-05-01 16:27:27 | INFO | [FIRESTORE] 📋 Getting user conversations | user=431fff88-549d-46bb-96b1-e4b3521221b7 | tenant=a1b2c3d4-0001-0000-0000-000000000001
2026-05-01 16:27:31 | INFO | [FIRESTORE] ✅ Found 5 conversations for user 431fff88-549d-46bb-96b1-e4b3521221b7
2026-05-01 16:27:31 | INFO | [FIRESTORE] 📖 Getting history | session=431fff88-549d-46bb-96b1-e4b3521221b7__a1b2c3d4-0001-0000-0000-000000000001__1777638138644 | tenant=a1b2c3d4-0001-0000-0000-000000000001
2026-05-01 16:27:31 | INFO | [FIRESTORE] ✅ Retrieved 50 messages
2026-05-01 16:32:21 | INFO | [FIRESTORE] 📋 Getting user conversations | user=431fff88-549d-46bb-96b1-e4b3521221b7 | tenant=a1b2c3d4-0001-0000-0000-000000000001
2026-05-01 16:32:25 | INFO | [FIRESTORE] ✅ Found 5 conversations for user 431fff88-549d-46bb-96b1-e4b3521221b7
2026-05-01 16:33:54 | INFO | [FIRESTORE] 📋 Getting user conversations | user=431fff88-549d-46bb-96b1-e4b3521221b7 | tenant=a1b2c3d4-0001-0000-0000-000000000001
2026-05-01 16:33:58 | INFO | [FIRESTORE] ✅ Found 5 conversations for user 431fff88-549d-46bb-96b1-e4b3521221b7
2026-05-01 16:35:26 | INFO | [FIRESTORE] 📖 Getting history | session=431fff88-549d-46bb-96b1-e4b3521221b7__a1b2c3d4-0001-0000-0000-000000000001__1777638138644 | tenant=a1b2c3d4-0001-0000-0000-000000000001
2026-05-01 16:35:26 | INFO | [FIRESTORE] ✅ Retrieved 50 messages
2026-05-01 16:38:52 | INFO | [FIRESTORE] 🧹 Cleaning old anonymous conversations > 1h
2026-05-01 16:38:52 | INFO | [FIRESTORE] ✅ Cleanup complete: 0 messages, 0 sessions
2026-05-01 16:47:59 | INFO | [FIRESTORE] 💾 Saving message | session=431fff88-549d-46bb-96b1-e4b3521221b7__a1b2c3d4-0001-0000-0000-000000000001__1777638138644 | tenant=a1b2c3d4-0001-0000-0000-000000000001 | user=431fff88-549d-46bb-96b1-e4b3521221b7
2026-05-01 16:47:59 | INFO | [FIRESTORE] First message: False
2026-05-01 16:47:59 | INFO | [FIRESTORE] ✅ Message saved | doc_id=cyaDuzVsCFjkRecNTP6l
2026-05-01 16:47:59 | DEBUG | [FIRESTORE] Updated metadata for 431fff88-549d-46bb-96b1-e4b3521221b7__a1b2c3d4-0001-0000-0000-000000000001__1777638138644
2026-05-01 16:55:56 | INFO | ✅ FirestoreConversationService initialisé
2026-05-01 16:56:28 | INFO | [FIRESTORE] 📋 Getting user conversations | user=431fff88-549d-46bb-96b1-e4b3521221b7 | tenant=a1b2c3d4-0001-0000-0000-000000000001
2026-05-01 16:56:35 | INFO | [FIRESTORE] ✅ Found 5 conversations for user 431fff88-549d-46bb-96b1-e4b3521221b7
2026-05-01 16:56:35 | INFO | [FIRESTORE] 🧹 Cleaning old anonymous conversations > 1h
2026-05-01 16:56:35 | INFO | [FIRESTORE] ✅ Cleanup complete: 0 messages, 0 sessions
2026-05-01 16:56:35 | INFO | [FIRESTORE] 📖 Getting history | session=431fff88-549d-46bb-96b1-e4b3521221b7__a1b2c3d4-0001-0000-0000-000000000001__1777638138644 | tenant=a1b2c3d4-0001-0000-0000-000000000001
2026-05-01 16:56:35 | INFO | [FIRESTORE] ✅ Retrieved 50 messages
2026-05-01 16:58:03 | INFO | [FIRESTORE] 💾 Saving message | session=431fff88-549d-46bb-96b1-e4b3521221b7__a1b2c3d4-0001-0000-0000-000000000001__1777638138644 | tenant=a1b2c3d4-0001-0000-0000-000000000001 | user=431fff88-549d-46bb-96b1-e4b3521221b7
2026-05-01 16:58:03 | INFO | [FIRESTORE] First message: False
2026-05-01 16:58:03 | INFO | [FIRESTORE] ✅ Message saved | doc_id=BAXsoxJUHgNiDaWD2aL8
2026-05-01 16:58:03 | DEBUG | [FIRESTORE] Updated metadata for 431fff88-549d-46bb-96b1-e4b3521221b7__a1b2c3d4-0001-0000-0000-000000000001__1777638138644
2026-05-01 17:01:37 | INFO | [FIRESTORE] 📋 Getting user conversations | user=431fff88-549d-46bb-96b1-e4b3521221b7 | tenant=a1b2c3d4-0001-0000-0000-000000000001
2026-05-01 17:01:42 | INFO | [FIRESTORE] ✅ Found 5 conversations for user 431fff88-549d-46bb-96b1-e4b3521221b7
2026-05-01 17:01:42 | INFO | [FIRESTORE] 📖 Getting history | session=431fff88-549d-46bb-96b1-e4b3521221b7__a1b2c3d4-0001-0000-0000-000000000001__1777638138644 | tenant=a1b2c3d4-0001-0000-0000-000000000001
2026-05-01 17:01:42 | INFO | [FIRESTORE] ✅ Retrieved 50 messages
2026-05-01 17:02:57 | INFO | [FIRESTORE] 💾 Saving message | session=431fff88-549d-46bb-96b1-e4b3521221b7__a1b2c3d4-0001-0000-0000-000000000001__1777638138644 | tenant=a1b2c3d4-0001-0000-0000-000000000001 | user=431fff88-549d-46bb-96b1-e4b3521221b7
2026-05-01 17:02:57 | INFO | [FIRESTORE] First message: False
2026-05-01 17:02:57 | INFO | [FIRESTORE] ✅ Message saved | doc_id=7IStF6EIWBLut7xp0Vnj
2026-05-01 17:02:57 | DEBUG | [FIRESTORE] Updated metadata for 431fff88-549d-46bb-96b1-e4b3521221b7__a1b2c3d4-0001-0000-0000-000000000001__1777638138644
2026-05-01 17:04:23 | INFO | ✅ FirestoreConversationService initialisé
2026-05-01 17:04:51 | INFO | [FIRESTORE] 🧹 Cleaning old anonymous conversations > 1h
2026-05-01 17:04:53 | INFO | [FIRESTORE] ✅ Cleanup complete: 0 messages, 0 sessions
2026-05-01 17:07:30 | INFO | ✅ FirestoreConversationService initialisé
2026-05-01 17:07:54 | INFO | [FIRESTORE] 🧹 Cleaning old anonymous conversations > 1h
2026-05-01 17:07:55 | INFO | [FIRESTORE] ✅ Cleanup complete: 0 messages, 0 sessions
2026-05-01 17:12:16 | INFO | [FIRESTORE] 📋 Getting user conversations | user=431fff88-549d-46bb-96b1-e4b3521221b7 | tenant=a1b2c3d4-0001-0000-0000-000000000001
2026-05-01 17:12:21 | INFO | [FIRESTORE] ✅ Found 5 conversations for user 431fff88-549d-46bb-96b1-e4b3521221b7
2026-05-01 17:12:21 | INFO | [FIRESTORE] 📖 Getting history | session=431fff88-549d-46bb-96b1-e4b3521221b7__a1b2c3d4-0001-0000-0000-000000000001__1777638138644 | tenant=a1b2c3d4-0001-0000-0000-000000000001
2026-05-01 17:12:21 | INFO | [FIRESTORE] ✅ Retrieved 50 messages
2026-05-01 17:13:02 | INFO | ✅ FirestoreConversationService initialisé
2026-05-01 17:13:25 | INFO | ✅ FirestoreConversationService initialisé
2026-05-01 17:14:11 | INFO | [FIRESTORE] 🧹 Cleaning old anonymous conversations > 1h
2026-05-01 17:14:13 | INFO | [FIRESTORE] ✅ Cleanup complete: 0 messages, 0 sessions
2026-05-01 17:14:33 | INFO | [FIRESTORE] 💾 Saving message | session=431fff88-549d-46bb-96b1-e4b3521221b7__a1b2c3d4-0001-0000-0000-000000000001__1777638138644 | tenant=a1b2c3d4-0001-0000-0000-000000000001 | user=431fff88-549d-46bb-96b1-e4b3521221b7
2026-05-01 17:14:33 | INFO | [FIRESTORE] First message: False
2026-05-01 17:14:33 | INFO | [FIRESTORE] ✅ Message saved | doc_id=pNZh8Xa82nFKcXBjmn5o
2026-05-01 17:14:33 | DEBUG | [FIRESTORE] Updated metadata for 431fff88-549d-46bb-96b1-e4b3521221b7__a1b2c3d4-0001-0000-0000-000000000001__1777638138644
2026-05-01 17:15:42 | INFO | [FIRESTORE] 💾 Saving message | session=431fff88-549d-46bb-96b1-e4b3521221b7__a1b2c3d4-0001-0000-0000-000000000001__1777638138644 | tenant=a1b2c3d4-0001-0000-0000-000000000001 | user=431fff88-549d-46bb-96b1-e4b3521221b7
2026-05-01 17:15:42 | INFO | [FIRESTORE] First message: False
2026-05-01 17:15:43 | INFO | [FIRESTORE] ✅ Message saved | doc_id=WhOMgn9pCXQ1jZ8QjMzd
2026-05-01 17:15:43 | DEBUG | [FIRESTORE] Updated metadata for 431fff88-549d-46bb-96b1-e4b3521221b7__a1b2c3d4-0001-0000-0000-000000000001__1777638138644
2026-05-01 17:16:31 | INFO | [FIRESTORE] 📋 Getting user conversations | user=431fff88-549d-46bb-96b1-e4b3521221b7 | tenant=a1b2c3d4-0001-0000-0000-000000000001
2026-05-01 17:16:36 | INFO | [FIRESTORE] ✅ Found 5 conversations for user 431fff88-549d-46bb-96b1-e4b3521221b7
2026-05-01 17:16:36 | INFO | [FIRESTORE] 📖 Getting history | session=431fff88-549d-46bb-96b1-e4b3521221b7__a1b2c3d4-0001-0000-0000-000000000001__1777638138644 | tenant=a1b2c3d4-0001-0000-0000-000000000001
2026-05-01 17:16:36 | INFO | [FIRESTORE] ✅ Retrieved 50 messages
2026-05-01 17:16:49 | INFO | [FIRESTORE] 💾 Saving message | session=431fff88-549d-46bb-96b1-e4b3521221b7__a1b2c3d4-0001-0000-0000-000000000001__1777638138644 | tenant=a1b2c3d4-0001-0000-0000-000000000001 | user=431fff88-549d-46bb-96b1-e4b3521221b7
2026-05-01 17:16:49 | INFO | [FIRESTORE] First message: False
2026-05-01 17:16:49 | INFO | [FIRESTORE] ✅ Message saved | doc_id=olCN0FwYwQP93CvqItAZ
2026-05-01 17:16:49 | DEBUG | [FIRESTORE] Updated metadata for 431fff88-549d-46bb-96b1-e4b3521221b7__a1b2c3d4-0001-0000-0000-000000000001__1777638138644
2026-05-01 17:17:36 | INFO | [FIRESTORE] 📋 Getting user conversations | user=431fff88-549d-46bb-96b1-e4b3521221b7 | tenant=a1b2c3d4-0001-0000-0000-000000000001
2026-05-01 17:17:40 | INFO | [FIRESTORE] ✅ Found 5 conversations for user 431fff88-549d-46bb-96b1-e4b3521221b7
2026-05-01 17:17:40 | INFO | [FIRESTORE] 📖 Getting history | session=431fff88-549d-46bb-96b1-e4b3521221b7__a1b2c3d4-0001-0000-0000-000000000001__1777638138644 | tenant=a1b2c3d4-0001-0000-0000-000000000001
2026-05-01 17:17:40 | INFO | [FIRESTORE] ✅ Retrieved 50 messages
2026-05-01 17:17:52 | INFO | [FIRESTORE] 💾 Saving message | session=431fff88-549d-46bb-96b1-e4b3521221b7__a1b2c3d4-0001-0000-0000-000000000001__1777652262338 | tenant=a1b2c3d4-0001-0000-0000-000000000001 | user=431fff88-549d-46bb-96b1-e4b3521221b7
2026-05-01 17:17:52 | INFO | [FIRESTORE] First message: True
2026-05-01 17:17:52 | INFO | [FIRESTORE] ✅ Message saved | doc_id=C7WwsWvVdP9NJrjaMKRe
2026-05-01 17:17:52 | INFO | [FIRESTORE] ✅ Session metadata created for 431fff88-549d-46bb-96b1-e4b3521221b7__a1b2c3d4-0001-0000-0000-000000000001__1777652262338
2026-05-01 17:18:14 | INFO | [FIRESTORE] 💾 Saving message | session=431fff88-549d-46bb-96b1-e4b3521221b7__a1b2c3d4-0001-0000-0000-000000000001__1777652262338 | tenant=a1b2c3d4-0001-0000-0000-000000000001 | user=431fff88-549d-46bb-96b1-e4b3521221b7
2026-05-01 17:18:14 | INFO | [FIRESTORE] First message: False
2026-05-01 17:18:14 | INFO | [FIRESTORE] ✅ Message saved | doc_id=7puqHhY2BHBCTuJD0xKb
2026-05-01 17:18:14 | DEBUG | [FIRESTORE] Updated metadata for 431fff88-549d-46bb-96b1-e4b3521221b7__a1b2c3d4-0001-0000-0000-000000000001__1777652262338
2026-05-01 17:18:20 | INFO | [FIRESTORE] 📖 Getting history | session=431fff88-549d-46bb-96b1-e4b3521221b7__a1b2c3d4-0001-0000-0000-000000000001__1777652262338 | tenant=a1b2c3d4-0001-0000-0000-000000000001
2026-05-01 17:18:20 | INFO | [FIRESTORE] ✅ Retrieved 2 messages
2026-05-01 17:18:20 | INFO | [FIRESTORE] 📋 Getting user conversations | user=431fff88-549d-46bb-96b1-e4b3521221b7 | tenant=a1b2c3d4-0001-0000-0000-000000000001
2026-05-01 17:18:25 | INFO | [FIRESTORE] ✅ Found 6 conversations for user 431fff88-549d-46bb-96b1-e4b3521221b7
2026-05-01 17:19:17 | INFO | [FIRESTORE] 💾 Saving message | session=431fff88-549d-46bb-96b1-e4b3521221b7__a1b2c3d4-0001-0000-0000-000000000001__1777652262338 | tenant=a1b2c3d4-0001-0000-0000-000000000001 | user=431fff88-549d-46bb-96b1-e4b3521221b7
2026-05-01 17:19:17 | INFO | [FIRESTORE] First message: False
2026-05-01 17:19:17 | INFO | [FIRESTORE] ✅ Message saved | doc_id=9S1HcWXkBRXIv1nUcqYB
2026-05-01 17:19:17 | DEBUG | [FIRESTORE] Updated metadata for 431fff88-549d-46bb-96b1-e4b3521221b7__a1b2c3d4-0001-0000-0000-000000000001__1777652262338
2026-05-01 17:24:37 | INFO | [FIRESTORE] 📋 Getting user conversations | user=431fff88-549d-46bb-96b1-e4b3521221b7 | tenant=a1b2c3d4-0001-0000-0000-000000000001
2026-05-01 17:24:42 | INFO | [FIRESTORE] ✅ Found 6 conversations for user 431fff88-549d-46bb-96b1-e4b3521221b7
2026-05-01 17:24:42 | INFO | [FIRESTORE] 📖 Getting history | session=431fff88-549d-46bb-96b1-e4b3521221b7__a1b2c3d4-0001-0000-0000-000000000001__1777652262338 | tenant=a1b2c3d4-0001-0000-0000-000000000001
2026-05-01 17:24:42 | INFO | [FIRESTORE] ✅ Retrieved 3 messages
2026-05-01 17:24:47 | INFO | [FIRESTORE] 📋 Getting user conversations | user=431fff88-549d-46bb-96b1-e4b3521221b7 | tenant=a1b2c3d4-0001-0000-0000-000000000001
2026-05-01 17:24:52 | INFO | [FIRESTORE] ✅ Found 6 conversations for user 431fff88-549d-46bb-96b1-e4b3521221b7
2026-05-01 17:24:54 | INFO | [FIRESTORE] 📖 Getting history | session=431fff88-549d-46bb-96b1-e4b3521221b7__a1b2c3d4-0001-0000-0000-000000000001__1777652262338 | tenant=a1b2c3d4-0001-0000-0000-000000000001
2026-05-01 17:24:54 | INFO | [FIRESTORE] ✅ Retrieved 3 messages
2026-05-01 17:25:03 | INFO | [FIRESTORE] 💾 Saving message | session=431fff88-549d-46bb-96b1-e4b3521221b7__a1b2c3d4-0001-0000-0000-000000000001__1777652262338 | tenant=a1b2c3d4-0001-0000-0000-000000000001 | user=431fff88-549d-46bb-96b1-e4b3521221b7
2026-05-01 17:25:03 | INFO | [FIRESTORE] First message: False
2026-05-01 17:25:03 | INFO | [FIRESTORE] ✅ Message saved | doc_id=YLffeA7iXiZB1QrR2n9a
2026-05-01 17:25:03 | DEBUG | [FIRESTORE] Updated metadata for 431fff88-549d-46bb-96b1-e4b3521221b7__a1b2c3d4-0001-0000-0000-000000000001__1777652262338
2026-05-01 17:26:26 | INFO | ✅ FirestoreConversationService initialisé
2026-05-01 17:26:56 | INFO | [FIRESTORE] 🧹 Cleaning old anonymous conversations > 1h
2026-05-01 17:26:57 | INFO | [FIRESTORE] ✅ Cleanup complete: 0 messages, 0 sessions
2026-05-01 17:26:59 | INFO | [FIRESTORE] 📋 Getting user conversations | user=431fff88-549d-46bb-96b1-e4b3521221b7 | tenant=a1b2c3d4-0001-0000-0000-000000000001
2026-05-01 17:27:04 | INFO | [FIRESTORE] ✅ Found 6 conversations for user 431fff88-549d-46bb-96b1-e4b3521221b7
2026-05-01 17:27:06 | INFO | [FIRESTORE] 📖 Getting history | session=431fff88-549d-46bb-96b1-e4b3521221b7__a1b2c3d4-0001-0000-0000-000000000001__1777652262338 | tenant=a1b2c3d4-0001-0000-0000-000000000001
2026-05-01 17:27:07 | INFO | [FIRESTORE] ✅ Retrieved 4 messages
2026-05-01 17:28:24 | INFO | [FIRESTORE] 💾 Saving message | session=431fff88-549d-46bb-96b1-e4b3521221b7__a1b2c3d4-0001-0000-0000-000000000001__1777652262338 | tenant=a1b2c3d4-0001-0000-0000-000000000001 | user=431fff88-549d-46bb-96b1-e4b3521221b7
2026-05-01 17:28:24 | INFO | [FIRESTORE] First message: False
2026-05-01 17:28:24 | INFO | [FIRESTORE] ✅ Message saved | doc_id=ciBduiIEB4SfMyZoDK44
2026-05-01 17:28:24 | DEBUG | [FIRESTORE] Updated metadata for 431fff88-549d-46bb-96b1-e4b3521221b7__a1b2c3d4-0001-0000-0000-000000000001__1777652262338
2026-05-01 17:31:10 | INFO | [FIRESTORE] 📋 Getting user conversations | user=431fff88-549d-46bb-96b1-e4b3521221b7 | tenant=a1b2c3d4-0001-0000-0000-000000000001
2026-05-01 17:31:15 | INFO | [FIRESTORE] ✅ Found 6 conversations for user 431fff88-549d-46bb-96b1-e4b3521221b7
2026-05-01 17:31:15 | INFO | [FIRESTORE] 📖 Getting history | session=431fff88-549d-46bb-96b1-e4b3521221b7__a1b2c3d4-0001-0000-0000-000000000001__1777652262338 | tenant=a1b2c3d4-0001-0000-0000-000000000001
2026-05-01 17:31:15 | INFO | [FIRESTORE] ✅ Retrieved 5 messages
2026-05-01 17:31:26 | INFO | [FIRESTORE] 📋 Getting user conversations | user=431fff88-549d-46bb-96b1-e4b3521221b7 | tenant=a1b2c3d4-0001-0000-0000-000000000001
2026-05-01 17:31:30 | INFO | [FIRESTORE] ✅ Found 6 conversations for user 431fff88-549d-46bb-96b1-e4b3521221b7
2026-05-01 17:31:34 | INFO | [FIRESTORE] 📖 Getting history | session=431fff88-549d-46bb-96b1-e4b3521221b7__a1b2c3d4-0001-0000-0000-000000000001__1777652262338 | tenant=a1b2c3d4-0001-0000-0000-000000000001
2026-05-01 17:31:34 | INFO | [FIRESTORE] ✅ Retrieved 5 messages
2026-05-01 17:31:47 | INFO | [FIRESTORE] 💾 Saving message | session=431fff88-549d-46bb-96b1-e4b3521221b7__a1b2c3d4-0001-0000-0000-000000000001__1777652262338 | tenant=a1b2c3d4-0001-0000-0000-000000000001 | user=431fff88-549d-46bb-96b1-e4b3521221b7
2026-05-01 17:31:47 | INFO | [FIRESTORE] First message: False
2026-05-01 17:31:47 | INFO | [FIRESTORE] ✅ Message saved | doc_id=tPiySgYRZL1OeAgi2gWV
2026-05-01 17:31:47 | DEBUG | [FIRESTORE] Updated metadata for 431fff88-549d-46bb-96b1-e4b3521221b7__a1b2c3d4-0001-0000-0000-000000000001__1777652262338
2026-05-01 17:37:03 | INFO | [FIRESTORE] 📋 Getting user conversations | user=431fff88-549d-46bb-96b1-e4b3521221b7 | tenant=a1b2c3d4-0001-0000-0000-000000000001
2026-05-01 17:37:09 | INFO | [FIRESTORE] ✅ Found 6 conversations for user 431fff88-549d-46bb-96b1-e4b3521221b7
2026-05-01 17:37:09 | INFO | [FIRESTORE] 📖 Getting history | session=431fff88-549d-46bb-96b1-e4b3521221b7__a1b2c3d4-0001-0000-0000-000000000001__1777652262338 | tenant=a1b2c3d4-0001-0000-0000-000000000001
2026-05-01 17:37:09 | INFO | [FIRESTORE] ✅ Retrieved 6 messages
2026-05-01 17:37:12 | INFO | [FIRESTORE] 📋 Getting user conversations | user=431fff88-549d-46bb-96b1-e4b3521221b7 | tenant=a1b2c3d4-0001-0000-0000-000000000001
2026-05-01 17:37:17 | INFO | [FIRESTORE] ✅ Found 6 conversations for user 431fff88-549d-46bb-96b1-e4b3521221b7
2026-05-01 17:37:23 | INFO | [FIRESTORE] 📖 Getting history | session=431fff88-549d-46bb-96b1-e4b3521221b7__a1b2c3d4-0001-0000-0000-000000000001__1777652262338 | tenant=a1b2c3d4-0001-0000-0000-000000000001
2026-05-01 17:37:23 | INFO | [FIRESTORE] ✅ Retrieved 6 messages
2026-05-01 17:37:31 | INFO | [FIRESTORE] 💾 Saving message | session=431fff88-549d-46bb-96b1-e4b3521221b7__a1b2c3d4-0001-0000-0000-000000000001__1777652262338 | tenant=a1b2c3d4-0001-0000-0000-000000000001 | user=431fff88-549d-46bb-96b1-e4b3521221b7
2026-05-01 17:37:31 | INFO | [FIRESTORE] First message: False
2026-05-01 17:37:31 | INFO | [FIRESTORE] ✅ Message saved | doc_id=PqqNItnTYyWFZxrbxCwp
2026-05-01 17:37:31 | DEBUG | [FIRESTORE] Updated metadata for 431fff88-549d-46bb-96b1-e4b3521221b7__a1b2c3d4-0001-0000-0000-000000000001__1777652262338
2026-05-01 17:37:41 | INFO | [FIRESTORE] 📖 Getting history | session=431fff88-549d-46bb-96b1-e4b3521221b7__a1b2c3d4-0001-0000-0000-000000000001__1777652262338 | tenant=a1b2c3d4-0001-0000-0000-000000000001
2026-05-01 17:37:41 | INFO | [FIRESTORE] ✅ Retrieved 7 messages
2026-05-01 17:37:41 | INFO | [FIRESTORE] 📋 Getting user conversations | user=431fff88-549d-46bb-96b1-e4b3521221b7 | tenant=a1b2c3d4-0001-0000-0000-000000000001
2026-05-01 17:37:46 | INFO | [FIRESTORE] ✅ Found 6 conversations for user 431fff88-549d-46bb-96b1-e4b3521221b7
2026-05-01 17:38:07 | INFO | [FIRESTORE] 💾 Saving message | session=431fff88-549d-46bb-96b1-e4b3521221b7__a1b2c3d4-0001-0000-0000-000000000001__1777652262338 | tenant=a1b2c3d4-0001-0000-0000-000000000001 | user=431fff88-549d-46bb-96b1-e4b3521221b7
2026-05-01 17:38:07 | INFO | [FIRESTORE] First message: False
2026-05-01 17:38:08 | INFO | [FIRESTORE] ✅ Message saved | doc_id=BtqT0M34iFSrg38Ofgqh
2026-05-01 17:38:08 | DEBUG | [FIRESTORE] Updated metadata for 431fff88-549d-46bb-96b1-e4b3521221b7__a1b2c3d4-0001-0000-0000-000000000001__1777652262338
2026-05-01 17:39:08 | INFO | [FIRESTORE] 💾 Saving message | session=431fff88-549d-46bb-96b1-e4b3521221b7__a1b2c3d4-0001-0000-0000-000000000001__1777652262338 | tenant=a1b2c3d4-0001-0000-0000-000000000001 | user=431fff88-549d-46bb-96b1-e4b3521221b7
2026-05-01 17:39:08 | INFO | [FIRESTORE] First message: False
2026-05-01 17:39:09 | INFO | [FIRESTORE] ✅ Message saved | doc_id=5IkTReTiKLEvD3WNad0L
2026-05-01 17:39:09 | DEBUG | [FIRESTORE] Updated metadata for 431fff88-549d-46bb-96b1-e4b3521221b7__a1b2c3d4-0001-0000-0000-000000000001__1777652262338
2026-05-01 17:51:35 | INFO | [FIRESTORE] 📖 Getting history | session=431fff88-549d-46bb-96b1-e4b3521221b7__a1b2c3d4-0001-0000-0000-000000000001__1777652262338 | tenant=a1b2c3d4-0001-0000-0000-000000000001
2026-05-01 17:51:35 | INFO | [FIRESTORE] ✅ Retrieved 9 messages
2026-05-01 17:51:35 | INFO | [FIRESTORE] 📋 Getting user conversations | user=431fff88-549d-46bb-96b1-e4b3521221b7 | tenant=a1b2c3d4-0001-0000-0000-000000000001
2026-05-01 17:51:40 | INFO | [FIRESTORE] ✅ Found 6 conversations for user 431fff88-549d-46bb-96b1-e4b3521221b7
2026-05-01 17:56:51 | INFO | [FIRESTORE] 🧹 Cleaning old anonymous conversations > 1h
2026-05-01 17:56:52 | INFO | [FIRESTORE] ✅ Cleanup complete: 0 messages, 0 sessions
2026-05-01 18:26:51 | INFO | [FIRESTORE] 🧹 Cleaning old anonymous conversations > 1h
2026-05-01 18:26:52 | INFO | [FIRESTORE] ✅ Cleanup complete: 0 messages, 0 sessions
2026-05-01 18:56:51 | INFO | [FIRESTORE] 🧹 Cleaning old anonymous conversations > 1h
2026-05-01 18:56:52 | INFO | [FIRESTORE] ✅ Cleanup complete: 0 messages, 0 sessions
2026-05-01 19:12:21 | INFO | [FIRESTORE] 💾 Saving message | session=431fff88-549d-46bb-96b1-e4b3521221b7__a1b2c3d4-0001-0000-0000-000000000001__1777652262338 | tenant=a1b2c3d4-0001-0000-0000-000000000001 | user=431fff88-549d-46bb-96b1-e4b3521221b7
2026-05-01 19:12:21 | INFO | [FIRESTORE] First message: False
2026-05-01 19:12:21 | INFO | [FIRESTORE] ✅ Message saved | doc_id=hKTUDjYqmcS85l4UI3yz
2026-05-01 19:12:21 | DEBUG | [FIRESTORE] Updated metadata for 431fff88-549d-46bb-96b1-e4b3521221b7__a1b2c3d4-0001-0000-0000-000000000001__1777652262338
2026-05-01 19:12:29 | INFO | [FIRESTORE] 📋 Getting user conversations | user=431fff88-549d-46bb-96b1-e4b3521221b7 | tenant=a1b2c3d4-0001-0000-0000-000000000001
2026-05-01 19:12:34 | INFO | [FIRESTORE] ✅ Found 6 conversations for user 431fff88-549d-46bb-96b1-e4b3521221b7
2026-05-01 19:12:35 | INFO | [FIRESTORE] 📖 Getting history | session=431fff88-549d-46bb-96b1-e4b3521221b7__a1b2c3d4-0001-0000-0000-000000000001__1777652262338 | tenant=a1b2c3d4-0001-0000-0000-000000000001
2026-05-01 19:12:35 | INFO | [FIRESTORE] ✅ Retrieved 10 messages
2026-05-01 19:13:03 | INFO | [FIRESTORE] 📋 Getting user conversations | user=431fff88-549d-46bb-96b1-e4b3521221b7 | tenant=a1b2c3d4-0001-0000-0000-000000000001
2026-05-01 19:13:07 | INFO | [FIRESTORE] ✅ Found 6 conversations for user 431fff88-549d-46bb-96b1-e4b3521221b7
2026-05-01 19:21:47 | INFO | [FIRESTORE] 📋 Getting user conversations | user=431fff88-549d-46bb-96b1-e4b3521221b7 | tenant=a1b2c3d4-0001-0000-0000-000000000001
2026-05-01 19:21:52 | INFO | [FIRESTORE] ✅ Found 6 conversations for user 431fff88-549d-46bb-96b1-e4b3521221b7
2026-05-01 19:22:22 | INFO | [FIRESTORE] 📋 Getting user conversations | user=431fff88-549d-46bb-96b1-e4b3521221b7 | tenant=a1b2c3d4-0001-0000-0000-000000000001
2026-05-01 19:22:26 | INFO | [FIRESTORE] ✅ Found 6 conversations for user 431fff88-549d-46bb-96b1-e4b3521221b7
2026-05-01 19:23:02 | INFO | [FIRESTORE] 📋 Getting user conversations | user=431fff88-549d-46bb-96b1-e4b3521221b7 | tenant=a1b2c3d4-0001-0000-0000-000000000001
2026-05-01 19:23:08 | INFO | [FIRESTORE] ✅ Found 6 conversations for user 431fff88-549d-46bb-96b1-e4b3521221b7
2026-05-01 19:23:23 | INFO | [FIRESTORE] 📋 Getting user conversations | user=431fff88-549d-46bb-96b1-e4b3521221b7 | tenant=a1b2c3d4-0001-0000-0000-000000000001
2026-05-01 19:23:28 | INFO | [FIRESTORE] ✅ Found 6 conversations for user 431fff88-549d-46bb-96b1-e4b3521221b7
2026-05-01 19:23:50 | INFO | [FIRESTORE] 📋 Getting user conversations | user=431fff88-549d-46bb-96b1-e4b3521221b7 | tenant=a1b2c3d4-0001-0000-0000-000000000001
2026-05-01 19:23:54 | INFO | [FIRESTORE] ✅ Found 6 conversations for user 431fff88-549d-46bb-96b1-e4b3521221b7
2026-05-01 19:23:57 | INFO | [FIRESTORE] 📖 Getting history | session=431fff88-549d-46bb-96b1-e4b3521221b7__a1b2c3d4-0001-0000-0000-000000000001__1777652262338 | tenant=a1b2c3d4-0001-0000-0000-000000000001
2026-05-01 19:23:58 | INFO | [FIRESTORE] ✅ Retrieved 10 messages
2026-05-01 19:24:01 | INFO | [FIRESTORE] 📋 Getting user conversations | user=431fff88-549d-46bb-96b1-e4b3521221b7 | tenant=a1b2c3d4-0001-0000-0000-000000000001
2026-05-01 19:24:06 | INFO | [FIRESTORE] ✅ Found 6 conversations for user 431fff88-549d-46bb-96b1-e4b3521221b7
2026-05-01 19:24:06 | INFO | [FIRESTORE] 📖 Getting history | session=431fff88-549d-46bb-96b1-e4b3521221b7__a1b2c3d4-0001-0000-0000-000000000001__1777652262338 | tenant=a1b2c3d4-0001-0000-0000-000000000001
2026-05-01 19:24:06 | INFO | [FIRESTORE] ✅ Retrieved 10 messages
2026-05-01 19:24:20 | INFO | [FIRESTORE] 📋 Getting user conversations | user=431fff88-549d-46bb-96b1-e4b3521221b7 | tenant=a1b2c3d4-0001-0000-0000-000000000001
2026-05-01 19:24:24 | INFO | [FIRESTORE] ✅ Found 6 conversations for user 431fff88-549d-46bb-96b1-e4b3521221b7
2026-05-01 19:24:24 | INFO | [FIRESTORE] 📖 Getting history | session=431fff88-549d-46bb-96b1-e4b3521221b7__a1b2c3d4-0001-0000-0000-000000000001__1777652262338 | tenant=a1b2c3d4-0001-0000-0000-000000000001
2026-05-01 19:24:24 | INFO | [FIRESTORE] ✅ Retrieved 10 messages
2026-05-01 19:26:51 | INFO | [FIRESTORE] 🧹 Cleaning old anonymous conversations > 1h
2026-05-01 19:26:52 | INFO | [FIRESTORE] ✅ Cleanup complete: 0 messages, 0 sessions
2026-05-01 19:42:00 | INFO | ✅ FirestoreConversationService initialisé
2026-05-01 19:42:52 | INFO | ✅ FirestoreConversationService initialisé
2026-05-01 19:43:50 | INFO | [FIRESTORE] 🧹 Cleaning old anonymous conversations > 1h
2026-05-01 19:43:52 | INFO | [FIRESTORE] ✅ Cleanup complete: 0 messages, 0 sessions
2026-05-01 19:46:41 | INFO | ✅ FirestoreConversationService initialisé
2026-05-01 19:47:15 | INFO | [FIRESTORE] 🧹 Cleaning old anonymous conversations > 1h
2026-05-01 19:47:17 | INFO | [FIRESTORE] ✅ Cleanup complete: 0 messages, 0 sessions
2026-05-01 19:48:03 | INFO | ✅ FirestoreConversationService initialisé
2026-05-01 19:49:04 | INFO | ✅ FirestoreConversationService initialisé
2026-05-01 19:49:28 | INFO | [FIRESTORE] 📖 Getting history | session=431fff88-549d-46bb-96b1-e4b3521221b7__a1b2c3d4-0001-0000-0000-000000000001__1777652262338 | tenant=a1b2c3d4-0001-0000-0000-000000000001
2026-05-01 19:49:29 | INFO | [FIRESTORE] ✅ Retrieved 10 messages
2026-05-01 19:49:29 | INFO | [FIRESTORE] 📋 Getting user conversations | user=431fff88-549d-46bb-96b1-e4b3521221b7 | tenant=a1b2c3d4-0001-0000-0000-000000000001
2026-05-01 19:49:34 | INFO | [FIRESTORE] ✅ Found 6 conversations for user 431fff88-549d-46bb-96b1-e4b3521221b7
2026-05-01 19:49:34 | INFO | [FIRESTORE] 🧹 Cleaning old anonymous conversations > 1h
2026-05-01 19:49:34 | INFO | [FIRESTORE] ✅ Cleanup complete: 0 messages, 0 sessions
2026-05-01 19:50:09 | INFO | [FIRESTORE] 💾 Saving message | session=431fff88-549d-46bb-96b1-e4b3521221b7__a1b2c3d4-0001-0000-0000-000000000001__1777652262338 | tenant=a1b2c3d4-0001-0000-0000-000000000001 | user=431fff88-549d-46bb-96b1-e4b3521221b7
2026-05-01 19:50:09 | INFO | [FIRESTORE] First message: False
2026-05-01 19:50:09 | INFO | [FIRESTORE] ✅ Message saved | doc_id=IEVetrvrjm4lSvMEqpph
2026-05-01 19:50:09 | DEBUG | [FIRESTORE] Updated metadata for 431fff88-549d-46bb-96b1-e4b3521221b7__a1b2c3d4-0001-0000-0000-000000000001__1777652262338
2026-05-01 19:50:48 | INFO | [FIRESTORE] 💾 Saving message | session=431fff88-549d-46bb-96b1-e4b3521221b7__a1b2c3d4-0001-0000-0000-000000000001__1777652262338 | tenant=a1b2c3d4-0001-0000-0000-000000000001 | user=431fff88-549d-46bb-96b1-e4b3521221b7
2026-05-01 19:50:48 | INFO | [FIRESTORE] First message: False
2026-05-01 19:50:48 | INFO | [FIRESTORE] ✅ Message saved | doc_id=9BpFuuNRi68jkVjeUf3P
2026-05-01 19:50:48 | DEBUG | [FIRESTORE] Updated metadata for 431fff88-549d-46bb-96b1-e4b3521221b7__a1b2c3d4-0001-0000-0000-000000000001__1777652262338
2026-05-01 19:54:49 | INFO | ✅ FirestoreConversationService initialisé
2026-05-01 19:55:02 | INFO | [FIRESTORE] 📋 Getting user conversations | user=431fff88-549d-46bb-96b1-e4b3521221b7 | tenant=a1b2c3d4-0001-0000-0000-000000000001
2026-05-01 19:55:07 | INFO | [FIRESTORE] ✅ Found 6 conversations for user 431fff88-549d-46bb-96b1-e4b3521221b7
2026-05-01 19:55:07 | INFO | [FIRESTORE] 🧹 Cleaning old anonymous conversations > 1h
2026-05-01 19:55:08 | INFO | [FIRESTORE] ✅ Cleanup complete: 0 messages, 0 sessions
2026-05-01 19:55:08 | INFO | [FIRESTORE] 📖 Getting history | session=431fff88-549d-46bb-96b1-e4b3521221b7__a1b2c3d4-0001-0000-0000-000000000001__1777652262338 | tenant=a1b2c3d4-0001-0000-0000-000000000001
2026-05-01 19:55:08 | INFO | [FIRESTORE] ✅ Retrieved 12 messages
2026-05-01 19:56:18 | INFO | [FIRESTORE] 💾 Saving message | session=431fff88-549d-46bb-96b1-e4b3521221b7__a1b2c3d4-0001-0000-0000-000000000001__1777652262338 | tenant=a1b2c3d4-0001-0000-0000-000000000001 | user=431fff88-549d-46bb-96b1-e4b3521221b7
2026-05-01 19:56:19 | INFO | [FIRESTORE] First message: False
2026-05-01 19:56:19 | INFO | [FIRESTORE] ✅ Message saved | doc_id=gM3lFHoNXB7opcuCyBqT
2026-05-01 19:56:19 | DEBUG | [FIRESTORE] Updated metadata for 431fff88-549d-46bb-96b1-e4b3521221b7__a1b2c3d4-0001-0000-0000-000000000001__1777652262338
2026-05-01 19:56:47 | INFO | [FIRESTORE] 💾 Saving message | session=431fff88-549d-46bb-96b1-e4b3521221b7__a1b2c3d4-0001-0000-0000-000000000001__1777652262338 | tenant=a1b2c3d4-0001-0000-0000-000000000001 | user=431fff88-549d-46bb-96b1-e4b3521221b7
2026-05-01 19:56:47 | INFO | [FIRESTORE] First message: False
2026-05-01 19:56:47 | INFO | [FIRESTORE] ✅ Message saved | doc_id=sNqdBJzOA2WaBMNQYdlv
2026-05-01 19:56:47 | DEBUG | [FIRESTORE] Updated metadata for 431fff88-549d-46bb-96b1-e4b3521221b7__a1b2c3d4-0001-0000-0000-000000000001__1777652262338
2026-05-01 19:57:31 | INFO | [FIRESTORE] 💾 Saving message | session=431fff88-549d-46bb-96b1-e4b3521221b7__a1b2c3d4-0001-0000-0000-000000000001__1777652262338 | tenant=a1b2c3d4-0001-0000-0000-000000000001 | user=431fff88-549d-46bb-96b1-e4b3521221b7
2026-05-01 19:57:31 | INFO | [FIRESTORE] First message: False
2026-05-01 19:57:31 | INFO | [FIRESTORE] ✅ Message saved | doc_id=jlHuyBQK4FgHjH1T3mEF
2026-05-01 19:57:31 | DEBUG | [FIRESTORE] Updated metadata for 431fff88-549d-46bb-96b1-e4b3521221b7__a1b2c3d4-0001-0000-0000-000000000001__1777652262338
2026-05-01 20:00:57 | INFO | [FIRESTORE] 📋 Getting user conversations | user=431fff88-549d-46bb-96b1-e4b3521221b7 | tenant=a1b2c3d4-0001-0000-0000-000000000001
2026-05-01 20:01:02 | INFO | [FIRESTORE] ✅ Found 6 conversations for user 431fff88-549d-46bb-96b1-e4b3521221b7
2026-05-01 20:01:02 | INFO | [FIRESTORE] 📖 Getting history | session=431fff88-549d-46bb-96b1-e4b3521221b7__a1b2c3d4-0001-0000-0000-000000000001__1777652262338 | tenant=a1b2c3d4-0001-0000-0000-000000000001
2026-05-01 20:01:02 | INFO | [FIRESTORE] ✅ Retrieved 15 messages
2026-05-01 20:01:13 | INFO | [FIRESTORE] 💾 Saving message | session=431fff88-549d-46bb-96b1-e4b3521221b7__a1b2c3d4-0001-0000-0000-000000000001__1777652262338 | tenant=a1b2c3d4-0001-0000-0000-000000000001 | user=431fff88-549d-46bb-96b1-e4b3521221b7
2026-05-01 20:01:13 | INFO | [FIRESTORE] First message: False
2026-05-01 20:01:13 | INFO | [FIRESTORE] ✅ Message saved | doc_id=a4q6D6SCmlSRxdw7mAv8
2026-05-01 20:01:14 | DEBUG | [FIRESTORE] Updated metadata for 431fff88-549d-46bb-96b1-e4b3521221b7__a1b2c3d4-0001-0000-0000-000000000001__1777652262338
2026-05-01 20:02:23 | INFO | ✅ FirestoreConversationService initialisé
2026-05-01 20:04:25 | INFO | ✅ FirestoreConversationService initialisé
2026-05-01 20:06:22 | INFO | ✅ FirestoreConversationService initialisé
2026-05-01 20:06:48 | INFO | [FIRESTORE] 🧹 Cleaning old anonymous conversations > 1h
2026-05-01 20:06:50 | INFO | [FIRESTORE] ✅ Cleanup complete: 0 messages, 0 sessions
2026-05-01 20:08:51 | INFO | [FIRESTORE] 💾 Saving message | session=431fff88-549d-46bb-96b1-e4b3521221b7__a1b2c3d4-0001-0000-0000-000000000001__1777652262338 | tenant=a1b2c3d4-0001-0000-0000-000000000001 | user=431fff88-549d-46bb-96b1-e4b3521221b7
2026-05-01 20:08:51 | INFO | [FIRESTORE] First message: False
2026-05-01 20:08:51 | INFO | [FIRESTORE] ✅ Message saved | doc_id=TlvPZuRhgT7jTkXkoG3R
2026-05-01 20:08:51 | DEBUG | [FIRESTORE] Updated metadata for 431fff88-549d-46bb-96b1-e4b3521221b7__a1b2c3d4-0001-0000-0000-000000000001__1777652262338
2026-05-01 20:09:27 | INFO | [FIRESTORE] 📋 Getting user conversations | user=431fff88-549d-46bb-96b1-e4b3521221b7 | tenant=a1b2c3d4-0001-0000-0000-000000000001
2026-05-01 20:09:32 | INFO | [FIRESTORE] ✅ Found 6 conversations for user 431fff88-549d-46bb-96b1-e4b3521221b7
2026-05-01 20:09:32 | INFO | [FIRESTORE] 📖 Getting history | session=431fff88-549d-46bb-96b1-e4b3521221b7__a1b2c3d4-0001-0000-0000-000000000001__1777652262338 | tenant=a1b2c3d4-0001-0000-0000-000000000001
2026-05-01 20:09:32 | INFO | [FIRESTORE] ✅ Retrieved 17 messages
2026-05-01 20:09:52 | INFO | [FIRESTORE] 💾 Saving message | session=431fff88-549d-46bb-96b1-e4b3521221b7__a1b2c3d4-0001-0000-0000-000000000001__1777652262338 | tenant=a1b2c3d4-0001-0000-0000-000000000001 | user=431fff88-549d-46bb-96b1-e4b3521221b7
2026-05-01 20:09:52 | INFO | [FIRESTORE] First message: False
2026-05-01 20:09:52 | INFO | [FIRESTORE] ✅ Message saved | doc_id=o3RJ3cfBVWA3ytmTGIaL
2026-05-01 20:09:52 | DEBUG | [FIRESTORE] Updated metadata for 431fff88-549d-46bb-96b1-e4b3521221b7__a1b2c3d4-0001-0000-0000-000000000001__1777652262338
2026-05-01 20:14:01 | INFO | ✅ FirestoreConversationService initialisé
2026-05-01 20:14:19 | INFO | [FIRESTORE] 📋 Getting user conversations | user=431fff88-549d-46bb-96b1-e4b3521221b7 | tenant=a1b2c3d4-0001-0000-0000-000000000001
2026-05-01 20:14:25 | INFO | [FIRESTORE] ✅ Found 6 conversations for user 431fff88-549d-46bb-96b1-e4b3521221b7
2026-05-01 20:14:25 | INFO | [FIRESTORE] 🧹 Cleaning old anonymous conversations > 1h
2026-05-01 20:14:25 | INFO | [FIRESTORE] ✅ Cleanup complete: 0 messages, 0 sessions
2026-05-01 20:14:25 | INFO | [FIRESTORE] 📖 Getting history | session=431fff88-549d-46bb-96b1-e4b3521221b7__a1b2c3d4-0001-0000-0000-000000000001__1777652262338 | tenant=a1b2c3d4-0001-0000-0000-000000000001
2026-05-01 20:14:26 | INFO | [FIRESTORE] ✅ Retrieved 18 messages
2026-05-01 20:15:31 | INFO | [FIRESTORE] 💾 Saving message | session=431fff88-549d-46bb-96b1-e4b3521221b7__a1b2c3d4-0001-0000-0000-000000000001__1777652262338 | tenant=a1b2c3d4-0001-0000-0000-000000000001 | user=431fff88-549d-46bb-96b1-e4b3521221b7
2026-05-01 20:15:31 | INFO | [FIRESTORE] First message: False
2026-05-01 20:15:31 | INFO | [FIRESTORE] ✅ Message saved | doc_id=Gu0Ebl2VOtuH0vOBRHmv
2026-05-01 20:15:31 | DEBUG | [FIRESTORE] Updated metadata for 431fff88-549d-46bb-96b1-e4b3521221b7__a1b2c3d4-0001-0000-0000-000000000001__1777652262338
2026-05-01 20:15:51 | INFO | [FIRESTORE] 💾 Saving message | session=431fff88-549d-46bb-96b1-e4b3521221b7__a1b2c3d4-0001-0000-0000-000000000001__1777652262338 | tenant=a1b2c3d4-0001-0000-0000-000000000001 | user=431fff88-549d-46bb-96b1-e4b3521221b7
2026-05-01 20:15:51 | INFO | [FIRESTORE] First message: False
2026-05-01 20:15:52 | INFO | [FIRESTORE] ✅ Message saved | doc_id=OB6EX2DYrLtpI0KOFiZb
2026-05-01 20:15:52 | DEBUG | [FIRESTORE] Updated metadata for 431fff88-549d-46bb-96b1-e4b3521221b7__a1b2c3d4-0001-0000-0000-000000000001__1777652262338
2026-05-01 20:17:32 | INFO | [FIRESTORE] 💾 Saving message | session=431fff88-549d-46bb-96b1-e4b3521221b7__a1b2c3d4-0001-0000-0000-000000000001__1777652262338 | tenant=a1b2c3d4-0001-0000-0000-000000000001 | user=431fff88-549d-46bb-96b1-e4b3521221b7
2026-05-01 20:17:32 | INFO | [FIRESTORE] First message: False
2026-05-01 20:17:32 | INFO | [FIRESTORE] ✅ Message saved | doc_id=Ri7iZ6cpqTVOLB3J5RI8
2026-05-01 20:17:32 | DEBUG | [FIRESTORE] Updated metadata for 431fff88-549d-46bb-96b1-e4b3521221b7__a1b2c3d4-0001-0000-0000-000000000001__1777652262338
2026-05-01 20:18:31 | INFO | [FIRESTORE] 💾 Saving message | session=431fff88-549d-46bb-96b1-e4b3521221b7__a1b2c3d4-0001-0000-0000-000000000001__1777652262338 | tenant=a1b2c3d4-0001-0000-0000-000000000001 | user=431fff88-549d-46bb-96b1-e4b3521221b7
2026-05-01 20:18:31 | INFO | [FIRESTORE] First message: False
2026-05-01 20:18:31 | INFO | [FIRESTORE] ✅ Message saved | doc_id=ngtvp4fC6ffJpz36fuhf
2026-05-01 20:18:31 | DEBUG | [FIRESTORE] Updated metadata for 431fff88-549d-46bb-96b1-e4b3521221b7__a1b2c3d4-0001-0000-0000-000000000001__1777652262338
2026-05-01 20:19:21 | INFO | [FIRESTORE] 📋 Getting user conversations | user=431fff88-549d-46bb-96b1-e4b3521221b7 | tenant=a1b2c3d4-0001-0000-0000-000000000001
2026-05-01 20:19:26 | INFO | [FIRESTORE] ✅ Found 6 conversations for user 431fff88-549d-46bb-96b1-e4b3521221b7
2026-05-01 20:19:26 | INFO | [FIRESTORE] 📖 Getting history | session=431fff88-549d-46bb-96b1-e4b3521221b7__a1b2c3d4-0001-0000-0000-000000000001__1777652262338 | tenant=a1b2c3d4-0001-0000-0000-000000000001
2026-05-01 20:19:26 | INFO | [FIRESTORE] ✅ Retrieved 22 messages
2026-05-01 20:19:27 | INFO | [FIRESTORE] 📖 Getting history | session=431fff88-549d-46bb-96b1-e4b3521221b7__a1b2c3d4-0001-0000-0000-000000000001__1777652262338 | tenant=a1b2c3d4-0001-0000-0000-000000000001
2026-05-01 20:19:27 | INFO | [FIRESTORE] ✅ Retrieved 22 messages
2026-05-01 20:19:27 | INFO | [FIRESTORE] 📋 Getting user conversations | user=431fff88-549d-46bb-96b1-e4b3521221b7 | tenant=a1b2c3d4-0001-0000-0000-000000000001
2026-05-01 20:19:32 | INFO | [FIRESTORE] ✅ Found 6 conversations for user 431fff88-549d-46bb-96b1-e4b3521221b7
2026-05-01 20:19:44 | INFO | [FIRESTORE] 📖 Getting history | session=431fff88-549d-46bb-96b1-e4b3521221b7__a1b2c3d4-0001-0000-0000-000000000001__1777638138644 | tenant=a1b2c3d4-0001-0000-0000-000000000001
2026-05-01 20:19:45 | INFO | [FIRESTORE] ✅ Retrieved 50 messages
2026-05-01 20:20:02 | INFO | [FIRESTORE] 💾 Saving message | session=431fff88-549d-46bb-96b1-e4b3521221b7__a1b2c3d4-0001-0000-0000-000000000001__1777638138644 | tenant=a1b2c3d4-0001-0000-0000-000000000001 | user=431fff88-549d-46bb-96b1-e4b3521221b7
2026-05-01 20:20:02 | INFO | [FIRESTORE] First message: False
2026-05-01 20:20:02 | INFO | [FIRESTORE] ✅ Message saved | doc_id=QqvBUs0Woj1vvKznCld7
2026-05-01 20:20:02 | DEBUG | [FIRESTORE] Updated metadata for 431fff88-549d-46bb-96b1-e4b3521221b7__a1b2c3d4-0001-0000-0000-000000000001__1777638138644
2026-05-01 20:20:30 | INFO | [FIRESTORE] 💾 Saving message | session=431fff88-549d-46bb-96b1-e4b3521221b7__a1b2c3d4-0001-0000-0000-000000000001__1777638138644 | tenant=a1b2c3d4-0001-0000-0000-000000000001 | user=431fff88-549d-46bb-96b1-e4b3521221b7
2026-05-01 20:20:30 | INFO | [FIRESTORE] First message: False
2026-05-01 20:20:30 | INFO | [FIRESTORE] ✅ Message saved | doc_id=U24V2fVaGayhtCFCovhN
2026-05-01 20:20:30 | DEBUG | [FIRESTORE] Updated metadata for 431fff88-549d-46bb-96b1-e4b3521221b7__a1b2c3d4-0001-0000-0000-000000000001__1777638138644
2026-05-01 20:20:56 | INFO | [FIRESTORE] 💾 Saving message | session=431fff88-549d-46bb-96b1-e4b3521221b7__a1b2c3d4-0001-0000-0000-000000000001__1777638138644 | tenant=a1b2c3d4-0001-0000-0000-000000000001 | user=431fff88-549d-46bb-96b1-e4b3521221b7
2026-05-01 20:20:56 | INFO | [FIRESTORE] First message: False
2026-05-01 20:20:56 | INFO | [FIRESTORE] ✅ Message saved | doc_id=IZPpNExfmig40KyFK4iE
2026-05-01 20:20:56 | DEBUG | [FIRESTORE] Updated metadata for 431fff88-549d-46bb-96b1-e4b3521221b7__a1b2c3d4-0001-0000-0000-000000000001__1777638138644
2026-05-01 20:21:03 | INFO | [FIRESTORE] 📋 Getting user conversations | user=431fff88-549d-46bb-96b1-e4b3521221b7 | tenant=a1b2c3d4-0001-0000-0000-000000000001
2026-05-01 20:21:08 | INFO | [FIRESTORE] ✅ Found 6 conversations for user 431fff88-549d-46bb-96b1-e4b3521221b7
2026-05-01 20:21:08 | INFO | [FIRESTORE] 📖 Getting history | session=431fff88-549d-46bb-96b1-e4b3521221b7__a1b2c3d4-0001-0000-0000-000000000001__1777638138644 | tenant=a1b2c3d4-0001-0000-0000-000000000001
2026-05-01 20:21:08 | INFO | [FIRESTORE] ✅ Retrieved 50 messages
2026-05-01 20:21:16 | INFO | [FIRESTORE] 📖 Getting history | session=431fff88-549d-46bb-96b1-e4b3521221b7__a1b2c3d4-0001-0000-0000-000000000001__1777573339295 | tenant=a1b2c3d4-0001-0000-0000-000000000001
2026-05-01 20:21:16 | INFO | [FIRESTORE] ✅ Retrieved 4 messages
2026-05-01 20:21:24 | INFO | [FIRESTORE] 💾 Saving message | session=431fff88-549d-46bb-96b1-e4b3521221b7__a1b2c3d4-0001-0000-0000-000000000001__1777573339295 | tenant=a1b2c3d4-0001-0000-0000-000000000001 | user=431fff88-549d-46bb-96b1-e4b3521221b7
2026-05-01 20:21:24 | INFO | [FIRESTORE] First message: False
2026-05-01 20:21:24 | INFO | [FIRESTORE] ✅ Message saved | doc_id=1UGHKcJEQiEJwiZI1EnS
2026-05-01 20:21:24 | DEBUG | [FIRESTORE] Updated metadata for 431fff88-549d-46bb-96b1-e4b3521221b7__a1b2c3d4-0001-0000-0000-000000000001__1777573339295
2026-05-01 20:21:45 | INFO | [FIRESTORE] 💾 Saving message | session=431fff88-549d-46bb-96b1-e4b3521221b7__a1b2c3d4-0001-0000-0000-000000000001__1777573339295 | tenant=a1b2c3d4-0001-0000-0000-000000000001 | user=431fff88-549d-46bb-96b1-e4b3521221b7
2026-05-01 20:21:45 | INFO | [FIRESTORE] First message: False
2026-05-01 20:21:45 | INFO | [FIRESTORE] ✅ Message saved | doc_id=h9kr16oqDSJ0OubWnWJ0
2026-05-01 20:21:45 | DEBUG | [FIRESTORE] Updated metadata for 431fff88-549d-46bb-96b1-e4b3521221b7__a1b2c3d4-0001-0000-0000-000000000001__1777573339295
2026-05-01 20:22:06 | INFO | [FIRESTORE] 💾 Saving message | session=431fff88-549d-46bb-96b1-e4b3521221b7__a1b2c3d4-0001-0000-0000-000000000001__1777573339295 | tenant=a1b2c3d4-0001-0000-0000-000000000001 | user=431fff88-549d-46bb-96b1-e4b3521221b7
2026-05-01 20:22:06 | INFO | [FIRESTORE] First message: False
2026-05-01 20:22:06 | INFO | [FIRESTORE] ✅ Message saved | doc_id=37cMJsXhvfpsb2cEQdJF
2026-05-01 20:22:06 | DEBUG | [FIRESTORE] Updated metadata for 431fff88-549d-46bb-96b1-e4b3521221b7__a1b2c3d4-0001-0000-0000-000000000001__1777573339295
2026-05-01 20:22:45 | INFO | [FIRESTORE] 💾 Saving message | session=431fff88-549d-46bb-96b1-e4b3521221b7__a1b2c3d4-0001-0000-0000-000000000001__1777573339295 | tenant=a1b2c3d4-0001-0000-0000-000000000001 | user=431fff88-549d-46bb-96b1-e4b3521221b7
2026-05-01 20:22:45 | INFO | [FIRESTORE] First message: False
2026-05-01 20:22:45 | INFO | [FIRESTORE] ✅ Message saved | doc_id=TXb4VupCoexNf2ntmx6Y
2026-05-01 20:22:45 | DEBUG | [FIRESTORE] Updated metadata for 431fff88-549d-46bb-96b1-e4b3521221b7__a1b2c3d4-0001-0000-0000-000000000001__1777573339295
2026-05-01 20:23:36 | INFO | ✅ FirestoreConversationService initialisé
2026-05-01 20:23:56 | INFO | [FIRESTORE] 📖 Getting history | session=431fff88-549d-46bb-96b1-e4b3521221b7__a1b2c3d4-0001-0000-0000-000000000001__1777573339295 | tenant=a1b2c3d4-0001-0000-0000-000000000001
2026-05-01 20:23:57 | INFO | [FIRESTORE] ✅ Retrieved 8 messages
2026-05-01 20:23:58 | INFO | [FIRESTORE] 📋 Getting user conversations | user=431fff88-549d-46bb-96b1-e4b3521221b7 | tenant=a1b2c3d4-0001-0000-0000-000000000001
2026-05-01 20:24:03 | INFO | [FIRESTORE] ✅ Found 6 conversations for user 431fff88-549d-46bb-96b1-e4b3521221b7
2026-05-01 20:24:03 | INFO | [FIRESTORE] 🧹 Cleaning old anonymous conversations > 1h
2026-05-01 20:24:03 | INFO | [FIRESTORE] ✅ Cleanup complete: 0 messages, 0 sessions
2026-05-01 20:24:36 | INFO | [FIRESTORE] 💾 Saving message | session=431fff88-549d-46bb-96b1-e4b3521221b7__a1b2c3d4-0001-0000-0000-000000000001__1777573339295 | tenant=a1b2c3d4-0001-0000-0000-000000000001 | user=431fff88-549d-46bb-96b1-e4b3521221b7
2026-05-01 20:24:37 | INFO | [FIRESTORE] First message: False
2026-05-01 20:24:37 | INFO | [FIRESTORE] ✅ Message saved | doc_id=PZFdjc1R3n8nF8XDTFi6
2026-05-01 20:24:37 | DEBUG | [FIRESTORE] Updated metadata for 431fff88-549d-46bb-96b1-e4b3521221b7__a1b2c3d4-0001-0000-0000-000000000001__1777573339295
2026-05-01 20:29:59 | INFO | [FIRESTORE] 💾 Saving message | session=431fff88-549d-46bb-96b1-e4b3521221b7__a1b2c3d4-0001-0000-0000-000000000001__1777573339295 | tenant=a1b2c3d4-0001-0000-0000-000000000001 | user=431fff88-549d-46bb-96b1-e4b3521221b7
2026-05-01 20:30:00 | INFO | [FIRESTORE] First message: False
2026-05-01 20:30:00 | INFO | [FIRESTORE] ✅ Message saved | doc_id=9EZo1BN6oHHwLWq1eOVm
2026-05-01 20:30:00 | DEBUG | [FIRESTORE] Updated metadata for 431fff88-549d-46bb-96b1-e4b3521221b7__a1b2c3d4-0001-0000-0000-000000000001__1777573339295
2026-05-01 20:33:54 | INFO | ✅ FirestoreConversationService initialisé
2026-05-01 20:34:19 | INFO | ✅ FirestoreConversationService initialisé
2026-05-01 20:34:46 | INFO | [FIRESTORE] 🧹 Cleaning old anonymous conversations > 1h
2026-05-01 20:34:47 | INFO | [FIRESTORE] ✅ Cleanup complete: 0 messages, 0 sessions
2026-05-01 20:35:25 | INFO | [FIRESTORE] 📖 Getting history | session=431fff88-549d-46bb-96b1-e4b3521221b7__a1b2c3d4-0001-0000-0000-000000000001__1777573339295 | tenant=a1b2c3d4-0001-0000-0000-000000000001
2026-05-01 20:35:26 | INFO | [FIRESTORE] ✅ Retrieved 10 messages
2026-05-01 20:35:26 | INFO | [FIRESTORE] 📋 Getting user conversations | user=431fff88-549d-46bb-96b1-e4b3521221b7 | tenant=a1b2c3d4-0001-0000-0000-000000000001
2026-05-01 20:35:32 | INFO | [FIRESTORE] ✅ Found 6 conversations for user 431fff88-549d-46bb-96b1-e4b3521221b7
2026-05-01 20:36:40 | INFO | [FIRESTORE] 💾 Saving message | session=431fff88-549d-46bb-96b1-e4b3521221b7__a1b2c3d4-0001-0000-0000-000000000001__1777573339295 | tenant=a1b2c3d4-0001-0000-0000-000000000001 | user=431fff88-549d-46bb-96b1-e4b3521221b7
2026-05-01 20:36:40 | INFO | [FIRESTORE] First message: False
2026-05-01 20:36:40 | INFO | [FIRESTORE] ✅ Message saved | doc_id=nWalM4dJX1c3ENPZHQXa
2026-05-01 20:36:40 | DEBUG | [FIRESTORE] Updated metadata for 431fff88-549d-46bb-96b1-e4b3521221b7__a1b2c3d4-0001-0000-0000-000000000001__1777573339295
2026-05-01 20:36:44 | INFO | [FIRESTORE] 📋 Getting user conversations | user=431fff88-549d-46bb-96b1-e4b3521221b7 | tenant=a1b2c3d4-0001-0000-0000-000000000001
2026-05-01 20:36:49 | INFO | [FIRESTORE] ✅ Found 6 conversations for user 431fff88-549d-46bb-96b1-e4b3521221b7
2026-05-01 20:37:04 | INFO | ✅ FirestoreConversationService initialisé
2026-05-01 20:37:20 | INFO | [FIRESTORE] 📖 Getting history | session=431fff88-549d-46bb-96b1-e4b3521221b7__a1b2c3d4-0001-0000-0000-000000000001__1777573339295 | tenant=a1b2c3d4-0001-0000-0000-000000000001
2026-05-01 20:37:21 | INFO | [FIRESTORE] ✅ Retrieved 11 messages
2026-05-01 20:37:21 | INFO | [FIRESTORE] 📋 Getting user conversations | user=431fff88-549d-46bb-96b1-e4b3521221b7 | tenant=a1b2c3d4-0001-0000-0000-000000000001
2026-05-01 20:37:26 | INFO | [FIRESTORE] ✅ Found 6 conversations for user 431fff88-549d-46bb-96b1-e4b3521221b7
2026-05-01 20:37:26 | INFO | [FIRESTORE] 🧹 Cleaning old anonymous conversations > 1h
2026-05-01 20:37:26 | INFO | [FIRESTORE] ✅ Cleanup complete: 0 messages, 0 sessions
2026-05-01 20:37:27 | INFO | [FIRESTORE] 📖 Getting history | session=431fff88-549d-46bb-96b1-e4b3521221b7__a1b2c3d4-0001-0000-0000-000000000001__1777573339295 | tenant=a1b2c3d4-0001-0000-0000-000000000001
2026-05-01 20:37:27 | INFO | [FIRESTORE] ✅ Retrieved 11 messages
2026-05-01 20:38:42 | INFO | [FIRESTORE] 💾 Saving message | session=431fff88-549d-46bb-96b1-e4b3521221b7__a1b2c3d4-0001-0000-0000-000000000001__1777573339295 | tenant=a1b2c3d4-0001-0000-0000-000000000001 | user=431fff88-549d-46bb-96b1-e4b3521221b7
2026-05-01 20:38:42 | INFO | [FIRESTORE] First message: False
2026-05-01 20:38:42 | INFO | [FIRESTORE] ✅ Message saved | doc_id=PJQ7ckoN4hnoUwEROHWo
2026-05-01 20:38:42 | DEBUG | [FIRESTORE] Updated metadata for 431fff88-549d-46bb-96b1-e4b3521221b7__a1b2c3d4-0001-0000-0000-000000000001__1777573339295
2026-05-01 20:40:17 | INFO | ✅ FirestoreConversationService initialisé
2026-05-01 20:40:42 | INFO | [FIRESTORE] 🧹 Cleaning old anonymous conversations > 1h
2026-05-01 20:40:44 | INFO | [FIRESTORE] ✅ Cleanup complete: 0 messages, 0 sessions
2026-05-01 20:40:51 | INFO | [FIRESTORE] 📋 Getting user conversations | user=431fff88-549d-46bb-96b1-e4b3521221b7 | tenant=a1b2c3d4-0001-0000-0000-000000000001
2026-05-01 20:40:56 | INFO | [FIRESTORE] ✅ Found 6 conversations for user 431fff88-549d-46bb-96b1-e4b3521221b7
2026-05-01 20:40:56 | INFO | [FIRESTORE] 📖 Getting history | session=431fff88-549d-46bb-96b1-e4b3521221b7__a1b2c3d4-0001-0000-0000-000000000001__1777573339295 | tenant=a1b2c3d4-0001-0000-0000-000000000001
2026-05-01 20:40:56 | INFO | [FIRESTORE] ✅ Retrieved 12 messages
2026-05-01 20:51:56 | INFO | [FIRESTORE] 📋 Getting user conversations | user=431fff88-549d-46bb-96b1-e4b3521221b7 | tenant=a1b2c3d4-0001-0000-0000-000000000001
2026-05-01 20:52:01 | INFO | [FIRESTORE] ✅ Found 6 conversations for user 431fff88-549d-46bb-96b1-e4b3521221b7
2026-05-01 20:52:01 | INFO | [FIRESTORE] 📖 Getting history | session=431fff88-549d-46bb-96b1-e4b3521221b7__a1b2c3d4-0001-0000-0000-000000000001__1777573339295 | tenant=a1b2c3d4-0001-0000-0000-000000000001
2026-05-01 20:52:01 | INFO | [FIRESTORE] ✅ Retrieved 12 messages
2026-05-01 20:53:28 | INFO | [FIRESTORE] 💾 Saving message | session=431fff88-549d-46bb-96b1-e4b3521221b7__a1b2c3d4-0001-0000-0000-000000000001__1777573339295 | tenant=a1b2c3d4-0001-0000-0000-000000000001 | user=431fff88-549d-46bb-96b1-e4b3521221b7
2026-05-01 20:53:29 | INFO | [FIRESTORE] First message: False
2026-05-01 20:53:29 | INFO | [FIRESTORE] ✅ Message saved | doc_id=Yonsj1tjT7vvxvwxL7Q2
2026-05-01 20:53:29 | DEBUG | [FIRESTORE] Updated metadata for 431fff88-549d-46bb-96b1-e4b3521221b7__a1b2c3d4-0001-0000-0000-000000000001__1777573339295
2026-05-01 20:54:12 | INFO | [FIRESTORE] 💾 Saving message | session=431fff88-549d-46bb-96b1-e4b3521221b7__a1b2c3d4-0001-0000-0000-000000000001__1777573339295 | tenant=a1b2c3d4-0001-0000-0000-000000000001 | user=431fff88-549d-46bb-96b1-e4b3521221b7
2026-05-01 20:54:12 | INFO | [FIRESTORE] First message: False
2026-05-01 20:54:12 | INFO | [FIRESTORE] ✅ Message saved | doc_id=jKs2t50HNaqGLh2OsjRT
2026-05-01 20:54:12 | DEBUG | [FIRESTORE] Updated metadata for 431fff88-549d-46bb-96b1-e4b3521221b7__a1b2c3d4-0001-0000-0000-000000000001__1777573339295
2026-05-01 20:57:46 | INFO | [FIRESTORE] 📋 Getting user conversations | user=431fff88-549d-46bb-96b1-e4b3521221b7 | tenant=a1b2c3d4-0001-0000-0000-000000000001
2026-05-01 20:57:51 | INFO | [FIRESTORE] ✅ Found 6 conversations for user 431fff88-549d-46bb-96b1-e4b3521221b7
2026-05-01 20:57:51 | INFO | [FIRESTORE] 📖 Getting history | session=431fff88-549d-46bb-96b1-e4b3521221b7__a1b2c3d4-0001-0000-0000-000000000001__1777573339295 | tenant=a1b2c3d4-0001-0000-0000-000000000001
2026-05-01 20:57:51 | INFO | [FIRESTORE] ✅ Retrieved 14 messages
2026-05-01 20:58:37 | INFO | [FIRESTORE] 💾 Saving message | session=431fff88-549d-46bb-96b1-e4b3521221b7__a1b2c3d4-0001-0000-0000-000000000001__1777573339295 | tenant=a1b2c3d4-0001-0000-0000-000000000001 | user=431fff88-549d-46bb-96b1-e4b3521221b7
2026-05-01 20:58:38 | INFO | [FIRESTORE] First message: False
2026-05-01 20:58:38 | INFO | [FIRESTORE] ✅ Message saved | doc_id=D0Z0jnkCuVvxRRxlf75L
2026-05-01 20:58:38 | DEBUG | [FIRESTORE] Updated metadata for 431fff88-549d-46bb-96b1-e4b3521221b7__a1b2c3d4-0001-0000-0000-000000000001__1777573339295
2026-05-01 21:04:35 | INFO | [FIRESTORE] 📋 Getting user conversations | user=431fff88-549d-46bb-96b1-e4b3521221b7 | tenant=a1b2c3d4-0001-0000-0000-000000000001
2026-05-01 21:04:40 | INFO | [FIRESTORE] ✅ Found 6 conversations for user 431fff88-549d-46bb-96b1-e4b3521221b7
2026-05-01 21:04:40 | INFO | [FIRESTORE] 📖 Getting history | session=431fff88-549d-46bb-96b1-e4b3521221b7__a1b2c3d4-0001-0000-0000-000000000001__1777573339295 | tenant=a1b2c3d4-0001-0000-0000-000000000001
2026-05-01 21:04:40 | INFO | [FIRESTORE] ✅ Retrieved 15 messages
2026-05-01 21:05:06 | INFO | [FIRESTORE] 💾 Saving message | session=431fff88-549d-46bb-96b1-e4b3521221b7__a1b2c3d4-0001-0000-0000-000000000001__1777573339295 | tenant=a1b2c3d4-0001-0000-0000-000000000001 | user=431fff88-549d-46bb-96b1-e4b3521221b7
2026-05-01 21:05:06 | INFO | [FIRESTORE] First message: False
2026-05-01 21:05:06 | INFO | [FIRESTORE] ✅ Message saved | doc_id=lJLqGoMZG3i1co9SX7r5
2026-05-01 21:05:06 | DEBUG | [FIRESTORE] Updated metadata for 431fff88-549d-46bb-96b1-e4b3521221b7__a1b2c3d4-0001-0000-0000-000000000001__1777573339295
2026-05-01 21:08:04 | INFO | [FIRESTORE] 📖 Getting history | session=431fff88-549d-46bb-96b1-e4b3521221b7__a1b2c3d4-0001-0000-0000-000000000001__1777573339295 | tenant=a1b2c3d4-0001-0000-0000-000000000001
2026-05-01 21:08:04 | INFO | [FIRESTORE] ✅ Retrieved 16 messages
2026-05-01 21:08:04 | INFO | [FIRESTORE] 📋 Getting user conversations | user=431fff88-549d-46bb-96b1-e4b3521221b7 | tenant=a1b2c3d4-0001-0000-0000-000000000001
2026-05-01 21:08:09 | INFO | [FIRESTORE] ✅ Found 6 conversations for user 431fff88-549d-46bb-96b1-e4b3521221b7
2026-05-01 21:08:52 | INFO | [FIRESTORE] 📋 Getting user conversations | user=431fff88-549d-46bb-96b1-e4b3521221b7 | tenant=a1b2c3d4-0001-0000-0000-000000000001
2026-05-01 21:08:59 | INFO | [FIRESTORE] ✅ Found 6 conversations for user 431fff88-549d-46bb-96b1-e4b3521221b7
2026-05-01 21:09:46 | INFO | [FIRESTORE] 📖 Getting history | session=431fff88-549d-46bb-96b1-e4b3521221b7__a1b2c3d4-0001-0000-0000-000000000001__1777573339295 | tenant=a1b2c3d4-0001-0000-0000-000000000001
2026-05-01 21:09:46 | INFO | [FIRESTORE] ✅ Retrieved 16 messages
2026-05-01 21:10:12 | INFO | [FIRESTORE] 💾 Saving message | session=431fff88-549d-46bb-96b1-e4b3521221b7__a1b2c3d4-0001-0000-0000-000000000001__1777573339295 | tenant=a1b2c3d4-0001-0000-0000-000000000001 | user=431fff88-549d-46bb-96b1-e4b3521221b7
2026-05-01 21:10:12 | INFO | [FIRESTORE] First message: False
2026-05-01 21:10:12 | INFO | [FIRESTORE] ✅ Message saved | doc_id=uVHgze56wgVdZR9R70JB
2026-05-01 21:10:12 | DEBUG | [FIRESTORE] Updated metadata for 431fff88-549d-46bb-96b1-e4b3521221b7__a1b2c3d4-0001-0000-0000-000000000001__1777573339295
2026-05-01 21:10:37 | INFO | [FIRESTORE] 🧹 Cleaning old anonymous conversations > 1h
2026-05-01 21:10:37 | INFO | [FIRESTORE] ✅ Cleanup complete: 0 messages, 0 sessions
2026-05-01 21:11:18 | INFO | [FIRESTORE] 📋 Getting user conversations | user=431fff88-549d-46bb-96b1-e4b3521221b7 | tenant=a1b2c3d4-0001-0000-0000-000000000001
2026-05-01 21:11:23 | INFO | [FIRESTORE] ✅ Found 6 conversations for user 431fff88-549d-46bb-96b1-e4b3521221b7
2026-05-01 21:11:24 | INFO | [FIRESTORE] 📖 Getting history | session=431fff88-549d-46bb-96b1-e4b3521221b7__a1b2c3d4-0001-0000-0000-000000000001__1777573339295 | tenant=a1b2c3d4-0001-0000-0000-000000000001
2026-05-01 21:11:24 | INFO | [FIRESTORE] ✅ Retrieved 17 messages
2026-05-01 21:11:46 | INFO | [FIRESTORE] 💾 Saving message | session=431fff88-549d-46bb-96b1-e4b3521221b7__a1b2c3d4-0001-0000-0000-000000000001__1777573339295 | tenant=a1b2c3d4-0001-0000-0000-000000000001 | user=431fff88-549d-46bb-96b1-e4b3521221b7
2026-05-01 21:11:47 | INFO | [FIRESTORE] First message: False
2026-05-01 21:11:47 | INFO | [FIRESTORE] ✅ Message saved | doc_id=dRShiJliarFEfTwvlyWI
2026-05-01 21:11:47 | DEBUG | [FIRESTORE] Updated metadata for 431fff88-549d-46bb-96b1-e4b3521221b7__a1b2c3d4-0001-0000-0000-000000000001__1777573339295
2026-05-01 21:15:03 | INFO | [FIRESTORE] 📋 Getting user conversations | user=431fff88-549d-46bb-96b1-e4b3521221b7 | tenant=a1b2c3d4-0001-0000-0000-000000000001
2026-05-01 21:15:09 | INFO | [FIRESTORE] ✅ Found 6 conversations for user 431fff88-549d-46bb-96b1-e4b3521221b7
2026-05-01 21:15:09 | INFO | [FIRESTORE] 📖 Getting history | session=431fff88-549d-46bb-96b1-e4b3521221b7__a1b2c3d4-0001-0000-0000-000000000001__1777573339295 | tenant=a1b2c3d4-0001-0000-0000-000000000001
2026-05-01 21:15:09 | INFO | [FIRESTORE] ✅ Retrieved 18 messages
2026-05-01 21:15:29 | INFO | [FIRESTORE] 💾 Saving message | session=431fff88-549d-46bb-96b1-e4b3521221b7__a1b2c3d4-0001-0000-0000-000000000001__1777573339295 | tenant=a1b2c3d4-0001-0000-0000-000000000001 | user=431fff88-549d-46bb-96b1-e4b3521221b7
2026-05-01 21:15:29 | INFO | [FIRESTORE] First message: False
2026-05-01 21:15:29 | INFO | [FIRESTORE] ✅ Message saved | doc_id=ZdEF5cRe2o7A92RQWZBC
2026-05-01 21:15:29 | DEBUG | [FIRESTORE] Updated metadata for 431fff88-549d-46bb-96b1-e4b3521221b7__a1b2c3d4-0001-0000-0000-000000000001__1777573339295
2026-05-01 21:17:32 | INFO | [FIRESTORE] 📋 Getting user conversations | user=431fff88-549d-46bb-96b1-e4b3521221b7 | tenant=a1b2c3d4-0001-0000-0000-000000000001
2026-05-01 21:17:37 | INFO | [FIRESTORE] ✅ Found 6 conversations for user 431fff88-549d-46bb-96b1-e4b3521221b7
2026-05-01 21:17:37 | INFO | [FIRESTORE] 📖 Getting history | session=431fff88-549d-46bb-96b1-e4b3521221b7__a1b2c3d4-0001-0000-0000-000000000001__1777573339295 | tenant=a1b2c3d4-0001-0000-0000-000000000001
2026-05-01 21:17:37 | INFO | [FIRESTORE] ✅ Retrieved 19 messages
2026-05-01 21:17:55 | INFO | [FIRESTORE] 💾 Saving message | session=431fff88-549d-46bb-96b1-e4b3521221b7__a1b2c3d4-0001-0000-0000-000000000001__1777573339295 | tenant=a1b2c3d4-0001-0000-0000-000000000001 | user=431fff88-549d-46bb-96b1-e4b3521221b7
2026-05-01 21:17:55 | INFO | [FIRESTORE] First message: False
2026-05-01 21:17:56 | INFO | [FIRESTORE] ✅ Message saved | doc_id=8QrxQ5PIEBX6ysIDGTYJ
2026-05-01 21:17:56 | DEBUG | [FIRESTORE] Updated metadata for 431fff88-549d-46bb-96b1-e4b3521221b7__a1b2c3d4-0001-0000-0000-000000000001__1777573339295
2026-05-01 21:21:09 | INFO | [FIRESTORE] 📋 Getting user conversations | user=431fff88-549d-46bb-96b1-e4b3521221b7 | tenant=a1b2c3d4-0001-0000-0000-000000000001
2026-05-01 21:21:14 | INFO | [FIRESTORE] ✅ Found 6 conversations for user 431fff88-549d-46bb-96b1-e4b3521221b7
2026-05-01 21:21:14 | INFO | [FIRESTORE] 📖 Getting history | session=431fff88-549d-46bb-96b1-e4b3521221b7__a1b2c3d4-0001-0000-0000-000000000001__1777573339295 | tenant=a1b2c3d4-0001-0000-0000-000000000001
2026-05-01 21:21:14 | INFO | [FIRESTORE] ✅ Retrieved 20 messages
2026-05-01 21:21:33 | INFO | [FIRESTORE] 💾 Saving message | session=431fff88-549d-46bb-96b1-e4b3521221b7__a1b2c3d4-0001-0000-0000-000000000001__1777573339295 | tenant=a1b2c3d4-0001-0000-0000-000000000001 | user=431fff88-549d-46bb-96b1-e4b3521221b7
2026-05-01 21:21:34 | INFO | [FIRESTORE] First message: False
2026-05-01 21:21:34 | INFO | [FIRESTORE] ✅ Message saved | doc_id=wpEUaae3JFYFSUjBYkI4
2026-05-01 21:21:34 | DEBUG | [FIRESTORE] Updated metadata for 431fff88-549d-46bb-96b1-e4b3521221b7__a1b2c3d4-0001-0000-0000-000000000001__1777573339295
2026-05-01 21:25:42 | INFO | [FIRESTORE] 📋 Getting user conversations | user=431fff88-549d-46bb-96b1-e4b3521221b7 | tenant=a1b2c3d4-0001-0000-0000-000000000001
2026-05-01 21:25:47 | INFO | [FIRESTORE] ✅ Found 6 conversations for user 431fff88-549d-46bb-96b1-e4b3521221b7
2026-05-01 21:25:54 | INFO | [FIRESTORE] 📖 Getting history | session=431fff88-549d-46bb-96b1-e4b3521221b7__a1b2c3d4-0001-0000-0000-000000000001__1777573339295 | tenant=a1b2c3d4-0001-0000-0000-000000000001
2026-05-01 21:25:54 | INFO | [FIRESTORE] ✅ Retrieved 21 messages
2026-05-01 21:26:31 | INFO | [FIRESTORE] 💾 Saving message | session=431fff88-549d-46bb-96b1-e4b3521221b7__a1b2c3d4-0001-0000-0000-000000000001__1777573339295 | tenant=a1b2c3d4-0001-0000-0000-000000000001 | user=431fff88-549d-46bb-96b1-e4b3521221b7
2026-05-01 21:26:31 | INFO | [FIRESTORE] First message: False
2026-05-01 21:26:31 | INFO | [FIRESTORE] ✅ Message saved | doc_id=0nnNYezf4Dl3jI8atlnL
2026-05-01 21:26:31 | DEBUG | [FIRESTORE] Updated metadata for 431fff88-549d-46bb-96b1-e4b3521221b7__a1b2c3d4-0001-0000-0000-000000000001__1777573339295
2026-05-01 21:28:36 | INFO | [FIRESTORE] 📋 Getting user conversations | user=431fff88-549d-46bb-96b1-e4b3521221b7 | tenant=a1b2c3d4-0001-0000-0000-000000000001
2026-05-01 21:28:40 | INFO | [FIRESTORE] ✅ Found 6 conversations for user 431fff88-549d-46bb-96b1-e4b3521221b7
2026-05-01 21:28:41 | INFO | [FIRESTORE] 📖 Getting history | session=431fff88-549d-46bb-96b1-e4b3521221b7__a1b2c3d4-0001-0000-0000-000000000001__1777573339295 | tenant=a1b2c3d4-0001-0000-0000-000000000001
2026-05-01 21:28:41 | INFO | [FIRESTORE] ✅ Retrieved 22 messages
2026-05-01 21:29:11 | INFO | [FIRESTORE] 💾 Saving message | session=431fff88-549d-46bb-96b1-e4b3521221b7__a1b2c3d4-0001-0000-0000-000000000001__1777573339295 | tenant=a1b2c3d4-0001-0000-0000-000000000001 | user=431fff88-549d-46bb-96b1-e4b3521221b7
2026-05-01 21:29:11 | INFO | [FIRESTORE] First message: False
2026-05-01 21:29:11 | INFO | [FIRESTORE] ✅ Message saved | doc_id=gkg4S5WUa9dZtRdL3C2T
2026-05-01 21:29:12 | DEBUG | [FIRESTORE] Updated metadata for 431fff88-549d-46bb-96b1-e4b3521221b7__a1b2c3d4-0001-0000-0000-000000000001__1777573339295
2026-05-01 21:30:31 | INFO | [FIRESTORE] 📖 Getting history | session=431fff88-549d-46bb-96b1-e4b3521221b7__a1b2c3d4-0001-0000-0000-000000000001__1777573339295 | tenant=a1b2c3d4-0001-0000-0000-000000000001
2026-05-01 21:30:31 | INFO | [FIRESTORE] ✅ Retrieved 23 messages
2026-05-01 21:30:31 | INFO | [FIRESTORE] 📋 Getting user conversations | user=431fff88-549d-46bb-96b1-e4b3521221b7 | tenant=a1b2c3d4-0001-0000-0000-000000000001
2026-05-01 21:30:36 | INFO | [FIRESTORE] ✅ Found 6 conversations for user 431fff88-549d-46bb-96b1-e4b3521221b7
2026-05-01 21:30:50 | INFO | [FIRESTORE] 💾 Saving message | session=431fff88-549d-46bb-96b1-e4b3521221b7__a1b2c3d4-0001-0000-0000-000000000001__1777573339295 | tenant=a1b2c3d4-0001-0000-0000-000000000001 | user=431fff88-549d-46bb-96b1-e4b3521221b7
2026-05-01 21:30:50 | INFO | [FIRESTORE] First message: False
2026-05-01 21:30:51 | INFO | [FIRESTORE] ✅ Message saved | doc_id=H3poaIU3PFWsjLmxfspP
2026-05-01 21:30:51 | DEBUG | [FIRESTORE] Updated metadata for 431fff88-549d-46bb-96b1-e4b3521221b7__a1b2c3d4-0001-0000-0000-000000000001__1777573339295
2026-05-01 21:36:56 | INFO | [FIRESTORE] 📖 Getting history | session=431fff88-549d-46bb-96b1-e4b3521221b7__a1b2c3d4-0001-0000-0000-000000000001__1777573339295 | tenant=a1b2c3d4-0001-0000-0000-000000000001
2026-05-01 21:36:57 | INFO | [FIRESTORE] ✅ Retrieved 24 messages
2026-05-01 21:36:57 | INFO | [FIRESTORE] 📋 Getting user conversations | user=431fff88-549d-46bb-96b1-e4b3521221b7 | tenant=a1b2c3d4-0001-0000-0000-000000000001
2026-05-01 21:37:02 | INFO | [FIRESTORE] ✅ Found 6 conversations for user 431fff88-549d-46bb-96b1-e4b3521221b7
2026-05-01 21:40:37 | INFO | [FIRESTORE] 🧹 Cleaning old anonymous conversations > 1h
2026-05-01 21:40:38 | INFO | [FIRESTORE] ✅ Cleanup complete: 0 messages, 0 sessions
2026-05-01 21:45:05 | INFO | [FIRESTORE] 💾 Saving message | session=431fff88-549d-46bb-96b1-e4b3521221b7__a1b2c3d4-0001-0000-0000-000000000001__1777573339295 | tenant=a1b2c3d4-0001-0000-0000-000000000001 | user=431fff88-549d-46bb-96b1-e4b3521221b7
2026-05-01 21:45:05 | INFO | [FIRESTORE] First message: False
2026-05-01 21:45:06 | INFO | [FIRESTORE] ✅ Message saved | doc_id=yjIsmHavFElr56iFhci0
2026-05-01 21:45:06 | DEBUG | [FIRESTORE] Updated metadata for 431fff88-549d-46bb-96b1-e4b3521221b7__a1b2c3d4-0001-0000-0000-000000000001__1777573339295
2026-05-01 21:52:20 | INFO | ✅ FirestoreConversationService initialisé
2026-05-01 21:52:53 | INFO | [FIRESTORE] 🧹 Cleaning old anonymous conversations > 1h
2026-05-01 21:52:55 | INFO | [FIRESTORE] ✅ Cleanup complete: 0 messages, 0 sessions
2026-05-01 21:55:50 | INFO | ✅ FirestoreConversationService initialisé
2026-05-01 21:56:17 | INFO | [FIRESTORE] 🧹 Cleaning old anonymous conversations > 1h
2026-05-01 21:56:18 | INFO | [FIRESTORE] ✅ Cleanup complete: 0 messages, 0 sessions
2026-05-01 21:56:45 | INFO | ✅ FirestoreConversationService initialisé
2026-05-01 21:57:12 | INFO | [FIRESTORE] 🧹 Cleaning old anonymous conversations > 1h
2026-05-01 21:57:14 | INFO | [FIRESTORE] ✅ Cleanup complete: 0 messages, 0 sessions
2026-05-01 21:58:26 | INFO | ✅ FirestoreConversationService initialisé
2026-05-01 21:58:46 | INFO | [FIRESTORE] 📋 Getting user conversations | user=431fff88-549d-46bb-96b1-e4b3521221b7 | tenant=a1b2c3d4-0001-0000-0000-000000000001
2026-05-01 21:58:51 | INFO | [FIRESTORE] ✅ Found 6 conversations for user 431fff88-549d-46bb-96b1-e4b3521221b7
2026-05-01 21:58:51 | INFO | [FIRESTORE] 🧹 Cleaning old anonymous conversations > 1h
2026-05-01 21:58:52 | INFO | [FIRESTORE] ✅ Cleanup complete: 0 messages, 0 sessions
2026-05-01 21:58:52 | INFO | [FIRESTORE] 📖 Getting history | session=431fff88-549d-46bb-96b1-e4b3521221b7__a1b2c3d4-0001-0000-0000-000000000001__1777573339295 | tenant=a1b2c3d4-0001-0000-0000-000000000001
2026-05-01 21:58:52 | INFO | [FIRESTORE] ✅ Retrieved 25 messages
2026-05-01 22:00:11 | INFO | [FIRESTORE] 💾 Saving message | session=431fff88-549d-46bb-96b1-e4b3521221b7__a1b2c3d4-0001-0000-0000-000000000001__1777573339295 | tenant=a1b2c3d4-0001-0000-0000-000000000001 | user=431fff88-549d-46bb-96b1-e4b3521221b7
2026-05-01 22:00:12 | INFO | [FIRESTORE] First message: False
2026-05-01 22:00:12 | INFO | [FIRESTORE] ✅ Message saved | doc_id=NjI5e19kbfcGZGPiUc50
2026-05-01 22:00:12 | DEBUG | [FIRESTORE] Updated metadata for 431fff88-549d-46bb-96b1-e4b3521221b7__a1b2c3d4-0001-0000-0000-000000000001__1777573339295
2026-05-01 22:00:44 | INFO | [FIRESTORE] 📖 Getting history | session=431fff88-549d-46bb-96b1-e4b3521221b7__a1b2c3d4-0001-0000-0000-000000000001__1777573339295 | tenant=a1b2c3d4-0001-0000-0000-000000000001
2026-05-01 22:00:44 | INFO | [FIRESTORE] ✅ Retrieved 26 messages
2026-05-01 22:00:44 | INFO | [FIRESTORE] 📋 Getting user conversations | user=431fff88-549d-46bb-96b1-e4b3521221b7 | tenant=a1b2c3d4-0001-0000-0000-000000000001
2026-05-01 22:00:48 | INFO | [FIRESTORE] ✅ Found 6 conversations for user 431fff88-549d-46bb-96b1-e4b3521221b7
2026-05-01 22:01:04 | INFO | [FIRESTORE] 💾 Saving message | session=431fff88-549d-46bb-96b1-e4b3521221b7__a1b2c3d4-0001-0000-0000-000000000001__1777573339295 | tenant=a1b2c3d4-0001-0000-0000-000000000001 | user=431fff88-549d-46bb-96b1-e4b3521221b7
2026-05-01 22:01:05 | INFO | [FIRESTORE] First message: False
2026-05-01 22:01:05 | INFO | [FIRESTORE] ✅ Message saved | doc_id=QYfy9zhLvWK2S0KklIG2
2026-05-01 22:01:05 | DEBUG | [FIRESTORE] Updated metadata for 431fff88-549d-46bb-96b1-e4b3521221b7__a1b2c3d4-0001-0000-0000-000000000001__1777573339295
2026-05-01 22:05:34 | INFO | [FIRESTORE] 📖 Getting history | session=431fff88-549d-46bb-96b1-e4b3521221b7__a1b2c3d4-0001-0000-0000-000000000001__1777573339295 | tenant=a1b2c3d4-0001-0000-0000-000000000001
2026-05-01 22:05:34 | INFO | [FIRESTORE] ✅ Retrieved 27 messages
2026-05-01 22:05:34 | INFO | [FIRESTORE] 📋 Getting user conversations | user=431fff88-549d-46bb-96b1-e4b3521221b7 | tenant=a1b2c3d4-0001-0000-0000-000000000001
2026-05-01 22:05:39 | INFO | [FIRESTORE] ✅ Found 6 conversations for user 431fff88-549d-46bb-96b1-e4b3521221b7
2026-05-01 22:10:08 | INFO | ✅ FirestoreConversationService initialisé
2026-05-01 22:10:53 | INFO | [FIRESTORE] 🧹 Cleaning old anonymous conversations > 1h
2026-05-01 22:10:55 | INFO | [FIRESTORE] ✅ Cleanup complete: 0 messages, 0 sessions
2026-05-01 22:11:10 | INFO | [FIRESTORE] 💾 Saving message | session=431fff88-549d-46bb-96b1-e4b3521221b7__a1b2c3d4-0001-0000-0000-000000000001__1777573339295 | tenant=a1b2c3d4-0001-0000-0000-000000000001 | user=431fff88-549d-46bb-96b1-e4b3521221b7
2026-05-01 22:11:10 | INFO | [FIRESTORE] First message: False
2026-05-01 22:11:10 | INFO | [FIRESTORE] ✅ Message saved | doc_id=UeOwMm8WiztAJ2d6xL74
2026-05-01 22:11:11 | DEBUG | [FIRESTORE] Updated metadata for 431fff88-549d-46bb-96b1-e4b3521221b7__a1b2c3d4-0001-0000-0000-000000000001__1777573339295
2026-05-01 22:14:21 | INFO | [FIRESTORE] 💾 Saving message | session=431fff88-549d-46bb-96b1-e4b3521221b7__a1b2c3d4-0001-0000-0000-000000000001__1777573339295 | tenant=a1b2c3d4-0001-0000-0000-000000000001 | user=431fff88-549d-46bb-96b1-e4b3521221b7
2026-05-01 22:14:22 | INFO | [FIRESTORE] First message: False
2026-05-01 22:14:22 | INFO | [FIRESTORE] ✅ Message saved | doc_id=lJfGwZWJwSoM9lHtMRQZ
2026-05-01 22:14:22 | DEBUG | [FIRESTORE] Updated metadata for 431fff88-549d-46bb-96b1-e4b3521221b7__a1b2c3d4-0001-0000-0000-000000000001__1777573339295
2026-05-01 22:18:46 | INFO | ✅ FirestoreConversationService initialisé
2026-05-01 22:19:11 | INFO | [FIRESTORE] 🧹 Cleaning old anonymous conversations > 1h
2026-05-01 22:19:14 | INFO | [FIRESTORE] ✅ Cleanup complete: 0 messages, 0 sessions
2026-05-01 22:19:34 | INFO | [FIRESTORE] 📖 Getting history | session=431fff88-549d-46bb-96b1-e4b3521221b7__a1b2c3d4-0001-0000-0000-000000000001__1777573339295 | tenant=a1b2c3d4-0001-0000-0000-000000000001
2026-05-01 22:19:34 | INFO | [FIRESTORE] ✅ Retrieved 29 messages
2026-05-01 22:19:34 | INFO | [FIRESTORE] 📋 Getting user conversations | user=431fff88-549d-46bb-96b1-e4b3521221b7 | tenant=a1b2c3d4-0001-0000-0000-000000000001
2026-05-01 22:19:39 | INFO | [FIRESTORE] ✅ Found 6 conversations for user 431fff88-549d-46bb-96b1-e4b3521221b7
2026-05-01 22:20:43 | INFO | [FIRESTORE] 💾 Saving message | session=431fff88-549d-46bb-96b1-e4b3521221b7__a1b2c3d4-0001-0000-0000-000000000001__1777573339295 | tenant=a1b2c3d4-0001-0000-0000-000000000001 | user=431fff88-549d-46bb-96b1-e4b3521221b7
2026-05-01 22:20:43 | INFO | [FIRESTORE] First message: False
2026-05-01 22:20:43 | INFO | [FIRESTORE] ✅ Message saved | doc_id=8eUHO0aw8cchzYs8fJLL
2026-05-01 22:20:43 | DEBUG | [FIRESTORE] Updated metadata for 431fff88-549d-46bb-96b1-e4b3521221b7__a1b2c3d4-0001-0000-0000-000000000001__1777573339295
2026-05-01 22:23:09 | INFO | [FIRESTORE] 💾 Saving message | session=431fff88-549d-46bb-96b1-e4b3521221b7__a1b2c3d4-0001-0000-0000-000000000001__1777573339295 | tenant=a1b2c3d4-0001-0000-0000-000000000001 | user=431fff88-549d-46bb-96b1-e4b3521221b7
2026-05-01 22:23:09 | INFO | [FIRESTORE] First message: False
2026-05-01 22:23:10 | INFO | [FIRESTORE] ✅ Message saved | doc_id=GldM2IldAl4Ew0li7v5F
2026-05-01 22:23:10 | DEBUG | [FIRESTORE] Updated metadata for 431fff88-549d-46bb-96b1-e4b3521221b7__a1b2c3d4-0001-0000-0000-000000000001__1777573339295
2026-05-01 22:23:18 | INFO | [FIRESTORE] 📖 Getting history | session=431fff88-549d-46bb-96b1-e4b3521221b7__a1b2c3d4-0001-0000-0000-000000000001__1777573339295 | tenant=a1b2c3d4-0001-0000-0000-000000000001
2026-05-01 22:23:18 | INFO | [FIRESTORE] ✅ Retrieved 31 messages
2026-05-01 22:23:18 | INFO | [FIRESTORE] 📋 Getting user conversations | user=431fff88-549d-46bb-96b1-e4b3521221b7 | tenant=a1b2c3d4-0001-0000-0000-000000000001
2026-05-01 22:23:23 | INFO | [FIRESTORE] ✅ Found 6 conversations for user 431fff88-549d-46bb-96b1-e4b3521221b7
2026-05-01 22:23:25 | INFO | [FIRESTORE] 💾 Saving message | session=431fff88-549d-46bb-96b1-e4b3521221b7__a1b2c3d4-0001-0000-0000-000000000001__1777573339295 | tenant=a1b2c3d4-0001-0000-0000-000000000001 | user=431fff88-549d-46bb-96b1-e4b3521221b7
2026-05-01 22:23:25 | INFO | [FIRESTORE] First message: False
2026-05-01 22:23:25 | INFO | [FIRESTORE] ✅ Message saved | doc_id=U8E2rLWVYxNQtC3YuKbk
2026-05-01 22:23:25 | DEBUG | [FIRESTORE] Updated metadata for 431fff88-549d-46bb-96b1-e4b3521221b7__a1b2c3d4-0001-0000-0000-000000000001__1777573339295
2026-05-01 22:23:39 | INFO | [FIRESTORE] 💾 Saving message | session=431fff88-549d-46bb-96b1-e4b3521221b7__a1b2c3d4-0001-0000-0000-000000000001__1777573339295 | tenant=a1b2c3d4-0001-0000-0000-000000000001 | user=431fff88-549d-46bb-96b1-e4b3521221b7
2026-05-01 22:23:39 | INFO | [FIRESTORE] First message: False
2026-05-01 22:23:39 | INFO | [FIRESTORE] ✅ Message saved | doc_id=U04VetkafdGObtGSRcjE
2026-05-01 22:23:40 | DEBUG | [FIRESTORE] Updated metadata for 431fff88-549d-46bb-96b1-e4b3521221b7__a1b2c3d4-0001-0000-0000-000000000001__1777573339295
2026-05-01 22:24:02 | INFO | [FIRESTORE] 💾 Saving message | session=431fff88-549d-46bb-96b1-e4b3521221b7__a1b2c3d4-0001-0000-0000-000000000001__1777573339295 | tenant=a1b2c3d4-0001-0000-0000-000000000001 | user=431fff88-549d-46bb-96b1-e4b3521221b7
2026-05-01 22:24:02 | INFO | [FIRESTORE] First message: False
2026-05-01 22:24:02 | INFO | [FIRESTORE] ✅ Message saved | doc_id=JvzJJoRJPx62oK1j82TT
2026-05-01 22:24:02 | DEBUG | [FIRESTORE] Updated metadata for 431fff88-549d-46bb-96b1-e4b3521221b7__a1b2c3d4-0001-0000-0000-000000000001__1777573339295
2026-05-01 22:24:08 | INFO | [FIRESTORE] 💾 Saving message | session=431fff88-549d-46bb-96b1-e4b3521221b7__a1b2c3d4-0001-0000-0000-000000000001__1777573339295 | tenant=a1b2c3d4-0001-0000-0000-000000000001 | user=431fff88-549d-46bb-96b1-e4b3521221b7
2026-05-01 22:24:08 | INFO | [FIRESTORE] First message: False
2026-05-01 22:24:08 | INFO | [FIRESTORE] ✅ Message saved | doc_id=GRf6JaIlxClAwUPdErnV
2026-05-01 22:24:08 | DEBUG | [FIRESTORE] Updated metadata for 431fff88-549d-46bb-96b1-e4b3521221b7__a1b2c3d4-0001-0000-0000-000000000001__1777573339295
2026-05-01 22:24:21 | INFO | [FIRESTORE] 📋 Getting user conversations | user=431fff88-549d-46bb-96b1-e4b3521221b7 | tenant=a1b2c3d4-0001-0000-0000-000000000001
2026-05-01 22:24:28 | INFO | [FIRESTORE] ✅ Found 6 conversations for user 431fff88-549d-46bb-96b1-e4b3521221b7
2026-05-01 22:24:28 | INFO | [FIRESTORE] 📖 Getting history | session=431fff88-549d-46bb-96b1-e4b3521221b7__a1b2c3d4-0001-0000-0000-000000000001__1777573339295 | tenant=a1b2c3d4-0001-0000-0000-000000000001
2026-05-01 22:24:28 | INFO | [FIRESTORE] ✅ Retrieved 35 messages
2026-05-01 22:27:41 | INFO | [FIRESTORE] 💾 Saving message | session=431fff88-549d-46bb-96b1-e4b3521221b7__a1b2c3d4-0001-0000-0000-000000000001__1777573339295 | tenant=a1b2c3d4-0001-0000-0000-000000000001 | user=431fff88-549d-46bb-96b1-e4b3521221b7
2026-05-01 22:27:41 | INFO | [FIRESTORE] First message: False
2026-05-01 22:27:41 | INFO | [FIRESTORE] ✅ Message saved | doc_id=z76dAtuh1sVOWjcXEP5b
2026-05-01 22:27:41 | DEBUG | [FIRESTORE] Updated metadata for 431fff88-549d-46bb-96b1-e4b3521221b7__a1b2c3d4-0001-0000-0000-000000000001__1777573339295
2026-05-01 22:27:46 | INFO | [FIRESTORE] 📋 Getting user conversations | user=431fff88-549d-46bb-96b1-e4b3521221b7 | tenant=a1b2c3d4-0001-0000-0000-000000000001
2026-05-01 22:27:52 | INFO | [FIRESTORE] ✅ Found 6 conversations for user 431fff88-549d-46bb-96b1-e4b3521221b7
2026-05-01 22:27:52 | INFO | [FIRESTORE] 📖 Getting history | session=431fff88-549d-46bb-96b1-e4b3521221b7__a1b2c3d4-0001-0000-0000-000000000001__1777573339295 | tenant=a1b2c3d4-0001-0000-0000-000000000001
2026-05-01 22:27:52 | INFO | [FIRESTORE] ✅ Retrieved 36 messages
2026-05-01 22:30:18 | INFO | [FIRESTORE] 📋 Getting user conversations | user=431fff88-549d-46bb-96b1-e4b3521221b7 | tenant=a1b2c3d4-0001-0000-0000-000000000001
2026-05-01 22:30:23 | INFO | [FIRESTORE] ✅ Found 6 conversations for user 431fff88-549d-46bb-96b1-e4b3521221b7
2026-05-01 22:30:24 | INFO | [FIRESTORE] 📖 Getting history | session=431fff88-549d-46bb-96b1-e4b3521221b7__a1b2c3d4-0001-0000-0000-000000000001__1777573339295 | tenant=a1b2c3d4-0001-0000-0000-000000000001
2026-05-01 22:30:24 | INFO | [FIRESTORE] ✅ Retrieved 36 messages
2026-05-01 22:31:00 | INFO | [FIRESTORE] 📋 Getting user conversations | user=431fff88-549d-46bb-96b1-e4b3521221b7 | tenant=a1b2c3d4-0001-0000-0000-000000000001
2026-05-01 22:31:05 | INFO | [FIRESTORE] ✅ Found 6 conversations for user 431fff88-549d-46bb-96b1-e4b3521221b7
2026-05-01 22:31:05 | INFO | [FIRESTORE] 📖 Getting history | session=431fff88-549d-46bb-96b1-e4b3521221b7__a1b2c3d4-0001-0000-0000-000000000001__1777573339295 | tenant=a1b2c3d4-0001-0000-0000-000000000001
2026-05-01 22:31:05 | INFO | [FIRESTORE] ✅ Retrieved 36 messages
2026-05-01 22:31:42 | INFO | [FIRESTORE] 📋 Getting user conversations | user=431fff88-549d-46bb-96b1-e4b3521221b7 | tenant=a1b2c3d4-0001-0000-0000-000000000001
2026-05-01 22:31:47 | INFO | [FIRESTORE] ✅ Found 6 conversations for user 431fff88-549d-46bb-96b1-e4b3521221b7
2026-05-01 22:31:47 | INFO | [FIRESTORE] 📖 Getting history | session=431fff88-549d-46bb-96b1-e4b3521221b7__a1b2c3d4-0001-0000-0000-000000000001__1777573339295 | tenant=a1b2c3d4-0001-0000-0000-000000000001
2026-05-01 22:31:47 | INFO | [FIRESTORE] ✅ Retrieved 36 messages
2026-05-01 22:31:48 | INFO | [FIRESTORE] 📋 Getting user conversations | user=431fff88-549d-46bb-96b1-e4b3521221b7 | tenant=a1b2c3d4-0001-0000-0000-000000000001
2026-05-01 22:31:52 | INFO | [FIRESTORE] ✅ Found 6 conversations for user 431fff88-549d-46bb-96b1-e4b3521221b7
2026-05-01 22:31:52 | INFO | [FIRESTORE] 📖 Getting history | session=431fff88-549d-46bb-96b1-e4b3521221b7__a1b2c3d4-0001-0000-0000-000000000001__1777573339295 | tenant=a1b2c3d4-0001-0000-0000-000000000001
2026-05-01 22:31:52 | INFO | [FIRESTORE] ✅ Retrieved 36 messages
2026-05-01 22:31:52 | INFO | [FIRESTORE] 📋 Getting user conversations | user=431fff88-549d-46bb-96b1-e4b3521221b7 | tenant=a1b2c3d4-0001-0000-0000-000000000001
2026-05-01 22:31:57 | INFO | [FIRESTORE] ✅ Found 6 conversations for user 431fff88-549d-46bb-96b1-e4b3521221b7
2026-05-01 22:31:57 | INFO | [FIRESTORE] 📖 Getting history | session=431fff88-549d-46bb-96b1-e4b3521221b7__a1b2c3d4-0001-0000-0000-000000000001__1777573339295 | tenant=a1b2c3d4-0001-0000-0000-000000000001
2026-05-01 22:31:57 | INFO | [FIRESTORE] ✅ Retrieved 36 messages
2026-05-01 22:32:50 | INFO | [FIRESTORE] 📖 Getting history | session=431fff88-549d-46bb-96b1-e4b3521221b7__a1b2c3d4-0001-0000-0000-000000000001__1777573339295 | tenant=a1b2c3d4-0001-0000-0000-000000000001
2026-05-01 22:32:51 | INFO | [FIRESTORE] ✅ Retrieved 36 messages
2026-05-01 22:32:51 | INFO | [FIRESTORE] 📋 Getting user conversations | user=431fff88-549d-46bb-96b1-e4b3521221b7 | tenant=a1b2c3d4-0001-0000-0000-000000000001
2026-05-01 22:32:56 | INFO | [FIRESTORE] ✅ Found 6 conversations for user 431fff88-549d-46bb-96b1-e4b3521221b7
2026-05-01 22:33:10 | INFO | [FIRESTORE] 💾 Saving message | session=431fff88-549d-46bb-96b1-e4b3521221b7__a1b2c3d4-0001-0000-0000-000000000001__1777573339295 | tenant=a1b2c3d4-0001-0000-0000-000000000001 | user=431fff88-549d-46bb-96b1-e4b3521221b7
2026-05-01 22:33:10 | INFO | [FIRESTORE] First message: False
2026-05-01 22:33:10 | INFO | [FIRESTORE] ✅ Message saved | doc_id=jywJrzM498GSK5yclmII
2026-05-01 22:33:10 | DEBUG | [FIRESTORE] Updated metadata for 431fff88-549d-46bb-96b1-e4b3521221b7__a1b2c3d4-0001-0000-0000-000000000001__1777573339295
2026-05-01 22:33:15 | INFO | [FIRESTORE] 📖 Getting history | session=431fff88-549d-46bb-96b1-e4b3521221b7__a1b2c3d4-0001-0000-0000-000000000001__1777573339295 | tenant=a1b2c3d4-0001-0000-0000-000000000001
2026-05-01 22:33:15 | INFO | [FIRESTORE] ✅ Retrieved 37 messages
2026-05-01 22:33:15 | INFO | [FIRESTORE] 📋 Getting user conversations | user=431fff88-549d-46bb-96b1-e4b3521221b7 | tenant=a1b2c3d4-0001-0000-0000-000000000001
2026-05-01 22:33:20 | INFO | [FIRESTORE] ✅ Found 6 conversations for user 431fff88-549d-46bb-96b1-e4b3521221b7
2026-05-01 22:49:06 | INFO | [FIRESTORE] 🧹 Cleaning old anonymous conversations > 1h
2026-05-01 22:49:07 | INFO | [FIRESTORE] ✅ Cleanup complete: 0 messages, 0 sessions
2026-05-02 13:29:30 | INFO | ✅ FirestoreConversationService initialisé
2026-05-02 13:32:49 | INFO | ✅ FirestoreConversationService initialisé
2026-05-02 13:45:21 | INFO | ✅ FirestoreConversationService initialisé
2026-05-02 13:59:42 | INFO | ✅ FirestoreConversationService initialisé
2026-05-02 14:00:56 | INFO | ✅ FirestoreConversationService initialisé
2026-05-02 14:01:38 | INFO | ✅ FirestoreConversationService initialisé
2026-05-02 14:04:51 | INFO | ✅ FirestoreConversationService initialisé
2026-05-02 14:07:23 | INFO | ✅ FirestoreConversationService initialisé
2026-05-02 14:28:30 | INFO | ✅ FirestoreConversationService initialisé
2026-05-02 14:29:41 | INFO | ✅ FirestoreConversationService initialisé
2026-05-02 14:30:12 | INFO | ✅ FirestoreConversationService initialisé
2026-05-02 14:32:39 | INFO | ✅ FirestoreConversationService initialisé
2026-05-02 14:46:58 | INFO | ✅ FirestoreConversationService initialisé
2026-05-02 14:47:17 | INFO | [FIRESTORE] 🧹 Cleaning old anonymous conversations > 1h
2026-05-02 14:47:18 | INFO | [FIRESTORE] Deleting old anonymous session: Kqd10qodvsMn6rFB53dBW2Nks6o2__a1b2c3d4-0001-0000-0000-000000000001__1777725820774
2026-05-02 14:47:19 | INFO | [FIRESTORE] ✅ Deleted session Kqd10qodvsMn6rFB53dBW2Nks6o2__a1b2c3d4-0001-0000-0000-000000000001__1777725820774 (9 messages)
2026-05-02 14:47:19 | INFO | [FIRESTORE] ✅ Cleanup complete: 9 messages, 1 sessions
2026-05-02 14:50:33 | INFO | [FIRESTORE] 📋 Getting user conversations | user=431fff88-549d-46bb-96b1-e4b3521221b7 | tenant=a1b2c3d4-0001-0000-0000-000000000001
2026-05-02 14:50:40 | INFO | [FIRESTORE] ✅ Found 6 conversations for user 431fff88-549d-46bb-96b1-e4b3521221b7
2026-05-02 14:50:42 | INFO | [FIRESTORE] 📖 Getting history | session=431fff88-549d-46bb-96b1-e4b3521221b7__a1b2c3d4-0001-0000-0000-000000000001__1777573339295 | tenant=a1b2c3d4-0001-0000-0000-000000000001
2026-05-02 14:50:42 | INFO | [FIRESTORE] ✅ Retrieved 42 messages
2026-05-02 14:51:35 | INFO | [FIRESTORE] 💾 Saving message | session=431fff88-549d-46bb-96b1-e4b3521221b7__a1b2c3d4-0001-0000-0000-000000000001__1777573339295 | tenant=a1b2c3d4-0001-0000-0000-000000000001 | user=431fff88-549d-46bb-96b1-e4b3521221b7
2026-05-02 14:51:35 | INFO | [FIRESTORE] First message: False
2026-05-02 14:51:35 | INFO | [FIRESTORE] ✅ Message saved | doc_id=Bz7UvvuNHr9He3TAIVyA
2026-05-02 14:51:36 | DEBUG | [FIRESTORE] Updated metadata for 431fff88-549d-46bb-96b1-e4b3521221b7__a1b2c3d4-0001-0000-0000-000000000001__1777573339295
2026-05-02 15:05:57 | INFO | ✅ FirestoreConversationService initialisé
2026-05-02 15:06:14 | INFO | [FIRESTORE] 🧹 Cleaning old anonymous conversations > 1h
2026-05-02 15:06:15 | INFO | [FIRESTORE] ✅ Cleanup complete: 0 messages, 0 sessions
2026-05-02 15:06:53 | INFO | [FIRESTORE] 💾 Saving message | session=431fff88-549d-46bb-96b1-e4b3521221b7__a1b2c3d4-0001-0000-0000-000000000001__1777573339295 | tenant=a1b2c3d4-0001-0000-0000-000000000001 | user=431fff88-549d-46bb-96b1-e4b3521221b7
2026-05-02 15:06:54 | INFO | [FIRESTORE] First message: False
2026-05-02 15:06:54 | INFO | [FIRESTORE] ✅ Message saved | doc_id=e0CtSsTHB5jBJqiKiOHm
2026-05-02 15:06:54 | DEBUG | [FIRESTORE] Updated metadata for 431fff88-549d-46bb-96b1-e4b3521221b7__a1b2c3d4-0001-0000-0000-000000000001__1777573339295
2026-05-02 15:24:17 | INFO | [FIRESTORE] 💾 Saving message | session=431fff88-549d-46bb-96b1-e4b3521221b7__a1b2c3d4-0001-0000-0000-000000000001__1777573339295 | tenant=a1b2c3d4-0001-0000-0000-000000000001 | user=431fff88-549d-46bb-96b1-e4b3521221b7
2026-05-02 15:24:17 | INFO | [FIRESTORE] First message: False
2026-05-02 15:24:17 | INFO | [FIRESTORE] ✅ Message saved | doc_id=5WERbx4sKSs5BBMRroFr
2026-05-02 15:24:17 | DEBUG | [FIRESTORE] Updated metadata for 431fff88-549d-46bb-96b1-e4b3521221b7__a1b2c3d4-0001-0000-0000-000000000001__1777573339295
2026-05-02 15:28:37 | INFO | ✅ FirestoreConversationService initialisé
2026-05-02 15:29:00 | INFO | [FIRESTORE] 🧹 Cleaning old anonymous conversations > 1h
2026-05-02 15:29:01 | INFO | [FIRESTORE] ✅ Cleanup complete: 0 messages, 0 sessions
2026-05-02 15:30:54 | INFO | [FIRESTORE] 💾 Saving message | session=431fff88-549d-46bb-96b1-e4b3521221b7__a1b2c3d4-0001-0000-0000-000000000001__1777573339295 | tenant=a1b2c3d4-0001-0000-0000-000000000001 | user=431fff88-549d-46bb-96b1-e4b3521221b7
2026-05-02 15:30:54 | INFO | [FIRESTORE] First message: False
2026-05-02 15:30:54 | INFO | [FIRESTORE] ✅ Message saved | doc_id=P5PKUNm9LroMDt7XkiDR
2026-05-02 15:30:54 | DEBUG | [FIRESTORE] Updated metadata for 431fff88-549d-46bb-96b1-e4b3521221b7__a1b2c3d4-0001-0000-0000-000000000001__1777573339295
2026-05-02 15:33:41 | INFO | ✅ FirestoreConversationService initialisé
2026-05-02 15:34:01 | INFO | [FIRESTORE] 🧹 Cleaning old anonymous conversations > 1h
2026-05-02 15:34:02 | INFO | [FIRESTORE] ✅ Cleanup complete: 0 messages, 0 sessions
2026-05-02 15:37:40 | INFO | ✅ FirestoreConversationService initialisé
2026-05-02 15:37:53 | INFO | ✅ FirestoreConversationService initialisé
2026-05-02 15:38:10 | INFO | [FIRESTORE] 🧹 Cleaning old anonymous conversations > 1h
2026-05-02 15:38:11 | INFO | [FIRESTORE] ✅ Cleanup complete: 0 messages, 0 sessions
2026-05-02 15:38:59 | INFO | [FIRESTORE] 💾 Saving message | session=431fff88-549d-46bb-96b1-e4b3521221b7__a1b2c3d4-0001-0000-0000-000000000001__1777573339295 | tenant=a1b2c3d4-0001-0000-0000-000000000001 | user=431fff88-549d-46bb-96b1-e4b3521221b7
2026-05-02 15:38:59 | INFO | [FIRESTORE] First message: False
2026-05-02 15:38:59 | INFO | [FIRESTORE] ✅ Message saved | doc_id=GdUO7mF41GdidqhG80PW
2026-05-02 15:38:59 | DEBUG | [FIRESTORE] Updated metadata for 431fff88-549d-46bb-96b1-e4b3521221b7__a1b2c3d4-0001-0000-0000-000000000001__1777573339295
2026-05-02 15:42:58 | INFO | ✅ FirestoreConversationService initialisé
2026-05-02 15:43:16 | INFO | ✅ FirestoreConversationService initialisé
2026-05-02 15:43:36 | INFO | [FIRESTORE] 🧹 Cleaning old anonymous conversations > 1h
2026-05-02 15:43:38 | INFO | [FIRESTORE] ✅ Cleanup complete: 0 messages, 0 sessions
2026-05-02 15:44:50 | INFO | ✅ FirestoreConversationService initialisé
2026-05-02 15:45:10 | INFO | [FIRESTORE] 🧹 Cleaning old anonymous conversations > 1h
2026-05-02 15:45:12 | INFO | [FIRESTORE] ✅ Cleanup complete: 0 messages, 0 sessions
2026-05-02 15:45:41 | INFO | [FIRESTORE] 💾 Saving message | session=431fff88-549d-46bb-96b1-e4b3521221b7__a1b2c3d4-0001-0000-0000-000000000001__1777573339295 | tenant=a1b2c3d4-0001-0000-0000-000000000001 | user=431fff88-549d-46bb-96b1-e4b3521221b7
2026-05-02 15:45:42 | INFO | [FIRESTORE] First message: False
2026-05-02 15:45:42 | INFO | [FIRESTORE] ✅ Message saved | doc_id=Qw1Bn7nWrUvV8woVfws4
2026-05-02 15:45:42 | DEBUG | [FIRESTORE] Updated metadata for 431fff88-549d-46bb-96b1-e4b3521221b7__a1b2c3d4-0001-0000-0000-000000000001__1777573339295
2026-05-02 15:53:25 | INFO | ✅ FirestoreConversationService initialisé
2026-05-02 15:53:40 | INFO | [FIRESTORE] 🧹 Cleaning old anonymous conversations > 1h
2026-05-02 15:53:41 | INFO | [FIRESTORE] ✅ Cleanup complete: 0 messages, 0 sessions
2026-05-02 15:55:44 | INFO | [FIRESTORE] 💾 Saving message | session=431fff88-549d-46bb-96b1-e4b3521221b7__a1b2c3d4-0001-0000-0000-000000000001__1777573339295 | tenant=a1b2c3d4-0001-0000-0000-000000000001 | user=431fff88-549d-46bb-96b1-e4b3521221b7
2026-05-02 15:55:44 | INFO | [FIRESTORE] First message: False
2026-05-02 15:55:44 | INFO | [FIRESTORE] ✅ Message saved | doc_id=6Woi4ndx9Gwa4DBh3O9R
2026-05-02 15:55:45 | DEBUG | [FIRESTORE] Updated metadata for 431fff88-549d-46bb-96b1-e4b3521221b7__a1b2c3d4-0001-0000-0000-000000000001__1777573339295
2026-05-02 15:57:36 | INFO | [FIRESTORE] 📋 Getting user conversations | user=431fff88-549d-46bb-96b1-e4b3521221b7 | tenant=a1b2c3d4-0001-0000-0000-000000000001
2026-05-02 15:57:43 | INFO | [FIRESTORE] ✅ Found 6 conversations for user 431fff88-549d-46bb-96b1-e4b3521221b7
2026-05-02 15:57:43 | INFO | [FIRESTORE] 📖 Getting history | session=431fff88-549d-46bb-96b1-e4b3521221b7__a1b2c3d4-0001-0000-0000-000000000001__1777573339295 | tenant=a1b2c3d4-0001-0000-0000-000000000001
2026-05-02 15:57:43 | INFO | [FIRESTORE] ✅ Retrieved 49 messages
2026-05-02 15:58:31 | INFO | [FIRESTORE] 💾 Saving message | session=431fff88-549d-46bb-96b1-e4b3521221b7__a1b2c3d4-0001-0000-0000-000000000001__1777573339295 | tenant=a1b2c3d4-0001-0000-0000-000000000001 | user=431fff88-549d-46bb-96b1-e4b3521221b7
2026-05-02 15:58:31 | INFO | [FIRESTORE] First message: False
2026-05-02 15:58:32 | INFO | [FIRESTORE] ✅ Message saved | doc_id=qVJqhr2ajPUkxywzbWY0
2026-05-02 15:58:32 | DEBUG | [FIRESTORE] Updated metadata for 431fff88-549d-46bb-96b1-e4b3521221b7__a1b2c3d4-0001-0000-0000-000000000001__1777573339295
2026-05-02 16:00:26 | INFO | [FIRESTORE] 💾 Saving message | session=431fff88-549d-46bb-96b1-e4b3521221b7__a1b2c3d4-0001-0000-0000-000000000001__1777573339295 | tenant=a1b2c3d4-0001-0000-0000-000000000001 | user=431fff88-549d-46bb-96b1-e4b3521221b7
2026-05-02 16:00:26 | INFO | [FIRESTORE] First message: False
2026-05-02 16:00:26 | INFO | [FIRESTORE] ✅ Message saved | doc_id=ftsskw1raAjjcFg9tPKk
2026-05-02 16:00:26 | DEBUG | [FIRESTORE] Updated metadata for 431fff88-549d-46bb-96b1-e4b3521221b7__a1b2c3d4-0001-0000-0000-000000000001__1777573339295
2026-05-02 16:01:55 | INFO | [FIRESTORE] 📋 Getting user conversations | user=431fff88-549d-46bb-96b1-e4b3521221b7 | tenant=a1b2c3d4-0001-0000-0000-000000000001
2026-05-02 16:02:00 | INFO | [FIRESTORE] ✅ Found 6 conversations for user 431fff88-549d-46bb-96b1-e4b3521221b7
2026-05-02 16:02:01 | INFO | [FIRESTORE] 📖 Getting history | session=431fff88-549d-46bb-96b1-e4b3521221b7__a1b2c3d4-0001-0000-0000-000000000001__1777573339295 | tenant=a1b2c3d4-0001-0000-0000-000000000001
2026-05-02 16:02:01 | INFO | [FIRESTORE] ✅ Retrieved 50 messages
2026-05-02 16:11:53 | INFO | [FIRESTORE] 💾 Saving message | session=431fff88-549d-46bb-96b1-e4b3521221b7__a1b2c3d4-0001-0000-0000-000000000001__1777573339295 | tenant=a1b2c3d4-0001-0000-0000-000000000001 | user=431fff88-549d-46bb-96b1-e4b3521221b7
2026-05-02 16:11:53 | INFO | [FIRESTORE] First message: False
2026-05-02 16:11:54 | INFO | [FIRESTORE] ✅ Message saved | doc_id=Pa1vhQTRgQ5MAW56vInM
2026-05-02 16:11:54 | DEBUG | [FIRESTORE] Updated metadata for 431fff88-549d-46bb-96b1-e4b3521221b7__a1b2c3d4-0001-0000-0000-000000000001__1777573339295
2026-05-02 16:12:20 | INFO | [FIRESTORE] 💾 Saving message | session=431fff88-549d-46bb-96b1-e4b3521221b7__a1b2c3d4-0001-0000-0000-000000000001__1777573339295 | tenant=a1b2c3d4-0001-0000-0000-000000000001 | user=431fff88-549d-46bb-96b1-e4b3521221b7
2026-05-02 16:12:20 | INFO | [FIRESTORE] First message: False
2026-05-02 16:12:20 | INFO | [FIRESTORE] ✅ Message saved | doc_id=RpFqIqndT0FmpOqQgBg3
2026-05-02 16:12:21 | DEBUG | [FIRESTORE] Updated metadata for 431fff88-549d-46bb-96b1-e4b3521221b7__a1b2c3d4-0001-0000-0000-000000000001__1777573339295
2026-05-02 16:12:43 | INFO | [FIRESTORE] 💾 Saving message | session=431fff88-549d-46bb-96b1-e4b3521221b7__a1b2c3d4-0001-0000-0000-000000000001__1777573339295 | tenant=a1b2c3d4-0001-0000-0000-000000000001 | user=431fff88-549d-46bb-96b1-e4b3521221b7
2026-05-02 16:12:43 | INFO | [FIRESTORE] First message: False
2026-05-02 16:12:43 | INFO | [FIRESTORE] ✅ Message saved | doc_id=EY8gXCGGEzYvu7HIP65y
2026-05-02 16:12:43 | DEBUG | [FIRESTORE] Updated metadata for 431fff88-549d-46bb-96b1-e4b3521221b7__a1b2c3d4-0001-0000-0000-000000000001__1777573339295
2026-05-02 16:12:52 | INFO | [FIRESTORE] 📋 Getting user conversations | user=431fff88-549d-46bb-96b1-e4b3521221b7 | tenant=a1b2c3d4-0001-0000-0000-000000000001
2026-05-02 16:12:57 | INFO | [FIRESTORE] ✅ Found 6 conversations for user 431fff88-549d-46bb-96b1-e4b3521221b7
2026-05-02 16:12:58 | INFO | [FIRESTORE] 📖 Getting history | session=431fff88-549d-46bb-96b1-e4b3521221b7__a1b2c3d4-0001-0000-0000-000000000001__1777573339295 | tenant=a1b2c3d4-0001-0000-0000-000000000001
2026-05-02 16:12:58 | INFO | [FIRESTORE] ✅ Retrieved 50 messages
2026-05-02 16:13:03 | INFO | [FIRESTORE] 💾 Saving message | session=431fff88-549d-46bb-96b1-e4b3521221b7__a1b2c3d4-0001-0000-0000-000000000001__1777573339295 | tenant=a1b2c3d4-0001-0000-0000-000000000001 | user=431fff88-549d-46bb-96b1-e4b3521221b7
2026-05-02 16:13:03 | INFO | [FIRESTORE] First message: False
2026-05-02 16:13:03 | INFO | [FIRESTORE] ✅ Message saved | doc_id=wFFzk9wmiHLJs8VK7DWG
2026-05-02 16:13:03 | DEBUG | [FIRESTORE] Updated metadata for 431fff88-549d-46bb-96b1-e4b3521221b7__a1b2c3d4-0001-0000-0000-000000000001__1777573339295
2026-05-02 16:13:46 | INFO | [FIRESTORE] 💾 Saving message | session=431fff88-549d-46bb-96b1-e4b3521221b7__a1b2c3d4-0001-0000-0000-000000000001__1777573339295 | tenant=a1b2c3d4-0001-0000-0000-000000000001 | user=431fff88-549d-46bb-96b1-e4b3521221b7
2026-05-02 16:13:46 | INFO | [FIRESTORE] First message: False
2026-05-02 16:13:46 | INFO | [FIRESTORE] ✅ Message saved | doc_id=2RCNC6i2VD1dYl86WKei
2026-05-02 16:13:46 | DEBUG | [FIRESTORE] Updated metadata for 431fff88-549d-46bb-96b1-e4b3521221b7__a1b2c3d4-0001-0000-0000-000000000001__1777573339295
2026-05-02 16:15:06 | INFO | [FIRESTORE] 📋 Getting user conversations | user=431fff88-549d-46bb-96b1-e4b3521221b7 | tenant=a1b2c3d4-0001-0000-0000-000000000001
2026-05-02 16:15:12 | INFO | [FIRESTORE] ✅ Found 6 conversations for user 431fff88-549d-46bb-96b1-e4b3521221b7
2026-05-02 16:15:12 | INFO | [FIRESTORE] 📖 Getting history | session=431fff88-549d-46bb-96b1-e4b3521221b7__a1b2c3d4-0001-0000-0000-000000000001__1777573339295 | tenant=a1b2c3d4-0001-0000-0000-000000000001
2026-05-02 16:15:12 | INFO | [FIRESTORE] ✅ Retrieved 50 messages
2026-05-02 16:16:05 | INFO | [FIRESTORE] 💾 Saving message | session=431fff88-549d-46bb-96b1-e4b3521221b7__a1b2c3d4-0001-0000-0000-000000000001__1777573339295 | tenant=a1b2c3d4-0001-0000-0000-000000000001 | user=431fff88-549d-46bb-96b1-e4b3521221b7
2026-05-02 16:16:05 | INFO | [FIRESTORE] First message: False
2026-05-02 16:16:05 | INFO | [FIRESTORE] ✅ Message saved | doc_id=7cygUz9sC6EQSN5aqoJP
2026-05-02 16:16:05 | DEBUG | [FIRESTORE] Updated metadata for 431fff88-549d-46bb-96b1-e4b3521221b7__a1b2c3d4-0001-0000-0000-000000000001__1777573339295
2026-05-02 16:16:45 | INFO | [FIRESTORE] 📖 Getting history | session=431fff88-549d-46bb-96b1-e4b3521221b7__a1b2c3d4-0001-0000-0000-000000000001__1777573339295 | tenant=a1b2c3d4-0001-0000-0000-000000000001
2026-05-02 16:16:45 | INFO | [FIRESTORE] ✅ Retrieved 50 messages
2026-05-02 16:16:45 | INFO | [FIRESTORE] 📋 Getting user conversations | user=431fff88-549d-46bb-96b1-e4b3521221b7 | tenant=a1b2c3d4-0001-0000-0000-000000000001
2026-05-02 16:16:51 | INFO | [FIRESTORE] ✅ Found 6 conversations for user 431fff88-549d-46bb-96b1-e4b3521221b7
2026-05-02 16:18:33 | INFO | [FIRESTORE] 💾 Saving message | session=431fff88-549d-46bb-96b1-e4b3521221b7__a1b2c3d4-0001-0000-0000-000000000001__1777573339295 | tenant=a1b2c3d4-0001-0000-0000-000000000001 | user=431fff88-549d-46bb-96b1-e4b3521221b7
2026-05-02 16:18:33 | INFO | [FIRESTORE] First message: False
2026-05-02 16:18:33 | INFO | [FIRESTORE] ✅ Message saved | doc_id=o8M31ozqttZPm5xGyRfc
2026-05-02 16:18:33 | DEBUG | [FIRESTORE] Updated metadata for 431fff88-549d-46bb-96b1-e4b3521221b7__a1b2c3d4-0001-0000-0000-000000000001__1777573339295
2026-05-02 16:19:04 | INFO | [FIRESTORE] 💾 Saving message | session=431fff88-549d-46bb-96b1-e4b3521221b7__a1b2c3d4-0001-0000-0000-000000000001__1777573339295 | tenant=a1b2c3d4-0001-0000-0000-000000000001 | user=431fff88-549d-46bb-96b1-e4b3521221b7
2026-05-02 16:19:04 | INFO | [FIRESTORE] First message: False
2026-05-02 16:19:04 | INFO | [FIRESTORE] ✅ Message saved | doc_id=BIyElolDnKB470UE7q9z
2026-05-02 16:19:05 | DEBUG | [FIRESTORE] Updated metadata for 431fff88-549d-46bb-96b1-e4b3521221b7__a1b2c3d4-0001-0000-0000-000000000001__1777573339295
2026-05-02 16:19:38 | INFO | [FIRESTORE] 📋 Getting user conversations | user=431fff88-549d-46bb-96b1-e4b3521221b7 | tenant=a1b2c3d4-0001-0000-0000-000000000001
2026-05-02 16:19:45 | INFO | [FIRESTORE] ✅ Found 6 conversations for user 431fff88-549d-46bb-96b1-e4b3521221b7
2026-05-02 16:19:45 | INFO | [FIRESTORE] 📖 Getting history | session=431fff88-549d-46bb-96b1-e4b3521221b7__a1b2c3d4-0001-0000-0000-000000000001__1777573339295 | tenant=a1b2c3d4-0001-0000-0000-000000000001
2026-05-02 16:19:45 | INFO | [FIRESTORE] ✅ Retrieved 50 messages
2026-05-02 16:22:09 | INFO | [FIRESTORE] 💾 Saving message | session=431fff88-549d-46bb-96b1-e4b3521221b7__a1b2c3d4-0001-0000-0000-000000000001__1777735310227 | tenant=a1b2c3d4-0001-0000-0000-000000000001 | user=431fff88-549d-46bb-96b1-e4b3521221b7
2026-05-02 16:22:09 | INFO | [FIRESTORE] First message: True
2026-05-02 16:22:09 | INFO | [FIRESTORE] ✅ Message saved | doc_id=moDRU6bJayB9Xnrgx3HT
2026-05-02 16:22:10 | INFO | [FIRESTORE] ✅ Session metadata created for 431fff88-549d-46bb-96b1-e4b3521221b7__a1b2c3d4-0001-0000-0000-000000000001__1777735310227
2026-05-02 16:23:16 | INFO | [FIRESTORE] 💾 Saving message | session=431fff88-549d-46bb-96b1-e4b3521221b7__a1b2c3d4-0001-0000-0000-000000000001__1777735310227 | tenant=a1b2c3d4-0001-0000-0000-000000000001 | user=431fff88-549d-46bb-96b1-e4b3521221b7
2026-05-02 16:23:16 | INFO | [FIRESTORE] First message: False
2026-05-02 16:23:16 | INFO | [FIRESTORE] ✅ Message saved | doc_id=UcrloFr7VBHd265zC0p0
2026-05-02 16:23:16 | DEBUG | [FIRESTORE] Updated metadata for 431fff88-549d-46bb-96b1-e4b3521221b7__a1b2c3d4-0001-0000-0000-000000000001__1777735310227
2026-05-02 16:23:35 | INFO | [FIRESTORE] 🧹 Cleaning old anonymous conversations > 1h
2026-05-02 16:23:35 | INFO | [FIRESTORE] ✅ Cleanup complete: 0 messages, 0 sessions
2026-05-02 16:23:38 | INFO | [FIRESTORE] 📋 Getting user conversations | user=431fff88-549d-46bb-96b1-e4b3521221b7 | tenant=a1b2c3d4-0001-0000-0000-000000000001
2026-05-02 16:23:45 | INFO | [FIRESTORE] ✅ Found 7 conversations for user 431fff88-549d-46bb-96b1-e4b3521221b7
2026-05-02 16:23:48 | INFO | [FIRESTORE] 📖 Getting history | session=431fff88-549d-46bb-96b1-e4b3521221b7__a1b2c3d4-0001-0000-0000-000000000001__1777735310227 | tenant=a1b2c3d4-0001-0000-0000-000000000001
2026-05-02 16:23:48 | INFO | [FIRESTORE] ✅ Retrieved 2 messages
2026-05-02 16:23:58 | INFO | [FIRESTORE] 💾 Saving message | session=431fff88-549d-46bb-96b1-e4b3521221b7__a1b2c3d4-0001-0000-0000-000000000001__1777735310227 | tenant=a1b2c3d4-0001-0000-0000-000000000001 | user=431fff88-549d-46bb-96b1-e4b3521221b7
2026-05-02 16:23:58 | INFO | [FIRESTORE] First message: False
2026-05-02 16:23:58 | INFO | [FIRESTORE] ✅ Message saved | doc_id=zXEsJZFQV3N9BsR9cOkb
2026-05-02 16:23:58 | DEBUG | [FIRESTORE] Updated metadata for 431fff88-549d-46bb-96b1-e4b3521221b7__a1b2c3d4-0001-0000-0000-000000000001__1777735310227
2026-05-02 16:25:03 | INFO | [FIRESTORE] 📋 Getting user conversations | user=431fff88-549d-46bb-96b1-e4b3521221b7 | tenant=a1b2c3d4-0001-0000-0000-000000000001
2026-05-02 16:25:09 | INFO | [FIRESTORE] ✅ Found 7 conversations for user 431fff88-549d-46bb-96b1-e4b3521221b7
2026-05-02 16:25:09 | INFO | [FIRESTORE] 🗑️ Deleting conversation | session=431fff88-549d-46bb-96b1-e4b3521221b7__a1b2c3d4-0001-0000-0000-000000000001__1777735310227 | tenant=a1b2c3d4-0001-0000-0000-000000000001
2026-05-02 16:25:10 | INFO | [FIRESTORE] ✅ Deleted 3 messages from session 431fff88-549d-46bb-96b1-e4b3521221b7__a1b2c3d4-0001-0000-0000-000000000001__1777735310227
2026-05-02 16:25:15 | INFO | [FIRESTORE] 📖 Getting history | session=431fff88-549d-46bb-96b1-e4b3521221b7__a1b2c3d4-0001-0000-0000-000000000001__1777652262338 | tenant=a1b2c3d4-0001-0000-0000-000000000001
2026-05-02 16:25:15 | INFO | [FIRESTORE] ✅ Retrieved 28 messages
2026-05-02 16:25:36 | INFO | [FIRESTORE] 💾 Saving message | session=431fff88-549d-46bb-96b1-e4b3521221b7__a1b2c3d4-0001-0000-0000-000000000001__1777652262338 | tenant=a1b2c3d4-0001-0000-0000-000000000001 | user=431fff88-549d-46bb-96b1-e4b3521221b7
2026-05-02 16:25:37 | INFO | [FIRESTORE] First message: False
2026-05-02 16:25:37 | INFO | [FIRESTORE] ✅ Message saved | doc_id=F78fCQrY9Yr8E3aMwLN9
2026-05-02 16:25:37 | DEBUG | [FIRESTORE] Updated metadata for 431fff88-549d-46bb-96b1-e4b3521221b7__a1b2c3d4-0001-0000-0000-000000000001__1777652262338
2026-05-02 16:26:01 | INFO | [FIRESTORE] 📖 Getting history | session=431fff88-549d-46bb-96b1-e4b3521221b7__a1b2c3d4-0001-0000-0000-000000000001__1777638138644 | tenant=a1b2c3d4-0001-0000-0000-000000000001
2026-05-02 16:26:01 | INFO | [FIRESTORE] ✅ Retrieved 50 messages
2026-05-02 16:26:23 | INFO | [FIRESTORE] 💾 Saving message | session=431fff88-549d-46bb-96b1-e4b3521221b7__a1b2c3d4-0001-0000-0000-000000000001__1777638138644 | tenant=a1b2c3d4-0001-0000-0000-000000000001 | user=431fff88-549d-46bb-96b1-e4b3521221b7
2026-05-02 16:26:23 | INFO | [FIRESTORE] First message: False
2026-05-02 16:26:23 | INFO | [FIRESTORE] ✅ Message saved | doc_id=vVKJoWG43ffI0u6yrP0Y
2026-05-02 16:26:23 | DEBUG | [FIRESTORE] Updated metadata for 431fff88-549d-46bb-96b1-e4b3521221b7__a1b2c3d4-0001-0000-0000-000000000001__1777638138644
2026-05-02 16:29:56 | INFO | [FIRESTORE] 💾 Saving message | session=431fff88-549d-46bb-96b1-e4b3521221b7__a1b2c3d4-0001-0000-0000-000000000001__1777638138644 | tenant=a1b2c3d4-0001-0000-0000-000000000001 | user=431fff88-549d-46bb-96b1-e4b3521221b7
2026-05-02 16:29:56 | INFO | [FIRESTORE] First message: False
2026-05-02 16:29:56 | INFO | [FIRESTORE] ✅ Message saved | doc_id=8JHiBsevKUFaQabJDovN
2026-05-02 16:29:57 | DEBUG | [FIRESTORE] Updated metadata for 431fff88-549d-46bb-96b1-e4b3521221b7__a1b2c3d4-0001-0000-0000-000000000001__1777638138644
2026-05-02 16:34:44 | INFO | ✅ FirestoreConversationService initialisé
2026-05-02 16:35:00 | INFO | [FIRESTORE] 🧹 Cleaning old anonymous conversations > 1h
2026-05-02 16:35:02 | INFO | [FIRESTORE] ✅ Cleanup complete: 0 messages, 0 sessions
2026-05-02 16:36:21 | INFO | [FIRESTORE] 💾 Saving message | session=431fff88-549d-46bb-96b1-e4b3521221b7__a1b2c3d4-0001-0000-0000-000000000001__1777638138644 | tenant=a1b2c3d4-0001-0000-0000-000000000001 | user=431fff88-549d-46bb-96b1-e4b3521221b7
2026-05-02 16:36:21 | INFO | [FIRESTORE] First message: False
2026-05-02 16:36:21 | INFO | [FIRESTORE] ✅ Message saved | doc_id=EiqoYXiGN1AsCDtx4tRO
2026-05-02 16:36:21 | DEBUG | [FIRESTORE] Updated metadata for 431fff88-549d-46bb-96b1-e4b3521221b7__a1b2c3d4-0001-0000-0000-000000000001__1777638138644
2026-05-02 16:36:37 | INFO | [FIRESTORE] 📋 Getting user conversations | user=431fff88-549d-46bb-96b1-e4b3521221b7 | tenant=a1b2c3d4-0001-0000-0000-000000000001
2026-05-02 16:36:42 | INFO | [FIRESTORE] ✅ Found 6 conversations for user 431fff88-549d-46bb-96b1-e4b3521221b7
2026-05-02 16:36:42 | INFO | [FIRESTORE] 📖 Getting history | session=431fff88-549d-46bb-96b1-e4b3521221b7__a1b2c3d4-0001-0000-0000-000000000001__1777638138644 | tenant=a1b2c3d4-0001-0000-0000-000000000001
2026-05-02 16:36:42 | INFO | [FIRESTORE] ✅ Retrieved 50 messages
2026-05-02 16:38:09 | INFO | [FIRESTORE] 💾 Saving message | session=431fff88-549d-46bb-96b1-e4b3521221b7__a1b2c3d4-0001-0000-0000-000000000001__1777638138644 | tenant=a1b2c3d4-0001-0000-0000-000000000001 | user=431fff88-549d-46bb-96b1-e4b3521221b7
2026-05-02 16:38:09 | INFO | [FIRESTORE] First message: False
2026-05-02 16:38:09 | INFO | [FIRESTORE] ✅ Message saved | doc_id=MyX1P37q2783LA6EyD3G
2026-05-02 16:38:09 | DEBUG | [FIRESTORE] Updated metadata for 431fff88-549d-46bb-96b1-e4b3521221b7__a1b2c3d4-0001-0000-0000-000000000001__1777638138644
2026-05-02 16:49:26 | INFO | [FIRESTORE] 📖 Getting history | session=431fff88-549d-46bb-96b1-e4b3521221b7__a1b2c3d4-0001-0000-0000-000000000001__1777638138644 | tenant=a1b2c3d4-0001-0000-0000-000000000001
2026-05-02 16:49:27 | INFO | [FIRESTORE] ✅ Retrieved 50 messages
2026-05-02 16:49:27 | INFO | [FIRESTORE] 📋 Getting user conversations | user=431fff88-549d-46bb-96b1-e4b3521221b7 | tenant=a1b2c3d4-0001-0000-0000-000000000001
2026-05-02 16:49:33 | INFO | [FIRESTORE] ✅ Found 6 conversations for user 431fff88-549d-46bb-96b1-e4b3521221b7
2026-05-02 16:51:04 | INFO | [FIRESTORE] 💾 Saving message | session=431fff88-549d-46bb-96b1-e4b3521221b7__a1b2c3d4-0001-0000-0000-000000000001__1777638138644 | tenant=a1b2c3d4-0001-0000-0000-000000000001 | user=431fff88-549d-46bb-96b1-e4b3521221b7
2026-05-02 16:51:05 | INFO | [FIRESTORE] First message: False
2026-05-02 16:51:05 | INFO | [FIRESTORE] ✅ Message saved | doc_id=WRgg8XcFEj7kbIoUxfwX
2026-05-02 16:51:05 | DEBUG | [FIRESTORE] Updated metadata for 431fff88-549d-46bb-96b1-e4b3521221b7__a1b2c3d4-0001-0000-0000-000000000001__1777638138644
2026-05-02 16:51:20 | INFO | [FIRESTORE] 💾 Saving message | session=431fff88-549d-46bb-96b1-e4b3521221b7__a1b2c3d4-0001-0000-0000-000000000001__1777638138644 | tenant=a1b2c3d4-0001-0000-0000-000000000001 | user=431fff88-549d-46bb-96b1-e4b3521221b7
2026-05-02 16:51:20 | INFO | [FIRESTORE] First message: False
2026-05-02 16:51:20 | INFO | [FIRESTORE] ✅ Message saved | doc_id=SQiBcWzlOeJti8elzyV5
2026-05-02 16:51:20 | DEBUG | [FIRESTORE] Updated metadata for 431fff88-549d-46bb-96b1-e4b3521221b7__a1b2c3d4-0001-0000-0000-000000000001__1777638138644
2026-05-02 16:51:39 | INFO | [FIRESTORE] 📖 Getting history | session=431fff88-549d-46bb-96b1-e4b3521221b7__a1b2c3d4-0001-0000-0000-000000000001__1777638138644 | tenant=a1b2c3d4-0001-0000-0000-000000000001
2026-05-02 16:51:39 | INFO | [FIRESTORE] ✅ Retrieved 50 messages
2026-05-02 16:51:39 | INFO | [FIRESTORE] 📋 Getting user conversations | user=431fff88-549d-46bb-96b1-e4b3521221b7 | tenant=a1b2c3d4-0001-0000-0000-000000000001
2026-05-02 16:51:45 | INFO | [FIRESTORE] ✅ Found 6 conversations for user 431fff88-549d-46bb-96b1-e4b3521221b7
2026-05-02 17:02:09 | INFO | [FIRESTORE] 📖 Getting history | session=431fff88-549d-46bb-96b1-e4b3521221b7__a1b2c3d4-0001-0000-0000-000000000001__1777638138644 | tenant=a1b2c3d4-0001-0000-0000-000000000001
2026-05-02 17:02:10 | INFO | [FIRESTORE] ✅ Retrieved 50 messages
2026-05-02 17:02:10 | INFO | [FIRESTORE] 📋 Getting user conversations | user=431fff88-549d-46bb-96b1-e4b3521221b7 | tenant=a1b2c3d4-0001-0000-0000-000000000001
2026-05-02 17:02:15 | INFO | [FIRESTORE] ✅ Found 6 conversations for user 431fff88-549d-46bb-96b1-e4b3521221b7
2026-05-02 17:03:21 | INFO | [FIRESTORE] 📋 Getting user conversations | user=431fff88-549d-46bb-96b1-e4b3521221b7 | tenant=a1b2c3d4-0001-0000-0000-000000000001
2026-05-02 17:03:27 | INFO | [FIRESTORE] ✅ Found 6 conversations for user 431fff88-549d-46bb-96b1-e4b3521221b7
2026-05-02 17:03:27 | INFO | [FIRESTORE] 📖 Getting history | session=431fff88-549d-46bb-96b1-e4b3521221b7__a1b2c3d4-0001-0000-0000-000000000001__1777638138644 | tenant=a1b2c3d4-0001-0000-0000-000000000001
2026-05-02 17:03:27 | INFO | [FIRESTORE] ✅ Retrieved 50 messages
2026-05-02 17:04:55 | INFO | [FIRESTORE] 🧹 Cleaning old anonymous conversations > 1h
2026-05-02 17:04:56 | INFO | [FIRESTORE] ✅ Cleanup complete: 0 messages, 0 sessions
2026-05-02 17:08:58 | INFO | ✅ FirestoreConversationService initialisé
2026-05-02 17:09:17 | INFO | [FIRESTORE] 🧹 Cleaning old anonymous conversations > 1h
2026-05-02 17:09:19 | INFO | [FIRESTORE] ✅ Cleanup complete: 0 messages, 0 sessions
2026-05-02 17:10:19 | INFO | [FIRESTORE] 💾 Saving message | session=431fff88-549d-46bb-96b1-e4b3521221b7__a1b2c3d4-0001-0000-0000-000000000001__1777638138644 | tenant=a1b2c3d4-0001-0000-0000-000000000001 | user=431fff88-549d-46bb-96b1-e4b3521221b7
2026-05-02 17:10:20 | INFO | [FIRESTORE] First message: False
2026-05-02 17:10:20 | INFO | [FIRESTORE] ✅ Message saved | doc_id=MEi3pVQhuHRDY9PIecN1
2026-05-02 17:10:20 | DEBUG | [FIRESTORE] Updated metadata for 431fff88-549d-46bb-96b1-e4b3521221b7__a1b2c3d4-0001-0000-0000-000000000001__1777638138644
2026-05-02 17:11:25 | INFO | [FIRESTORE] 💾 Saving message | session=431fff88-549d-46bb-96b1-e4b3521221b7__a1b2c3d4-0001-0000-0000-000000000001__1777638138644 | tenant=a1b2c3d4-0001-0000-0000-000000000001 | user=431fff88-549d-46bb-96b1-e4b3521221b7
2026-05-02 17:11:25 | INFO | [FIRESTORE] First message: False
2026-05-02 17:11:25 | INFO | [FIRESTORE] ✅ Message saved | doc_id=GhXr3SqA9DyObt6xKUqq
2026-05-02 17:11:25 | DEBUG | [FIRESTORE] Updated metadata for 431fff88-549d-46bb-96b1-e4b3521221b7__a1b2c3d4-0001-0000-0000-000000000001__1777638138644
2026-05-02 17:13:30 | INFO | [FIRESTORE] 📋 Getting user conversations | user=431fff88-549d-46bb-96b1-e4b3521221b7 | tenant=a1b2c3d4-0001-0000-0000-000000000001
2026-05-02 17:13:36 | INFO | [FIRESTORE] ✅ Found 6 conversations for user 431fff88-549d-46bb-96b1-e4b3521221b7
2026-05-02 17:13:36 | INFO | [FIRESTORE] 📖 Getting history | session=431fff88-549d-46bb-96b1-e4b3521221b7__a1b2c3d4-0001-0000-0000-000000000001__1777638138644 | tenant=a1b2c3d4-0001-0000-0000-000000000001
2026-05-02 17:13:36 | INFO | [FIRESTORE] ✅ Retrieved 50 messages
2026-05-02 17:15:22 | INFO | [FIRESTORE] 📋 Getting user conversations | user=431fff88-549d-46bb-96b1-e4b3521221b7 | tenant=a1b2c3d4-0001-0000-0000-000000000001
2026-05-02 17:15:28 | INFO | [FIRESTORE] ✅ Found 6 conversations for user 431fff88-549d-46bb-96b1-e4b3521221b7
2026-05-02 17:15:33 | INFO | [FIRESTORE] 📖 Getting history | session=431fff88-549d-46bb-96b1-e4b3521221b7__a1b2c3d4-0001-0000-0000-000000000001__1777638138644 | tenant=a1b2c3d4-0001-0000-0000-000000000001
2026-05-02 17:15:33 | INFO | [FIRESTORE] ✅ Retrieved 50 messages
2026-05-02 17:15:48 | INFO | [FIRESTORE] 📖 Getting history | session=431fff88-549d-46bb-96b1-e4b3521221b7__a1b2c3d4-0001-0000-0000-000000000001__1777652262338 | tenant=a1b2c3d4-0001-0000-0000-000000000001
2026-05-02 17:15:48 | INFO | [FIRESTORE] ✅ Retrieved 29 messages
2026-05-02 17:17:30 | INFO | [FIRESTORE] 📖 Getting history | session=431fff88-549d-46bb-96b1-e4b3521221b7__a1b2c3d4-0001-0000-0000-000000000001__1777573339295 | tenant=a1b2c3d4-0001-0000-0000-000000000001
2026-05-02 17:17:30 | INFO | [FIRESTORE] ✅ Retrieved 50 messages
2026-05-02 17:17:42 | INFO | [FIRESTORE] 📖 Getting history | session=431fff88-549d-46bb-96b1-e4b3521221b7__a1b2c3d4-0001-0000-0000-000000000001__1777652262338 | tenant=a1b2c3d4-0001-0000-0000-000000000001
2026-05-02 17:17:42 | INFO | [FIRESTORE] ✅ Retrieved 29 messages
2026-05-02 17:35:47 | INFO | [FIRESTORE] 📖 Getting history | session=431fff88-549d-46bb-96b1-e4b3521221b7__a1b2c3d4-0001-0000-0000-000000000001__1777652262338 | tenant=a1b2c3d4-0001-0000-0000-000000000001
2026-05-02 17:35:47 | INFO | [FIRESTORE] ✅ Retrieved 29 messages
2026-05-02 17:35:47 | INFO | [FIRESTORE] 📋 Getting user conversations | user=431fff88-549d-46bb-96b1-e4b3521221b7 | tenant=a1b2c3d4-0001-0000-0000-000000000001
2026-05-02 17:35:53 | INFO | [FIRESTORE] ✅ Found 6 conversations for user 431fff88-549d-46bb-96b1-e4b3521221b7
2026-05-02 17:38:26 | INFO | [FIRESTORE] 💾 Saving message | session=431fff88-549d-46bb-96b1-e4b3521221b7__a1b2c3d4-0001-0000-0000-000000000001__1777652262338 | tenant=a1b2c3d4-0001-0000-0000-000000000001 | user=431fff88-549d-46bb-96b1-e4b3521221b7
2026-05-02 17:38:26 | INFO | [FIRESTORE] First message: False
2026-05-02 17:38:26 | INFO | [FIRESTORE] ✅ Message saved | doc_id=6d0U3IDDcAFdOFWCimGy
2026-05-02 17:38:26 | DEBUG | [FIRESTORE] Updated metadata for 431fff88-549d-46bb-96b1-e4b3521221b7__a1b2c3d4-0001-0000-0000-000000000001__1777652262338
2026-05-02 17:38:33 | INFO | [FIRESTORE] 📋 Getting user conversations | user=431fff88-549d-46bb-96b1-e4b3521221b7 | tenant=a1b2c3d4-0001-0000-0000-000000000001
2026-05-02 17:38:40 | INFO | [FIRESTORE] ✅ Found 6 conversations for user 431fff88-549d-46bb-96b1-e4b3521221b7
2026-05-02 17:38:40 | INFO | [FIRESTORE] 📖 Getting history | session=431fff88-549d-46bb-96b1-e4b3521221b7__a1b2c3d4-0001-0000-0000-000000000001__1777652262338 | tenant=a1b2c3d4-0001-0000-0000-000000000001
2026-05-02 17:38:40 | INFO | [FIRESTORE] ✅ Retrieved 30 messages
2026-05-02 17:39:12 | INFO | [FIRESTORE] 🧹 Cleaning old anonymous conversations > 1h
2026-05-02 17:39:13 | INFO | [FIRESTORE] ✅ Cleanup complete: 0 messages, 0 sessions
2026-05-02 17:43:40 | INFO | [FIRESTORE] 📋 Getting user conversations | user=431fff88-549d-46bb-96b1-e4b3521221b7 | tenant=a1b2c3d4-0001-0000-0000-000000000001
2026-05-02 17:43:45 | INFO | [FIRESTORE] ✅ Found 6 conversations for user 431fff88-549d-46bb-96b1-e4b3521221b7
2026-05-02 17:44:03 | INFO | [FIRESTORE] 📋 Getting user conversations | user=431fff88-549d-46bb-96b1-e4b3521221b7 | tenant=a1b2c3d4-0001-0000-0000-000000000001
2026-05-02 17:44:09 | INFO | [FIRESTORE] ✅ Found 6 conversations for user 431fff88-549d-46bb-96b1-e4b3521221b7
2026-05-02 17:44:30 | INFO | [FIRESTORE] 📋 Getting user conversations | user=431fff88-549d-46bb-96b1-e4b3521221b7 | tenant=a1b2c3d4-0001-0000-0000-000000000001
2026-05-02 17:44:36 | INFO | [FIRESTORE] ✅ Found 6 conversations for user 431fff88-549d-46bb-96b1-e4b3521221b7
2026-05-02 17:44:42 | INFO | [FIRESTORE] 📖 Getting history | session=431fff88-549d-46bb-96b1-e4b3521221b7__a1b2c3d4-0001-0000-0000-000000000001__1777652262338 | tenant=a1b2c3d4-0001-0000-0000-000000000001
2026-05-02 17:44:42 | INFO | [FIRESTORE] ✅ Retrieved 30 messages
2026-05-02 17:47:21 | INFO | [FIRESTORE] 📖 Getting history | session=431fff88-549d-46bb-96b1-e4b3521221b7__a1b2c3d4-0001-0000-0000-000000000001__1777638138644 | tenant=a1b2c3d4-0001-0000-0000-000000000001
2026-05-02 17:47:41 | INFO | [FIRESTORE] ✅ Retrieved 50 messages
2026-05-02 17:47:41 | INFO | [FIRESTORE] 📖 Getting history | session=431fff88-549d-46bb-96b1-e4b3521221b7__a1b2c3d4-0001-0000-0000-000000000001__1777543369513 | tenant=a1b2c3d4-0001-0000-0000-000000000001
2026-05-02 17:47:41 | INFO | [FIRESTORE] ✅ Retrieved 36 messages
2026-05-02 17:48:22 | INFO | [FIRESTORE] 💾 Saving message | session=431fff88-549d-46bb-96b1-e4b3521221b7__a1b2c3d4-0001-0000-0000-000000000001__1777543369513 | tenant=a1b2c3d4-0001-0000-0000-000000000001 | user=431fff88-549d-46bb-96b1-e4b3521221b7
2026-05-02 17:48:22 | INFO | [FIRESTORE] First message: False
2026-05-02 17:48:23 | INFO | [FIRESTORE] ✅ Message saved | doc_id=0aCeowQOz01Ck8u9cM3V
2026-05-02 17:48:23 | DEBUG | [FIRESTORE] Updated metadata for 431fff88-549d-46bb-96b1-e4b3521221b7__a1b2c3d4-0001-0000-0000-000000000001__1777543369513
2026-05-02 17:48:42 | INFO | [FIRESTORE] 💾 Saving message | session=431fff88-549d-46bb-96b1-e4b3521221b7__a1b2c3d4-0001-0000-0000-000000000001__1777543369513 | tenant=a1b2c3d4-0001-0000-0000-000000000001 | user=431fff88-549d-46bb-96b1-e4b3521221b7
2026-05-02 17:48:42 | INFO | [FIRESTORE] First message: False
2026-05-02 17:48:42 | INFO | [FIRESTORE] ✅ Message saved | doc_id=9lzHj9UAku1sPNNvdUHa
2026-05-02 17:48:42 | DEBUG | [FIRESTORE] Updated metadata for 431fff88-549d-46bb-96b1-e4b3521221b7__a1b2c3d4-0001-0000-0000-000000000001__1777543369513
2026-05-02 17:50:07 | INFO | [FIRESTORE] 💾 Saving message | session=431fff88-549d-46bb-96b1-e4b3521221b7__a1b2c3d4-0001-0000-0000-000000000001__1777543369513 | tenant=a1b2c3d4-0001-0000-0000-000000000001 | user=431fff88-549d-46bb-96b1-e4b3521221b7
2026-05-02 17:50:07 | INFO | [FIRESTORE] First message: False
2026-05-02 17:50:07 | INFO | [FIRESTORE] ✅ Message saved | doc_id=wPD7yBTxojQiJ6XKHqEP
2026-05-02 17:50:07 | DEBUG | [FIRESTORE] Updated metadata for 431fff88-549d-46bb-96b1-e4b3521221b7__a1b2c3d4-0001-0000-0000-000000000001__1777543369513
2026-05-02 17:50:30 | INFO | [FIRESTORE] 📋 Getting user conversations | user=431fff88-549d-46bb-96b1-e4b3521221b7 | tenant=a1b2c3d4-0001-0000-0000-000000000001
2026-05-02 17:50:36 | INFO | [FIRESTORE] ✅ Found 6 conversations for user 431fff88-549d-46bb-96b1-e4b3521221b7
2026-05-02 17:50:36 | INFO | [FIRESTORE] 📖 Getting history | session=431fff88-549d-46bb-96b1-e4b3521221b7__a1b2c3d4-0001-0000-0000-000000000001__1777543369513 | tenant=a1b2c3d4-0001-0000-0000-000000000001
2026-05-02 17:50:36 | INFO | [FIRESTORE] ✅ Retrieved 39 messages
2026-05-02 18:09:12 | INFO | [FIRESTORE] 🧹 Cleaning old anonymous conversations > 1h
2026-05-02 18:09:14 | INFO | [FIRESTORE] ✅ Cleanup complete: 0 messages, 0 sessions
2026-05-02 18:50:10 | INFO | ✅ FirestoreConversationService initialisé
2026-05-02 18:50:31 | INFO | [FIRESTORE] 📋 Getting user conversations | user=431fff88-549d-46bb-96b1-e4b3521221b7 | tenant=a1b2c3d4-0001-0000-0000-000000000001
2026-05-02 18:50:38 | INFO | [FIRESTORE] ✅ Found 6 conversations for user 431fff88-549d-46bb-96b1-e4b3521221b7
2026-05-02 18:50:38 | INFO | [FIRESTORE] 🧹 Cleaning old anonymous conversations > 1h
2026-05-02 18:50:39 | INFO | [FIRESTORE] ✅ Cleanup complete: 0 messages, 0 sessions
2026-05-02 18:50:40 | INFO | [FIRESTORE] 📖 Getting history | session=431fff88-549d-46bb-96b1-e4b3521221b7__a1b2c3d4-0001-0000-0000-000000000001__1777543369513 | tenant=a1b2c3d4-0001-0000-0000-000000000001
2026-05-02 18:50:40 | INFO | [FIRESTORE] ✅ Retrieved 40 messages
2026-05-02 18:51:22 | INFO | [FIRESTORE] 💾 Saving message | session=431fff88-549d-46bb-96b1-e4b3521221b7__a1b2c3d4-0001-0000-0000-000000000001__1777543369513 | tenant=a1b2c3d4-0001-0000-0000-000000000001 | user=431fff88-549d-46bb-96b1-e4b3521221b7
2026-05-02 18:51:22 | INFO | [FIRESTORE] First message: False
2026-05-02 18:51:22 | INFO | [FIRESTORE] ✅ Message saved | doc_id=5O4T6WiHjJSvwFcebz4H
2026-05-02 18:51:22 | DEBUG | [FIRESTORE] Updated metadata for 431fff88-549d-46bb-96b1-e4b3521221b7__a1b2c3d4-0001-0000-0000-000000000001__1777543369513
2026-05-02 18:51:54 | INFO | [FIRESTORE] 💾 Saving message | session=431fff88-549d-46bb-96b1-e4b3521221b7__a1b2c3d4-0001-0000-0000-000000000001__1777543369513 | tenant=a1b2c3d4-0001-0000-0000-000000000001 | user=431fff88-549d-46bb-96b1-e4b3521221b7
2026-05-02 18:51:54 | INFO | [FIRESTORE] First message: False
2026-05-02 18:51:54 | INFO | [FIRESTORE] ✅ Message saved | doc_id=6ZfdC6a2CVamGfWWedcN
2026-05-02 18:51:54 | DEBUG | [FIRESTORE] Updated metadata for 431fff88-549d-46bb-96b1-e4b3521221b7__a1b2c3d4-0001-0000-0000-000000000001__1777543369513
2026-05-02 18:56:27 | INFO | [FIRESTORE] 📋 Getting user conversations | user=431fff88-549d-46bb-96b1-e4b3521221b7 | tenant=a1b2c3d4-0001-0000-0000-000000000001
2026-05-02 18:56:34 | INFO | [FIRESTORE] ✅ Found 6 conversations for user 431fff88-549d-46bb-96b1-e4b3521221b7
2026-05-02 18:56:34 | INFO | [FIRESTORE] 📖 Getting history | session=431fff88-549d-46bb-96b1-e4b3521221b7__a1b2c3d4-0001-0000-0000-000000000001__1777543369513 | tenant=a1b2c3d4-0001-0000-0000-000000000001
2026-05-02 18:56:35 | INFO | [FIRESTORE] ✅ Retrieved 42 messages
2026-05-02 19:20:26 | INFO | [FIRESTORE] 🧹 Cleaning old anonymous conversations > 1h
2026-05-02 19:20:27 | INFO | [FIRESTORE] ✅ Cleanup complete: 0 messages, 0 sessions
2026-05-03 01:27:30 | INFO | ✅ FirestoreConversationService initialisé
2026-05-03 01:27:54 | INFO | [FIRESTORE] 🧹 Cleaning old anonymous conversations > 1h
2026-05-03 01:27:56 | INFO | [FIRESTORE] ✅ Cleanup complete: 0 messages, 0 sessions
2026-05-03 01:28:02 | INFO | [FIRESTORE] 📋 Getting user conversations | user=431fff88-549d-46bb-96b1-e4b3521221b7 | tenant=a1b2c3d4-0001-0000-0000-000000000001
2026-05-03 01:28:07 | INFO | [FIRESTORE] ✅ Found 6 conversations for user 431fff88-549d-46bb-96b1-e4b3521221b7
2026-05-03 01:28:32 | INFO | [FIRESTORE] 📖 Getting history | session=431fff88-549d-46bb-96b1-e4b3521221b7__a1b2c3d4-0001-0000-0000-000000000001__1777543369513 | tenant=a1b2c3d4-0001-0000-0000-000000000001
2026-05-03 01:28:33 | INFO | [FIRESTORE] ✅ Retrieved 50 messages
2026-05-03 01:29:00 | INFO | [FIRESTORE] 📖 Getting history | session=431fff88-549d-46bb-96b1-e4b3521221b7__a1b2c3d4-0001-0000-0000-000000000001__1777543369513 | tenant=a1b2c3d4-0001-0000-0000-000000000001
2026-05-03 01:29:00 | INFO | [FIRESTORE] ✅ Retrieved 10 messages
2026-05-03 01:30:10 | INFO | [FIRESTORE] 💾 Saving message | session=431fff88-549d-46bb-96b1-e4b3521221b7__a1b2c3d4-0001-0000-0000-000000000001__1777543369513 | tenant=a1b2c3d4-0001-0000-0000-000000000001 | user=431fff88-549d-46bb-96b1-e4b3521221b7
2026-05-03 01:30:10 | INFO | [FIRESTORE] First message: False
2026-05-03 01:30:10 | INFO | [FIRESTORE] ✅ Message saved | doc_id=2liaQ6Bc5tHwwAYwE5fY
2026-05-03 01:30:10 | DEBUG | [FIRESTORE] Updated metadata for 431fff88-549d-46bb-96b1-e4b3521221b7__a1b2c3d4-0001-0000-0000-000000000001__1777543369513
2026-05-03 01:31:04 | INFO | [FIRESTORE] 📖 Getting history | session=431fff88-549d-46bb-96b1-e4b3521221b7__a1b2c3d4-0001-0000-0000-000000000001__1777543369513 | tenant=a1b2c3d4-0001-0000-0000-000000000001
2026-05-03 01:31:04 | INFO | [FIRESTORE] ✅ Retrieved 10 messages
2026-05-03 01:31:22 | INFO | [FIRESTORE] 💾 Saving message | session=431fff88-549d-46bb-96b1-e4b3521221b7__a1b2c3d4-0001-0000-0000-000000000001__1777543369513 | tenant=a1b2c3d4-0001-0000-0000-000000000001 | user=431fff88-549d-46bb-96b1-e4b3521221b7
2026-05-03 01:31:22 | INFO | [FIRESTORE] First message: False
2026-05-03 01:31:23 | INFO | [FIRESTORE] ✅ Message saved | doc_id=lQylYaHTuRLBBtl0TtSa
2026-05-03 01:31:23 | DEBUG | [FIRESTORE] Updated metadata for 431fff88-549d-46bb-96b1-e4b3521221b7__a1b2c3d4-0001-0000-0000-000000000001__1777543369513
2026-05-03 01:31:51 | INFO | [FIRESTORE] 📖 Getting history | session=431fff88-549d-46bb-96b1-e4b3521221b7__a1b2c3d4-0001-0000-0000-000000000001__1777543369513 | tenant=a1b2c3d4-0001-0000-0000-000000000001
2026-05-03 01:31:51 | INFO | [FIRESTORE] ✅ Retrieved 10 messages
2026-05-03 01:32:47 | INFO | [FIRESTORE] 💾 Saving message | session=431fff88-549d-46bb-96b1-e4b3521221b7__a1b2c3d4-0001-0000-0000-000000000001__1777543369513 | tenant=a1b2c3d4-0001-0000-0000-000000000001 | user=431fff88-549d-46bb-96b1-e4b3521221b7
2026-05-03 01:32:47 | INFO | [FIRESTORE] First message: False
2026-05-03 01:32:47 | INFO | [FIRESTORE] ✅ Message saved | doc_id=6MXUMc16B9OO3YpY6nRs
2026-05-03 01:32:47 | DEBUG | [FIRESTORE] Updated metadata for 431fff88-549d-46bb-96b1-e4b3521221b7__a1b2c3d4-0001-0000-0000-000000000001__1777543369513
2026-05-03 01:34:40 | INFO | [FIRESTORE] 📋 Getting user conversations | user=431fff88-549d-46bb-96b1-e4b3521221b7 | tenant=a1b2c3d4-0001-0000-0000-000000000001
2026-05-03 01:34:47 | INFO | [FIRESTORE] ✅ Found 6 conversations for user 431fff88-549d-46bb-96b1-e4b3521221b7
2026-05-03 01:34:47 | INFO | [FIRESTORE] 📖 Getting history | session=431fff88-549d-46bb-96b1-e4b3521221b7__a1b2c3d4-0001-0000-0000-000000000001__1777543369513 | tenant=a1b2c3d4-0001-0000-0000-000000000001
2026-05-03 01:34:47 | INFO | [FIRESTORE] ✅ Retrieved 50 messages
2026-05-03 01:55:00 | INFO | ✅ FirestoreConversationService initialisé
2026-05-03 01:55:10 | INFO | [FIRESTORE] 📖 Getting history | session=431fff88-549d-46bb-96b1-e4b3521221b7__a1b2c3d4-0001-0000-0000-000000000001__1777543369513 | tenant=a1b2c3d4-0001-0000-0000-000000000001
2026-05-03 01:55:11 | INFO | [FIRESTORE] ✅ Retrieved 50 messages
2026-05-03 01:55:11 | INFO | [FIRESTORE] 📋 Getting user conversations | user=431fff88-549d-46bb-96b1-e4b3521221b7 | tenant=a1b2c3d4-0001-0000-0000-000000000001
2026-05-03 01:55:17 | INFO | [FIRESTORE] ✅ Found 6 conversations for user 431fff88-549d-46bb-96b1-e4b3521221b7
2026-05-03 01:55:17 | INFO | [FIRESTORE] 🧹 Cleaning old anonymous conversations > 1h
2026-05-03 01:55:17 | INFO | [FIRESTORE] ✅ Cleanup complete: 0 messages, 0 sessions
2026-05-03 01:55:37 | INFO | [FIRESTORE] 📋 Getting user conversations | user=431fff88-549d-46bb-96b1-e4b3521221b7 | tenant=a1b2c3d4-0001-0000-0000-000000000001
2026-05-03 01:55:42 | INFO | [FIRESTORE] ✅ Found 6 conversations for user 431fff88-549d-46bb-96b1-e4b3521221b7
2026-05-03 01:55:43 | INFO | [FIRESTORE] 📖 Getting history | session=431fff88-549d-46bb-96b1-e4b3521221b7__a1b2c3d4-0001-0000-0000-000000000001__1777543369513 | tenant=a1b2c3d4-0001-0000-0000-000000000001
2026-05-03 01:55:43 | INFO | [FIRESTORE] ✅ Retrieved 50 messages
2026-05-03 01:56:25 | INFO | [FIRESTORE] 📋 Getting user conversations | user=431fff88-549d-46bb-96b1-e4b3521221b7 | tenant=a1b2c3d4-0001-0000-0000-000000000001
2026-05-03 01:56:31 | INFO | [FIRESTORE] ✅ Found 6 conversations for user 431fff88-549d-46bb-96b1-e4b3521221b7
2026-05-03 02:03:57 | INFO | [FIRESTORE] 📋 Getting user conversations | user=431fff88-549d-46bb-96b1-e4b3521221b7 | tenant=a1b2c3d4-0001-0000-0000-000000000001
2026-05-03 02:04:03 | INFO | [FIRESTORE] ✅ Found 6 conversations for user 431fff88-549d-46bb-96b1-e4b3521221b7
2026-05-03 02:06:14 | INFO | [FIRESTORE] 📋 Getting user conversations | user=431fff88-549d-46bb-96b1-e4b3521221b7 | tenant=a1b2c3d4-0001-0000-0000-000000000001
2026-05-03 02:06:20 | INFO | [FIRESTORE] ✅ Found 6 conversations for user 431fff88-549d-46bb-96b1-e4b3521221b7
2026-05-03 02:07:16 | INFO | [FIRESTORE] 📋 Getting user conversations | user=431fff88-549d-46bb-96b1-e4b3521221b7 | tenant=a1b2c3d4-0001-0000-0000-000000000001
2026-05-03 02:07:22 | INFO | [FIRESTORE] ✅ Found 6 conversations for user 431fff88-549d-46bb-96b1-e4b3521221b7
2026-05-03 02:17:25 | INFO | ✅ FirestoreConversationService initialisé
2026-05-03 02:17:39 | INFO | [FIRESTORE] 🧹 Cleaning old anonymous conversations > 1h
2026-05-03 02:17:40 | INFO | [FIRESTORE] ✅ Cleanup complete: 0 messages, 0 sessions
2026-05-03 02:23:40 | INFO | ✅ FirestoreConversationService initialisé
2026-05-03 02:23:53 | INFO | [FIRESTORE] 🧹 Cleaning old anonymous conversations > 1h
2026-05-03 02:23:54 | INFO | [FIRESTORE] ✅ Cleanup complete: 0 messages, 0 sessions
2026-05-03 02:24:16 | INFO | [FIRESTORE] 📋 Getting user conversations | user=431fff88-549d-46bb-96b1-e4b3521221b7 | tenant=a1b2c3d4-0001-0000-0000-000000000001
2026-05-03 02:24:22 | INFO | [FIRESTORE] ✅ Found 6 conversations for user 431fff88-549d-46bb-96b1-e4b3521221b7
2026-05-03 02:26:08 | INFO | ✅ FirestoreConversationService initialisé
2026-05-03 02:26:22 | INFO | ✅ FirestoreConversationService initialisé
2026-05-03 02:26:34 | INFO | [FIRESTORE] 📋 Getting user conversations | user=431fff88-549d-46bb-96b1-e4b3521221b7 | tenant=a1b2c3d4-0001-0000-0000-000000000001
2026-05-03 02:26:41 | INFO | [FIRESTORE] ✅ Found 6 conversations for user 431fff88-549d-46bb-96b1-e4b3521221b7
2026-05-03 02:26:41 | INFO | [FIRESTORE] 🧹 Cleaning old anonymous conversations > 1h
2026-05-03 02:26:41 | INFO | [FIRESTORE] ✅ Cleanup complete: 0 messages, 0 sessions
2026-05-03 02:31:23 | INFO | ✅ FirestoreConversationService initialisé
2026-05-03 02:31:38 | INFO | ✅ FirestoreConversationService initialisé
2026-05-03 02:32:01 | INFO | [FIRESTORE] 🧹 Cleaning old anonymous conversations > 1h
2026-05-03 02:32:03 | INFO | [FIRESTORE] ✅ Cleanup complete: 0 messages, 0 sessions
2026-05-03 02:32:27 | INFO | [FIRESTORE] 📋 Getting user conversations | user=431fff88-549d-46bb-96b1-e4b3521221b7 | tenant=a1b2c3d4-0001-0000-0000-000000000001
2026-05-03 02:32:33 | INFO | [FIRESTORE] ✅ Found 6 conversations for user 431fff88-549d-46bb-96b1-e4b3521221b7
2026-05-03 02:32:34 | INFO | [FIRESTORE] 📋 Getting user conversations | user=431fff88-549d-46bb-96b1-e4b3521221b7 | tenant=a1b2c3d4-0001-0000-0000-000000000001
2026-05-03 02:32:39 | INFO | [FIRESTORE] ✅ Found 6 conversations for user 431fff88-549d-46bb-96b1-e4b3521221b7
2026-05-03 02:38:21 | INFO | [FIRESTORE] 📋 Getting user conversations | user=431fff88-549d-46bb-96b1-e4b3521221b7 | tenant=a1b2c3d4-0001-0000-0000-000000000001
2026-05-03 02:38:27 | INFO | [FIRESTORE] ✅ Found 6 conversations for user 431fff88-549d-46bb-96b1-e4b3521221b7
2026-05-03 02:47:13 | INFO | [FIRESTORE] 📋 Getting user conversations | user=431fff88-549d-46bb-96b1-e4b3521221b7 | tenant=a1b2c3d4-0001-0000-0000-000000000001
2026-05-03 02:47:19 | INFO | [FIRESTORE] ✅ Found 6 conversations for user 431fff88-549d-46bb-96b1-e4b3521221b7
2026-05-03 02:48:18 | INFO | [FIRESTORE] 📖 Getting history | session=431fff88-549d-46bb-96b1-e4b3521221b7__a1b2c3d4-0001-0000-0000-000000000001__1777570375108 | tenant=a1b2c3d4-0001-0000-0000-000000000001
2026-05-03 02:48:18 | INFO | [FIRESTORE] ✅ Retrieved 6 messages
2026-05-03 02:48:24 | INFO | [FIRESTORE] 📖 Getting history | session=431fff88-549d-46bb-96b1-e4b3521221b7__a1b2c3d4-0001-0000-0000-000000000001__1777652262338 | tenant=a1b2c3d4-0001-0000-0000-000000000001
2026-05-03 02:48:24 | INFO | [FIRESTORE] ✅ Retrieved 32 messages
2026-05-03 12:10:25 | INFO | ✅ FirestoreConversationService initialisé
2026-05-03 12:10:39 | INFO | [FIRESTORE] 🧹 Cleaning old anonymous conversations > 1h
2026-05-03 12:10:41 | INFO | [FIRESTORE] ✅ Cleanup complete: 0 messages, 0 sessions
2026-05-03 12:16:06 | INFO | [FIRESTORE] 📋 Getting user conversations | user=431fff88-549d-46bb-96b1-e4b3521221b7 | tenant=a1b2c3d4-0001-0000-0000-000000000001
2026-05-03 12:16:13 | INFO | [FIRESTORE] ✅ Found 6 conversations for user 431fff88-549d-46bb-96b1-e4b3521221b7
2026-05-03 12:38:49 | INFO | ✅ FirestoreConversationService initialisé
2026-05-03 12:39:02 | INFO | [FIRESTORE] 🧹 Cleaning old anonymous conversations > 1h
2026-05-03 12:39:03 | INFO | [FIRESTORE] Deleting old anonymous session: bQT06oiMaPM63yqAWLYIUZtEzFB3__a1b2c3d4-0001-0000-0000-000000000001__1777804516420
2026-05-03 12:39:05 | INFO | [FIRESTORE] ✅ Deleted session bQT06oiMaPM63yqAWLYIUZtEzFB3__a1b2c3d4-0001-0000-0000-000000000001__1777804516420 (6 messages)
2026-05-03 12:39:05 | INFO | [FIRESTORE] ✅ Cleanup complete: 6 messages, 1 sessions
2026-05-03 12:39:29 | INFO | [FIRESTORE] 📋 Getting user conversations | user=431fff88-549d-46bb-96b1-e4b3521221b7 | tenant=a1b2c3d4-0001-0000-0000-000000000001
2026-05-03 12:39:35 | INFO | [FIRESTORE] ✅ Found 6 conversations for user 431fff88-549d-46bb-96b1-e4b3521221b7
2026-05-03 12:58:06 | INFO | ✅ FirestoreConversationService initialisé
2026-05-03 12:58:22 | INFO | [FIRESTORE] 🧹 Cleaning old anonymous conversations > 1h
2026-05-03 12:58:23 | INFO | [FIRESTORE] ✅ Cleanup complete: 0 messages, 0 sessions
2026-05-03 13:03:09 | INFO | ✅ FirestoreConversationService initialisé
2026-05-03 13:03:22 | INFO | [FIRESTORE] 🧹 Cleaning old anonymous conversations > 1h
2026-05-03 13:03:24 | INFO | [FIRESTORE] ✅ Cleanup complete: 0 messages, 0 sessions
2026-05-03 13:31:05 | INFO | ✅ FirestoreConversationService initialisé
2026-05-03 13:31:23 | INFO | [FIRESTORE] 🧹 Cleaning old anonymous conversations > 1h
2026-05-03 13:31:24 | INFO | [FIRESTORE] ✅ Cleanup complete: 0 messages, 0 sessions
2026-05-03 13:37:42 | INFO | ✅ FirestoreConversationService initialisé
2026-05-03 13:37:57 | INFO | [FIRESTORE] 🧹 Cleaning old anonymous conversations > 1h
2026-05-03 13:37:59 | INFO | [FIRESTORE] ✅ Cleanup complete: 0 messages, 0 sessions
2026-05-03 13:47:47 | INFO | ✅ FirestoreConversationService initialisé
2026-05-03 13:47:59 | INFO | ✅ FirestoreConversationService initialisé
2026-05-03 13:48:13 | INFO | [FIRESTORE] 🧹 Cleaning old anonymous conversations > 1h
2026-05-03 13:48:15 | INFO | [FIRESTORE] ✅ Cleanup complete: 0 messages, 0 sessions
2026-05-03 13:49:04 | INFO | [FIRESTORE] 📋 Getting user conversations | user=431fff88-549d-46bb-96b1-e4b3521221b7 | tenant=a1b2c3d4-0001-0000-0000-000000000001
2026-05-03 13:49:11 | INFO | [FIRESTORE] ✅ Found 6 conversations for user 431fff88-549d-46bb-96b1-e4b3521221b7
2026-05-03 13:49:15 | INFO | [FIRESTORE] 📋 Getting user conversations | user=431fff88-549d-46bb-96b1-e4b3521221b7 | tenant=a1b2c3d4-0001-0000-0000-000000000001
2026-05-03 13:49:21 | INFO | [FIRESTORE] ✅ Found 6 conversations for user 431fff88-549d-46bb-96b1-e4b3521221b7
2026-05-03 13:57:36 | INFO | [FIRESTORE] 📋 Getting user conversations | user=431fff88-549d-46bb-96b1-e4b3521221b7 | tenant=a1b2c3d4-0001-0000-0000-000000000001
2026-05-03 13:57:42 | INFO | [FIRESTORE] ✅ Found 6 conversations for user 431fff88-549d-46bb-96b1-e4b3521221b7
2026-05-03 13:57:47 | INFO | ✅ FirestoreConversationService initialisé
2026-05-03 13:57:58 | INFO | ✅ FirestoreConversationService initialisé
2026-05-03 13:58:10 | INFO | [FIRESTORE] 🧹 Cleaning old anonymous conversations > 1h
2026-05-03 13:58:12 | INFO | [FIRESTORE] ✅ Cleanup complete: 0 messages, 0 sessions
2026-05-03 13:58:31 | INFO | [FIRESTORE] 📋 Getting user conversations | user=431fff88-549d-46bb-96b1-e4b3521221b7 | tenant=a1b2c3d4-0001-0000-0000-000000000001
2026-05-03 13:58:39 | INFO | [FIRESTORE] ✅ Found 6 conversations for user 431fff88-549d-46bb-96b1-e4b3521221b7
2026-05-03 14:07:46 | INFO | [FIRESTORE] 📋 Getting user conversations | user=431fff88-549d-46bb-96b1-e4b3521221b7 | tenant=a1b2c3d4-0001-0000-0000-000000000001
2026-05-03 14:07:52 | INFO | [FIRESTORE] ✅ Found 6 conversations for user 431fff88-549d-46bb-96b1-e4b3521221b7
2026-05-03 14:07:53 | INFO | [FIRESTORE] 📋 Getting user conversations | user=431fff88-549d-46bb-96b1-e4b3521221b7 | tenant=a1b2c3d4-0001-0000-0000-000000000001
2026-05-03 14:08:00 | INFO | [FIRESTORE] ✅ Found 6 conversations for user 431fff88-549d-46bb-96b1-e4b3521221b7
2026-05-03 14:22:23 | INFO | ✅ FirestoreConversationService initialisé
2026-05-03 14:22:54 | INFO | [FIRESTORE] 🧹 Cleaning old anonymous conversations > 1h
2026-05-03 14:22:55 | INFO | [FIRESTORE] ✅ Cleanup complete: 0 messages, 0 sessions
2026-05-03 14:26:06 | INFO | [FIRESTORE] 📋 Getting user conversations | user=431fff88-549d-46bb-96b1-e4b3521221b7 | tenant=a1b2c3d4-0001-0000-0000-000000000001
2026-05-03 14:26:32 | INFO | [FIRESTORE] ✅ Found 6 conversations for user 431fff88-549d-46bb-96b1-e4b3521221b7
2026-05-03 14:27:04 | INFO | [FIRESTORE] 📋 Getting user conversations | user=431fff88-549d-46bb-96b1-e4b3521221b7 | tenant=a1b2c3d4-0001-0000-0000-000000000001
2026-05-03 14:27:10 | INFO | [FIRESTORE] ✅ Found 6 conversations for user 431fff88-549d-46bb-96b1-e4b3521221b7
2026-05-03 14:27:21 | INFO | ✅ FirestoreConversationService initialisé
2026-05-03 14:27:33 | INFO | ✅ FirestoreConversationService initialisé
2026-05-03 14:27:48 | INFO | [FIRESTORE] 🧹 Cleaning old anonymous conversations > 1h
2026-05-03 14:27:49 | INFO | [FIRESTORE] ✅ Cleanup complete: 0 messages, 0 sessions
2026-05-03 14:29:55 | INFO | [FIRESTORE] 📋 Getting user conversations | user=431fff88-549d-46bb-96b1-e4b3521221b7 | tenant=a1b2c3d4-0001-0000-0000-000000000001
2026-05-03 14:30:01 | INFO | [FIRESTORE] ✅ Found 6 conversations for user 431fff88-549d-46bb-96b1-e4b3521221b7
2026-05-03 14:57:43 | INFO | [FIRESTORE] 🧹 Cleaning old anonymous conversations > 1h
2026-05-03 14:57:43 | INFO | [FIRESTORE] ✅ Cleanup complete: 0 messages, 0 sessions
2026-05-03 15:01:38 | INFO | ✅ FirestoreConversationService initialisé
2026-05-03 15:02:22 | INFO | [FIRESTORE] 🧹 Cleaning old anonymous conversations > 1h
2026-05-03 15:02:24 | INFO | [FIRESTORE] ✅ Cleanup complete: 0 messages, 0 sessions
2026-05-03 15:06:37 | INFO | ✅ FirestoreConversationService initialisé
2026-05-03 15:06:50 | INFO | [FIRESTORE] 🧹 Cleaning old anonymous conversations > 1h
2026-05-03 15:06:52 | INFO | [FIRESTORE] ✅ Cleanup complete: 0 messages, 0 sessions
2026-05-03 15:08:46 | INFO | ✅ FirestoreConversationService initialisé
2026-05-03 15:09:00 | INFO | [FIRESTORE] 🧹 Cleaning old anonymous conversations > 1h
2026-05-03 15:09:02 | INFO | [FIRESTORE] ✅ Cleanup complete: 0 messages, 0 sessions
2026-05-03 15:28:10 | INFO | ✅ FirestoreConversationService initialisé
2026-05-03 15:28:25 | INFO | [FIRESTORE] 📋 Getting user conversations | user=431fff88-549d-46bb-96b1-e4b3521221b7 | tenant=a1b2c3d4-0001-0000-0000-000000000001
2026-05-03 15:28:32 | INFO | [FIRESTORE] ✅ Found 6 conversations for user 431fff88-549d-46bb-96b1-e4b3521221b7
2026-05-03 15:28:32 | INFO | [FIRESTORE] 🧹 Cleaning old anonymous conversations > 1h
2026-05-03 15:28:33 | INFO | [FIRESTORE] ✅ Cleanup complete: 0 messages, 0 sessions
2026-05-03 15:28:55 | INFO | [FIRESTORE] 📋 Getting user conversations | user=431fff88-549d-46bb-96b1-e4b3521221b7 | tenant=a1b2c3d4-0001-0000-0000-000000000001
2026-05-03 15:29:01 | INFO | [FIRESTORE] ✅ Found 6 conversations for user 431fff88-549d-46bb-96b1-e4b3521221b7
2026-05-03 15:29:47 | INFO | [FIRESTORE] 📋 Getting user conversations | user=431fff88-549d-46bb-96b1-e4b3521221b7 | tenant=a1b2c3d4-0001-0000-0000-000000000001
2026-05-03 15:29:54 | INFO | [FIRESTORE] ✅ Found 6 conversations for user 431fff88-549d-46bb-96b1-e4b3521221b7
2026-05-03 15:30:19 | INFO | [FIRESTORE] 📖 Getting history | session=431fff88-549d-46bb-96b1-e4b3521221b7__a1b2c3d4-0001-0000-0000-000000000001__1777543369513 | tenant=a1b2c3d4-0001-0000-0000-000000000001
2026-05-03 15:30:20 | INFO | [FIRESTORE] ✅ Retrieved 50 messages
2026-05-03 15:33:09 | INFO | [FIRESTORE] 📋 Getting user conversations | user=431fff88-549d-46bb-96b1-e4b3521221b7 | tenant=a1b2c3d4-0001-0000-0000-000000000001
2026-05-03 15:33:15 | INFO | [FIRESTORE] ✅ Found 6 conversations for user 431fff88-549d-46bb-96b1-e4b3521221b7
2026-05-03 15:37:27 | INFO | [FIRESTORE] 📋 Getting user conversations | user=431fff88-549d-46bb-96b1-e4b3521221b7 | tenant=a1b2c3d4-0001-0000-0000-000000000001
2026-05-03 15:37:34 | INFO | [FIRESTORE] ✅ Found 6 conversations for user 431fff88-549d-46bb-96b1-e4b3521221b7
2026-05-03 15:45:18 | INFO | ✅ FirestoreConversationService initialisé
2026-05-03 15:45:37 | INFO | [FIRESTORE] 🧹 Cleaning old anonymous conversations > 1h
2026-05-03 15:45:38 | INFO | [FIRESTORE] ✅ Cleanup complete: 0 messages, 0 sessions
2026-05-03 15:49:26 | INFO | [FIRESTORE] 📋 Getting user conversations | user=431fff88-549d-46bb-96b1-e4b3521221b7 | tenant=a1b2c3d4-0001-0000-0000-000000000001
2026-05-03 15:49:33 | INFO | [FIRESTORE] ✅ Found 6 conversations for user 431fff88-549d-46bb-96b1-e4b3521221b7
2026-05-03 16:03:56 | INFO | [FIRESTORE] 📋 Getting user conversations | user=431fff88-549d-46bb-96b1-e4b3521221b7 | tenant=a1b2c3d4-0001-0000-0000-000000000001
2026-05-03 16:04:03 | INFO | [FIRESTORE] ✅ Found 6 conversations for user 431fff88-549d-46bb-96b1-e4b3521221b7
2026-05-03 16:04:09 | INFO | ✅ FirestoreConversationService initialisé
2026-05-03 16:04:22 | INFO | [FIRESTORE] 🧹 Cleaning old anonymous conversations > 1h
2026-05-03 16:04:24 | INFO | [FIRESTORE] ✅ Cleanup complete: 0 messages, 0 sessions
2026-05-03 16:06:57 | INFO | ✅ FirestoreConversationService initialisé
2026-05-03 16:07:15 | INFO | [FIRESTORE] 🧹 Cleaning old anonymous conversations > 1h
2026-05-03 16:07:17 | INFO | [FIRESTORE] ✅ Cleanup complete: 0 messages, 0 sessions
2026-05-03 16:07:18 | INFO | [FIRESTORE] 📋 Getting user conversations | user=431fff88-549d-46bb-96b1-e4b3521221b7 | tenant=a1b2c3d4-0001-0000-0000-000000000001
2026-05-03 16:07:24 | INFO | [FIRESTORE] ✅ Found 6 conversations for user 431fff88-549d-46bb-96b1-e4b3521221b7
2026-05-03 16:07:45 | INFO | [FIRESTORE] 📋 Getting user conversations | user=431fff88-549d-46bb-96b1-e4b3521221b7 | tenant=a1b2c3d4-0001-0000-0000-000000000001
2026-05-03 16:07:51 | INFO | [FIRESTORE] ✅ Found 6 conversations for user 431fff88-549d-46bb-96b1-e4b3521221b7
2026-05-03 16:12:00 | INFO | ✅ FirestoreConversationService initialisé
2026-05-03 16:12:14 | INFO | ✅ FirestoreConversationService initialisé
2026-05-03 16:12:28 | INFO | [FIRESTORE] 🧹 Cleaning old anonymous conversations > 1h
2026-05-03 16:12:30 | INFO | [FIRESTORE] ✅ Cleanup complete: 0 messages, 0 sessions
2026-05-03 16:29:12 | INFO | [FIRESTORE] 📋 Getting user conversations | user=431fff88-549d-46bb-96b1-e4b3521221b7 | tenant=a1b2c3d4-0001-0000-0000-000000000001
2026-05-03 16:29:19 | INFO | [FIRESTORE] ✅ Found 6 conversations for user 431fff88-549d-46bb-96b1-e4b3521221b7
2026-05-03 16:29:20 | INFO | [FIRESTORE] 📋 Getting user conversations | user=431fff88-549d-46bb-96b1-e4b3521221b7 | tenant=a1b2c3d4-0001-0000-0000-000000000001
2026-05-03 16:29:27 | INFO | [FIRESTORE] ✅ Found 6 conversations for user 431fff88-549d-46bb-96b1-e4b3521221b7
2026-05-03 16:29:42 | INFO | [FIRESTORE] 📋 Getting user conversations | user=431fff88-549d-46bb-96b1-e4b3521221b7 | tenant=a1b2c3d4-0001-0000-0000-000000000001
2026-05-03 16:29:48 | INFO | [FIRESTORE] ✅ Found 6 conversations for user 431fff88-549d-46bb-96b1-e4b3521221b7
2026-05-03 16:32:01 | INFO | [FIRESTORE] 📋 Getting user conversations | user=431fff88-549d-46bb-96b1-e4b3521221b7 | tenant=a1b2c3d4-0001-0000-0000-000000000001
2026-05-03 16:32:08 | INFO | [FIRESTORE] ✅ Found 6 conversations for user 431fff88-549d-46bb-96b1-e4b3521221b7
2026-05-03 16:42:23 | INFO | [FIRESTORE] 🧹 Cleaning old anonymous conversations > 1h
2026-05-03 16:42:24 | INFO | [FIRESTORE] ✅ Cleanup complete: 0 messages, 0 sessions
2026-05-03 16:57:55 | INFO | [FIRESTORE] 📋 Getting user conversations | user=431fff88-549d-46bb-96b1-e4b3521221b7 | tenant=a1b2c3d4-0001-0000-0000-000000000001
2026-05-03 16:58:02 | INFO | [FIRESTORE] ✅ Found 6 conversations for user 431fff88-549d-46bb-96b1-e4b3521221b7
2026-05-03 16:58:09 | INFO | ✅ FirestoreConversationService initialisé
2026-05-03 16:58:29 | INFO | ✅ FirestoreConversationService initialisé
2026-05-03 16:58:43 | INFO | [FIRESTORE] 📋 Getting user conversations | user=431fff88-549d-46bb-96b1-e4b3521221b7 | tenant=a1b2c3d4-0001-0000-0000-000000000001
2026-05-03 16:58:51 | INFO | [FIRESTORE] ✅ Found 6 conversations for user 431fff88-549d-46bb-96b1-e4b3521221b7
2026-05-03 16:58:51 | INFO | [FIRESTORE] 🧹 Cleaning old anonymous conversations > 1h
2026-05-03 16:58:52 | INFO | [FIRESTORE] ✅ Cleanup complete: 0 messages, 0 sessions
2026-05-03 16:59:06 | INFO | [FIRESTORE] 📖 Getting history | session=431fff88-549d-46bb-96b1-e4b3521221b7__a1b2c3d4-0001-0000-0000-000000000001__1777543369513 | tenant=a1b2c3d4-0001-0000-0000-000000000001
2026-05-03 16:59:07 | INFO | [FIRESTORE] ✅ Retrieved 50 messages
2026-05-03 17:00:04 | INFO | [FIRESTORE] 📖 Getting history | session=431fff88-549d-46bb-96b1-e4b3521221b7__a1b2c3d4-0001-0000-0000-000000000001__1777543369513 | tenant=a1b2c3d4-0001-0000-0000-000000000001
2026-05-03 17:00:04 | INFO | [FIRESTORE] ✅ Retrieved 10 messages
2026-05-03 17:01:12 | INFO | [FIRESTORE] 💾 Saving message | session=431fff88-549d-46bb-96b1-e4b3521221b7__a1b2c3d4-0001-0000-0000-000000000001__1777543369513 | tenant=a1b2c3d4-0001-0000-0000-000000000001 | user=431fff88-549d-46bb-96b1-e4b3521221b7
2026-05-03 17:01:12 | INFO | [FIRESTORE] First message: False
2026-05-03 17:01:12 | INFO | [FIRESTORE] ✅ Message saved | doc_id=fTF372ov20YfyMzMiyU7
2026-05-03 17:01:13 | DEBUG | [FIRESTORE] Updated metadata for 431fff88-549d-46bb-96b1-e4b3521221b7__a1b2c3d4-0001-0000-0000-000000000001__1777543369513
2026-05-03 17:03:35 | INFO | ✅ FirestoreConversationService initialisé
2026-05-03 17:03:50 | INFO | [FIRESTORE] 🧹 Cleaning old anonymous conversations > 1h
2026-05-03 17:03:52 | INFO | [FIRESTORE] ✅ Cleanup complete: 0 messages, 0 sessions
2026-05-03 17:04:45 | INFO | [FIRESTORE] 📋 Getting user conversations | user=431fff88-549d-46bb-96b1-e4b3521221b7 | tenant=a1b2c3d4-0001-0000-0000-000000000001
2026-05-03 17:04:52 | INFO | [FIRESTORE] ✅ Found 6 conversations for user 431fff88-549d-46bb-96b1-e4b3521221b7
2026-05-03 17:04:53 | INFO | [FIRESTORE] 📖 Getting history | session=431fff88-549d-46bb-96b1-e4b3521221b7__a1b2c3d4-0001-0000-0000-000000000001__1777543369513 | tenant=a1b2c3d4-0001-0000-0000-000000000001
2026-05-03 17:04:53 | INFO | [FIRESTORE] ✅ Retrieved 50 messages
2026-05-03 17:05:25 | INFO | [FIRESTORE] 📖 Getting history | session=431fff88-549d-46bb-96b1-e4b3521221b7__a1b2c3d4-0001-0000-0000-000000000001__1777543369513 | tenant=a1b2c3d4-0001-0000-0000-000000000001
2026-05-03 17:05:25 | INFO | [FIRESTORE] ✅ Retrieved 10 messages
2026-05-03 17:06:22 | INFO | [FIRESTORE] 💾 Saving message | session=431fff88-549d-46bb-96b1-e4b3521221b7__a1b2c3d4-0001-0000-0000-000000000001__1777543369513 | tenant=a1b2c3d4-0001-0000-0000-000000000001 | user=431fff88-549d-46bb-96b1-e4b3521221b7
2026-05-03 17:06:22 | INFO | [FIRESTORE] First message: False
2026-05-03 17:06:22 | INFO | [FIRESTORE] ✅ Message saved | doc_id=YTsM0OYPEGL1SJ5m6V89
2026-05-03 17:06:22 | DEBUG | [FIRESTORE] Updated metadata for 431fff88-549d-46bb-96b1-e4b3521221b7__a1b2c3d4-0001-0000-0000-000000000001__1777543369513
2026-05-03 17:13:39 | INFO | ✅ FirestoreConversationService initialisé
2026-05-03 17:13:55 | INFO | [FIRESTORE] 🧹 Cleaning old anonymous conversations > 1h
2026-05-03 17:13:57 | INFO | [FIRESTORE] ✅ Cleanup complete: 0 messages, 0 sessions
2026-05-03 17:18:41 | INFO | ✅ FirestoreConversationService initialisé
2026-05-03 17:18:52 | INFO | ✅ FirestoreConversationService initialisé
2026-05-03 17:19:04 | INFO | [FIRESTORE] 🧹 Cleaning old anonymous conversations > 1h
2026-05-03 17:19:05 | INFO | [FIRESTORE] ✅ Cleanup complete: 0 messages, 0 sessions
2026-05-03 17:23:42 | INFO | ✅ FirestoreConversationService initialisé
2026-05-03 17:23:55 | INFO | [FIRESTORE] 🧹 Cleaning old anonymous conversations > 1h
2026-05-03 17:23:56 | INFO | [FIRESTORE] ✅ Cleanup complete: 0 messages, 0 sessions
2026-05-03 17:24:23 | INFO | [FIRESTORE] 📋 Getting user conversations | user=431fff88-549d-46bb-96b1-e4b3521221b7 | tenant=a1b2c3d4-0001-0000-0000-000000000001
2026-05-03 17:24:30 | INFO | [FIRESTORE] ✅ Found 6 conversations for user 431fff88-549d-46bb-96b1-e4b3521221b7
2026-05-03 17:24:53 | INFO | [FIRESTORE] 📖 Getting history | session=431fff88-549d-46bb-96b1-e4b3521221b7__a1b2c3d4-0001-0000-0000-000000000001__1777543369513 | tenant=a1b2c3d4-0001-0000-0000-000000000001
2026-05-03 17:24:53 | INFO | [FIRESTORE] ✅ Retrieved 50 messages
2026-05-03 17:25:43 | INFO | [FIRESTORE] 📖 Getting history | session=431fff88-549d-46bb-96b1-e4b3521221b7__a1b2c3d4-0001-0000-0000-000000000001__1777543369513 | tenant=a1b2c3d4-0001-0000-0000-000000000001
2026-05-03 17:25:43 | INFO | [FIRESTORE] ✅ Retrieved 10 messages
2026-05-03 17:27:02 | INFO | [FIRESTORE] 💾 Saving message | session=431fff88-549d-46bb-96b1-e4b3521221b7__a1b2c3d4-0001-0000-0000-000000000001__1777543369513 | tenant=a1b2c3d4-0001-0000-0000-000000000001 | user=431fff88-549d-46bb-96b1-e4b3521221b7
2026-05-03 17:27:02 | INFO | [FIRESTORE] First message: False
2026-05-03 17:27:03 | INFO | [FIRESTORE] ✅ Message saved | doc_id=bwAtpLbpsksN2d6I4iHo
2026-05-03 17:27:03 | DEBUG | [FIRESTORE] Updated metadata for 431fff88-549d-46bb-96b1-e4b3521221b7__a1b2c3d4-0001-0000-0000-000000000001__1777543369513
2026-05-03 17:53:50 | INFO | [FIRESTORE] 🧹 Cleaning old anonymous conversations > 1h
2026-05-03 17:53:51 | INFO | [FIRESTORE] ✅ Cleanup complete: 0 messages, 0 sessions
2026-05-03 18:23:50 | INFO | [FIRESTORE] 🧹 Cleaning old anonymous conversations > 1h
2026-05-03 18:23:52 | INFO | [FIRESTORE] ✅ Cleanup complete: 0 messages, 0 sessions
2026-05-03 18:39:21 | INFO | [FIRESTORE] 📖 Getting history | session=431fff88-549d-46bb-96b1-e4b3521221b7__a1b2c3d4-0001-0000-0000-000000000001__1777543369513 | tenant=a1b2c3d4-0001-0000-0000-000000000001
2026-05-03 18:39:22 | INFO | [FIRESTORE] ✅ Retrieved 50 messages
2026-05-03 18:39:22 | INFO | [FIRESTORE] 📋 Getting user conversations | user=431fff88-549d-46bb-96b1-e4b3521221b7 | tenant=a1b2c3d4-0001-0000-0000-000000000001
2026-05-03 18:39:28 | INFO | [FIRESTORE] ✅ Found 6 conversations for user 431fff88-549d-46bb-96b1-e4b3521221b7
2026-05-03 18:39:42 | INFO | ✅ FirestoreConversationService initialisé
2026-05-03 18:40:14 | INFO | [FIRESTORE] 🧹 Cleaning old anonymous conversations > 1h
2026-05-03 18:40:16 | INFO | [FIRESTORE] ✅ Cleanup complete: 0 messages, 0 sessions
2026-05-03 18:43:51 | INFO | [FIRESTORE] 📖 Getting history | session=431fff88-549d-46bb-96b1-e4b3521221b7__a1b2c3d4-0001-0000-0000-000000000001__1777543369513 | tenant=a1b2c3d4-0001-0000-0000-000000000001
2026-05-03 18:43:52 | INFO | [FIRESTORE] ✅ Retrieved 50 messages
2026-05-03 18:43:52 | INFO | [FIRESTORE] 📋 Getting user conversations | user=431fff88-549d-46bb-96b1-e4b3521221b7 | tenant=a1b2c3d4-0001-0000-0000-000000000001
2026-05-03 18:43:58 | INFO | [FIRESTORE] ✅ Found 6 conversations for user 431fff88-549d-46bb-96b1-e4b3521221b7
2026-05-03 18:44:09 | INFO | [FIRESTORE] 📋 Getting user conversations | user=431fff88-549d-46bb-96b1-e4b3521221b7 | tenant=a1b2c3d4-0001-0000-0000-000000000001
2026-05-03 18:44:15 | INFO | [FIRESTORE] ✅ Found 6 conversations for user 431fff88-549d-46bb-96b1-e4b3521221b7
2026-05-03 18:44:15 | INFO | [FIRESTORE] 📖 Getting history | session=431fff88-549d-46bb-96b1-e4b3521221b7__a1b2c3d4-0001-0000-0000-000000000001__1777543369513 | tenant=a1b2c3d4-0001-0000-0000-000000000001
2026-05-03 18:44:15 | INFO | [FIRESTORE] ✅ Retrieved 50 messages
2026-05-03 18:49:44 | INFO | ✅ FirestoreConversationService initialisé
2026-05-03 18:49:54 | INFO | ✅ FirestoreConversationService initialisé
2026-05-03 18:50:08 | INFO | [FIRESTORE] 🧹 Cleaning old anonymous conversations > 1h
2026-05-03 18:50:09 | INFO | [FIRESTORE] ✅ Cleanup complete: 0 messages, 0 sessions
2026-05-03 18:59:26 | INFO | ✅ FirestoreConversationService initialisé
2026-05-03 18:59:43 | INFO | [FIRESTORE] 🧹 Cleaning old anonymous conversations > 1h
2026-05-03 18:59:44 | INFO | [FIRESTORE] ✅ Cleanup complete: 0 messages, 0 sessions
2026-05-03 19:01:56 | INFO | [FIRESTORE] 📋 Getting user conversations | user=431fff88-549d-46bb-96b1-e4b3521221b7 | tenant=a1b2c3d4-0001-0000-0000-000000000001
2026-05-03 19:02:02 | INFO | [FIRESTORE] ✅ Found 6 conversations for user 431fff88-549d-46bb-96b1-e4b3521221b7
2026-05-03 19:02:29 | INFO | [FIRESTORE] 📋 Getting user conversations | user=431fff88-549d-46bb-96b1-e4b3521221b7 | tenant=a1b2c3d4-0001-0000-0000-000000000001
2026-05-03 19:02:36 | INFO | [FIRESTORE] ✅ Found 6 conversations for user 431fff88-549d-46bb-96b1-e4b3521221b7
2026-05-03 19:03:21 | INFO | [FIRESTORE] 📋 Getting user conversations | user=431fff88-549d-46bb-96b1-e4b3521221b7 | tenant=a1b2c3d4-0001-0000-0000-000000000001
2026-05-03 19:03:27 | INFO | [FIRESTORE] ✅ Found 6 conversations for user 431fff88-549d-46bb-96b1-e4b3521221b7
2026-05-03 19:14:13 | INFO | ✅ FirestoreConversationService initialisé
2026-05-03 19:14:26 | INFO | ✅ FirestoreConversationService initialisé
2026-05-03 19:14:39 | INFO | [FIRESTORE] 🧹 Cleaning old anonymous conversations > 1h
2026-05-03 19:14:40 | INFO | [FIRESTORE] ✅ Cleanup complete: 0 messages, 0 sessions
2026-05-03 19:15:54 | INFO | [FIRESTORE] 📋 Getting user conversations | user=431fff88-549d-46bb-96b1-e4b3521221b7 | tenant=a1b2c3d4-0001-0000-0000-000000000001
2026-05-03 19:16:00 | INFO | [FIRESTORE] ✅ Found 6 conversations for user 431fff88-549d-46bb-96b1-e4b3521221b7
2026-05-03 19:16:39 | INFO | [FIRESTORE] 📋 Getting user conversations | user=431fff88-549d-46bb-96b1-e4b3521221b7 | tenant=a1b2c3d4-0001-0000-0000-000000000001
2026-05-03 19:16:44 | INFO | [FIRESTORE] ✅ Found 6 conversations for user 431fff88-549d-46bb-96b1-e4b3521221b7
2026-05-03 19:19:15 | INFO | ✅ FirestoreConversationService initialisé
2026-05-03 19:19:27 | INFO | [FIRESTORE] 🧹 Cleaning old anonymous conversations > 1h
2026-05-03 19:19:29 | INFO | [FIRESTORE] ✅ Cleanup complete: 0 messages, 0 sessions
2026-05-03 19:21:15 | INFO | [FIRESTORE] 📋 Getting user conversations | user=431fff88-549d-46bb-96b1-e4b3521221b7 | tenant=a1b2c3d4-0002-0000-0000-000000000002
2026-05-03 19:21:15 | INFO | [FIRESTORE] ✅ Found 0 conversations for user 431fff88-549d-46bb-96b1-e4b3521221b7
2026-05-03 19:28:38 | INFO | [FIRESTORE] 📋 Getting user conversations | user=431fff88-549d-46bb-96b1-e4b3521221b7 | tenant=a1b2c3d4-0001-0000-0000-000000000001
2026-05-03 19:28:44 | INFO | [FIRESTORE] ✅ Found 6 conversations for user 431fff88-549d-46bb-96b1-e4b3521221b7
2026-05-03 19:28:51 | INFO | [FIRESTORE] 📋 Getting user conversations | user=431fff88-549d-46bb-96b1-e4b3521221b7 | tenant=a1b2c3d4-0002-0000-0000-000000000002
2026-05-03 19:28:51 | INFO | [FIRESTORE] ✅ Found 0 conversations for user 431fff88-549d-46bb-96b1-e4b3521221b7
2026-05-03 21:47:30 | INFO | ✅ FirestoreConversationService initialisé
2026-05-03 21:47:44 | INFO | [FIRESTORE] 🧹 Cleaning old anonymous conversations > 1h
2026-05-03 21:47:46 | INFO | [FIRESTORE] ✅ Cleanup complete: 0 messages, 0 sessions
2026-05-03 21:48:34 | INFO | [FIRESTORE] 📋 Getting user conversations | user=431fff88-549d-46bb-96b1-e4b3521221b7 | tenant=a1b2c3d4-0002-0000-0000-000000000002
2026-05-03 21:48:34 | INFO | [FIRESTORE] ✅ Found 0 conversations for user 431fff88-549d-46bb-96b1-e4b3521221b7
2026-05-03 22:05:47 | INFO | [FIRESTORE] 📋 Getting user conversations | user=431fff88-549d-46bb-96b1-e4b3521221b7 | tenant=a1b2c3d4-0001-0000-0000-000000000001
2026-05-03 22:05:53 | INFO | [FIRESTORE] ✅ Found 6 conversations for user 431fff88-549d-46bb-96b1-e4b3521221b7
2026-05-03 22:05:57 | INFO | [FIRESTORE] 📖 Getting history | session=431fff88-549d-46bb-96b1-e4b3521221b7__a1b2c3d4-0001-0000-0000-000000000001__1777543369513 | tenant=a1b2c3d4-0001-0000-0000-000000000001
2026-05-03 22:05:58 | INFO | [FIRESTORE] ✅ Retrieved 50 messages
2026-05-03 22:06:31 | INFO | [FIRESTORE] 📖 Getting history | session=431fff88-549d-46bb-96b1-e4b3521221b7__a1b2c3d4-0001-0000-0000-000000000001__1777543369513 | tenant=a1b2c3d4-0001-0000-0000-000000000001
2026-05-03 22:06:31 | INFO | [FIRESTORE] ✅ Retrieved 10 messages
2026-05-03 22:07:38 | INFO | [FIRESTORE] 💾 Saving message | session=431fff88-549d-46bb-96b1-e4b3521221b7__a1b2c3d4-0001-0000-0000-000000000001__1777543369513 | tenant=a1b2c3d4-0001-0000-0000-000000000001 | user=431fff88-549d-46bb-96b1-e4b3521221b7
2026-05-03 22:07:38 | INFO | [FIRESTORE] First message: False
2026-05-03 22:07:38 | INFO | [FIRESTORE] ✅ Message saved | doc_id=wtgTsMQpywi6xZkXiYc5
2026-05-03 22:07:38 | DEBUG | [FIRESTORE] Updated metadata for 431fff88-549d-46bb-96b1-e4b3521221b7__a1b2c3d4-0001-0000-0000-000000000001__1777543369513
2026-05-03 22:17:39 | INFO | [FIRESTORE] 🧹 Cleaning old anonymous conversations > 1h
2026-05-03 22:17:40 | INFO | [FIRESTORE] ✅ Cleanup complete: 0 messages, 0 sessions
2026-05-03 22:21:20 | INFO | [FIRESTORE] 📖 Getting history | session=431fff88-549d-46bb-96b1-e4b3521221b7__a1b2c3d4-0001-0000-0000-000000000001__1777543369513 | tenant=a1b2c3d4-0001-0000-0000-000000000001
2026-05-03 22:21:20 | INFO | [FIRESTORE] ✅ Retrieved 50 messages
2026-05-03 22:21:21 | INFO | [FIRESTORE] 📋 Getting user conversations | user=431fff88-549d-46bb-96b1-e4b3521221b7 | tenant=a1b2c3d4-0001-0000-0000-000000000001
2026-05-03 22:21:26 | INFO | [FIRESTORE] ✅ Found 6 conversations for user 431fff88-549d-46bb-96b1-e4b3521221b7
2026-05-03 22:47:39 | INFO | [FIRESTORE] 🧹 Cleaning old anonymous conversations > 1h
2026-05-03 22:47:40 | INFO | [FIRESTORE] ✅ Cleanup complete: 0 messages, 0 sessions
2026-05-03 23:17:39 | INFO | [FIRESTORE] 🧹 Cleaning old anonymous conversations > 1h
2026-05-03 23:17:40 | INFO | [FIRESTORE] ✅ Cleanup complete: 0 messages, 0 sessions
2026-05-03 23:47:39 | INFO | [FIRESTORE] 🧹 Cleaning old anonymous conversations > 1h
2026-05-03 23:47:41 | INFO | [FIRESTORE] ✅ Cleanup complete: 0 messages, 0 sessions
2026-05-04 00:12:09 | INFO | ✅ FirestoreConversationService initialisé
2026-05-04 00:28:40 | INFO | ✅ FirestoreConversationService initialisé
2026-05-04 00:28:54 | INFO | [FIRESTORE] 🧹 Cleaning old anonymous conversations > 1h
2026-05-04 00:28:55 | INFO | [FIRESTORE] ✅ Cleanup complete: 0 messages, 0 sessions
2026-05-04 00:38:42 | INFO | ✅ FirestoreConversationService initialisé
2026-05-04 00:38:55 | INFO | ✅ FirestoreConversationService initialisé
2026-05-04 00:39:09 | INFO | [FIRESTORE] 🧹 Cleaning old anonymous conversations > 1h
2026-05-04 00:39:10 | INFO | [FIRESTORE] ✅ Cleanup complete: 0 messages, 0 sessions
2026-05-04 00:39:16 | INFO | ✅ FirestoreConversationService initialisé
2026-05-04 00:39:28 | INFO | [FIRESTORE] 🧹 Cleaning old anonymous conversations > 1h
2026-05-04 00:39:29 | INFO | [FIRESTORE] ✅ Cleanup complete: 0 messages, 0 sessions
2026-05-04 00:47:30 | INFO | ✅ FirestoreConversationService initialisé
2026-05-04 00:47:52 | INFO | [FIRESTORE] 🧹 Cleaning old anonymous conversations > 1h
2026-05-04 00:47:53 | INFO | [FIRESTORE] ✅ Cleanup complete: 0 messages, 0 sessions
2026-05-04 00:51:48 | INFO | [FIRESTORE] 📋 Getting user conversations | user=431fff88-549d-46bb-96b1-e4b3521221b7 | tenant=a1b2c3d4-0002-0000-0000-000000000002
2026-05-04 00:51:48 | INFO | [FIRESTORE] ✅ Found 0 conversations for user 431fff88-549d-46bb-96b1-e4b3521221b7
2026-05-04 01:14:58 | INFO | ✅ FirestoreConversationService initialisé
2026-05-04 01:15:38 | INFO | [FIRESTORE] 🧹 Cleaning old anonymous conversations > 1h
2026-05-04 01:15:40 | INFO | [FIRESTORE] ✅ Cleanup complete: 0 messages, 0 sessions
2026-05-04 01:32:13 | INFO | ✅ FirestoreConversationService initialisé
2026-05-04 01:33:15 | INFO | [FIRESTORE] 🧹 Cleaning old anonymous conversations > 1h
2026-05-04 01:33:18 | INFO | [FIRESTORE] ✅ Cleanup complete: 0 messages, 0 sessions
2026-05-04 01:35:53 | INFO | [FIRESTORE] 📋 Getting user conversations | user=431fff88-549d-46bb-96b1-e4b3521221b7 | tenant=a1b2c3d4-0002-0000-0000-000000000002
2026-05-04 01:35:53 | INFO | [FIRESTORE] ✅ Found 0 conversations for user 431fff88-549d-46bb-96b1-e4b3521221b7
2026-05-04 01:39:05 | INFO | [FIRESTORE] 📋 Getting user conversations | user=431fff88-549d-46bb-96b1-e4b3521221b7 | tenant=a1b2c3d4-0002-0000-0000-000000000002
2026-05-04 01:39:05 | INFO | [FIRESTORE] ✅ Found 0 conversations for user 431fff88-549d-46bb-96b1-e4b3521221b7
2026-05-04 01:39:25 | INFO | [FIRESTORE] 📋 Getting user conversations | user=431fff88-549d-46bb-96b1-e4b3521221b7 | tenant=a1b2c3d4-0002-0000-0000-000000000002
2026-05-04 01:39:25 | INFO | [FIRESTORE] ✅ Found 0 conversations for user 431fff88-549d-46bb-96b1-e4b3521221b7
2026-05-04 01:39:30 | INFO | [FIRESTORE] 📋 Getting user conversations | user=431fff88-549d-46bb-96b1-e4b3521221b7 | tenant=a1b2c3d4-0002-0000-0000-000000000002
2026-05-04 01:39:30 | INFO | [FIRESTORE] ✅ Found 0 conversations for user 431fff88-549d-46bb-96b1-e4b3521221b7
2026-05-04 01:39:42 | INFO | [FIRESTORE] 📋 Getting user conversations | user=431fff88-549d-46bb-96b1-e4b3521221b7 | tenant=a1b2c3d4-0002-0000-0000-000000000002
2026-05-04 01:39:42 | INFO | [FIRESTORE] ✅ Found 0 conversations for user 431fff88-549d-46bb-96b1-e4b3521221b7
2026-05-04 01:39:47 | INFO | [FIRESTORE] 📋 Getting user conversations | user=431fff88-549d-46bb-96b1-e4b3521221b7 | tenant=a1b2c3d4-0002-0000-0000-000000000002
2026-05-04 01:39:47 | INFO | [FIRESTORE] ✅ Found 0 conversations for user 431fff88-549d-46bb-96b1-e4b3521221b7
2026-05-04 01:41:47 | INFO | ✅ FirestoreConversationService initialisé
2026-05-04 01:42:10 | INFO | [FIRESTORE] 🧹 Cleaning old anonymous conversations > 1h
2026-05-04 01:42:12 | INFO | [FIRESTORE] ✅ Cleanup complete: 0 messages, 0 sessions
2026-05-04 02:12:05 | INFO | [FIRESTORE] 🧹 Cleaning old anonymous conversations > 1h
2026-05-04 02:12:05 | INFO | [FIRESTORE] ✅ Cleanup complete: 0 messages, 0 sessions
2026-05-04 02:13:31 | INFO | [FIRESTORE] 📖 Getting history | session=431fff88-549d-46bb-96b1-e4b3521221b7__a1b2c3d4-0001-0000-0000-000000000001__1777857211488 | tenant=a1b2c3d4-0001-0000-0000-000000000001
2026-05-04 02:13:31 | INFO | [FIRESTORE] ✅ Retrieved 0 messages
2026-05-04 02:13:32 | INFO | [FIRESTORE] 📋 Getting user conversations | user=431fff88-549d-46bb-96b1-e4b3521221b7 | tenant=a1b2c3d4-0001-0000-0000-000000000001
2026-05-04 02:13:37 | INFO | [FIRESTORE] ✅ Found 6 conversations for user 431fff88-549d-46bb-96b1-e4b3521221b7
2026-05-04 02:42:05 | INFO | [FIRESTORE] 🧹 Cleaning old anonymous conversations > 1h
2026-05-04 02:42:07 | INFO | [FIRESTORE] ✅ Cleanup complete: 0 messages, 0 sessions
2026-05-04 02:57:28 | INFO | ✅ FirestoreConversationService initialisé
2026-05-04 02:58:33 | INFO | [FIRESTORE] 🧹 Cleaning old anonymous conversations > 1h
2026-05-04 02:58:35 | INFO | [FIRESTORE] ✅ Cleanup complete: 0 messages, 0 sessions
2026-05-04 02:59:20 | INFO | ✅ FirestoreConversationService initialisé
2026-05-04 02:59:59 | INFO | [FIRESTORE] 🧹 Cleaning old anonymous conversations > 1h
2026-05-04 03:00:00 | INFO | [FIRESTORE] ✅ Cleanup complete: 0 messages, 0 sessions
2026-05-04 03:00:18 | INFO | [FIRESTORE] 📖 Getting history | session=431fff88-549d-46bb-96b1-e4b3521221b7__a1b2c3d4-0001-0000-0000-000000000001__1777860017799 | tenant=a1b2c3d4-0001-0000-0000-000000000001
2026-05-04 03:00:18 | INFO | [FIRESTORE] ✅ Retrieved 0 messages
2026-05-04 03:00:18 | INFO | [FIRESTORE] 📋 Getting user conversations | user=431fff88-549d-46bb-96b1-e4b3521221b7 | tenant=a1b2c3d4-0001-0000-0000-000000000001
2026-05-04 03:00:23 | INFO | [FIRESTORE] ✅ Found 6 conversations for user 431fff88-549d-46bb-96b1-e4b3521221b7
2026-05-04 03:03:50 | INFO | ✅ FirestoreConversationService initialisé
2026-05-04 03:04:11 | INFO | [FIRESTORE] 🧹 Cleaning old anonymous conversations > 1h
2026-05-04 03:04:12 | INFO | [FIRESTORE] ✅ Cleanup complete: 0 messages, 0 sessions
2026-05-04 03:05:09 | INFO | ✅ FirestoreConversationService initialisé
2026-05-04 03:05:22 | INFO | [FIRESTORE] 🧹 Cleaning old anonymous conversations > 1h
2026-05-04 03:05:23 | INFO | [FIRESTORE] ✅ Cleanup complete: 0 messages, 0 sessions
2026-05-04 03:06:43 | INFO | [FIRESTORE] 📋 Getting user conversations | user=431fff88-549d-46bb-96b1-e4b3521221b7 | tenant=a1b2c3d4-0001-0000-0000-000000000001
2026-05-04 03:06:49 | INFO | [FIRESTORE] ✅ Found 6 conversations for user 431fff88-549d-46bb-96b1-e4b3521221b7
2026-05-04 03:06:49 | INFO | [FIRESTORE] 📖 Getting history | session=431fff88-549d-46bb-96b1-e4b3521221b7__a1b2c3d4-0001-0000-0000-000000000001__1777860017799 | tenant=a1b2c3d4-0001-0000-0000-000000000001
2026-05-04 03:06:49 | INFO | [FIRESTORE] ✅ Retrieved 0 messages
2026-05-04 11:44:36 | INFO | ✅ FirestoreConversationService initialisé
2026-05-04 11:44:52 | INFO | [FIRESTORE] 🧹 Cleaning old anonymous conversations > 1h
2026-05-04 11:44:53 | INFO | [FIRESTORE] ✅ Cleanup complete: 0 messages, 0 sessions
2026-05-04 11:54:13 | INFO | [FIRESTORE] 📖 Getting history | session=431fff88-549d-46bb-96b1-e4b3521221b7__a1b2c3d4-0001-0000-0000-000000000001__1777892053153 | tenant=a1b2c3d4-0001-0000-0000-000000000001
2026-05-04 11:54:13 | INFO | [FIRESTORE] ✅ Retrieved 0 messages
2026-05-04 11:54:14 | INFO | [FIRESTORE] 📋 Getting user conversations | user=431fff88-549d-46bb-96b1-e4b3521221b7 | tenant=a1b2c3d4-0001-0000-0000-000000000001
2026-05-04 11:54:21 | INFO | [FIRESTORE] ✅ Found 6 conversations for user 431fff88-549d-46bb-96b1-e4b3521221b7
2026-05-04 12:05:35 | INFO | ✅ FirestoreConversationService initialisé
2026-05-04 12:05:53 | INFO | ✅ FirestoreConversationService initialisé
2026-05-04 12:06:12 | INFO | [FIRESTORE] 🧹 Cleaning old anonymous conversations > 1h
2026-05-04 12:06:14 | INFO | [FIRESTORE] ✅ Cleanup complete: 0 messages, 0 sessions
2026-05-04 12:36:07 | INFO | [FIRESTORE] 🧹 Cleaning old anonymous conversations > 1h
2026-05-04 12:36:08 | INFO | [FIRESTORE] ✅ Cleanup complete: 0 messages, 0 sessions
2026-05-04 13:06:07 | INFO | [FIRESTORE] 🧹 Cleaning old anonymous conversations > 1h
2026-05-04 13:06:09 | INFO | [FIRESTORE] ✅ Cleanup complete: 0 messages, 0 sessions
2026-05-04 13:21:50 | INFO | ✅ FirestoreConversationService initialisé
2026-05-04 13:22:22 | INFO | ✅ FirestoreConversationService initialisé
2026-05-04 13:22:34 | INFO | ✅ FirestoreConversationService initialisé
2026-05-04 13:22:48 | INFO | [FIRESTORE] 🧹 Cleaning old anonymous conversations > 1h
2026-05-04 13:22:49 | INFO | [FIRESTORE] ✅ Cleanup complete: 0 messages, 0 sessions
2026-05-04 13:27:22 | INFO | ✅ FirestoreConversationService initialisé
2026-05-04 13:27:36 | INFO | [FIRESTORE] 🧹 Cleaning old anonymous conversations > 1h
2026-05-04 13:27:38 | INFO | [FIRESTORE] ✅ Cleanup complete: 0 messages, 0 sessions
2026-05-04 13:32:52 | INFO | ✅ FirestoreConversationService initialisé
2026-05-04 13:33:23 | INFO | [FIRESTORE] 🧹 Cleaning old anonymous conversations > 1h
2026-05-04 13:33:26 | INFO | [FIRESTORE] ✅ Cleanup complete: 0 messages, 0 sessions
2026-05-04 13:34:26 | INFO | [FIRESTORE] 📋 Getting user conversations | user=431fff88-549d-46bb-96b1-e4b3521221b7 | tenant=a1b2c3d4-0001-0000-0000-000000000001
2026-05-04 13:34:33 | INFO | [FIRESTORE] ✅ Found 6 conversations for user 431fff88-549d-46bb-96b1-e4b3521221b7
2026-05-04 13:34:33 | INFO | [FIRESTORE] 📖 Getting history | session=431fff88-549d-46bb-96b1-e4b3521221b7__a1b2c3d4-0001-0000-0000-000000000001__1777898065789 | tenant=a1b2c3d4-0001-0000-0000-000000000001
2026-05-04 13:34:33 | INFO | [FIRESTORE] ✅ Retrieved 0 messages
2026-05-04 13:38:55 | INFO | [FIRESTORE] 📋 Getting user conversations | user=431fff88-549d-46bb-96b1-e4b3521221b7 | tenant=a1b2c3d4-0001-0000-0000-000000000001
2026-05-04 13:39:02 | INFO | [FIRESTORE] ✅ Found 6 conversations for user 431fff88-549d-46bb-96b1-e4b3521221b7
2026-05-04 13:39:02 | INFO | [FIRESTORE] 📖 Getting history | session=431fff88-549d-46bb-96b1-e4b3521221b7__a1b2c3d4-0001-0000-0000-000000000001__1777898335635 | tenant=a1b2c3d4-0001-0000-0000-000000000001
2026-05-04 13:39:03 | INFO | [FIRESTORE] ✅ Retrieved 0 messages
2026-05-04 13:47:57 | INFO | [FIRESTORE] 📖 Getting history | session=431fff88-549d-46bb-96b1-e4b3521221b7__a1b2c3d4-0001-0000-0000-000000000001__1777898335635 | tenant=a1b2c3d4-0001-0000-0000-000000000001
2026-05-04 13:47:58 | INFO | [FIRESTORE] ✅ Retrieved 0 messages
2026-05-04 13:47:58 | INFO | [FIRESTORE] 📋 Getting user conversations | user=431fff88-549d-46bb-96b1-e4b3521221b7 | tenant=a1b2c3d4-0001-0000-0000-000000000001
2026-05-04 13:48:05 | INFO | [FIRESTORE] ✅ Found 6 conversations for user 431fff88-549d-46bb-96b1-e4b3521221b7
2026-05-04 13:54:39 | INFO | [FIRESTORE] 📋 Getting user conversations | user=431fff88-549d-46bb-96b1-e4b3521221b7 | tenant=a1b2c3d4-0001-0000-0000-000000000001
2026-05-04 13:54:46 | INFO | [FIRESTORE] ✅ Found 6 conversations for user 431fff88-549d-46bb-96b1-e4b3521221b7
2026-05-04 13:54:46 | INFO | [FIRESTORE] 📖 Getting history | session=431fff88-549d-46bb-96b1-e4b3521221b7__a1b2c3d4-0001-0000-0000-000000000001__1777898335635 | tenant=a1b2c3d4-0001-0000-0000-000000000001
2026-05-04 13:54:46 | INFO | [FIRESTORE] ✅ Retrieved 0 messages
2026-05-04 13:54:46 | INFO | [FIRESTORE] 📋 Getting user conversations | user=431fff88-549d-46bb-96b1-e4b3521221b7 | tenant=a1b2c3d4-0001-0000-0000-000000000001
2026-05-04 13:54:52 | INFO | [FIRESTORE] ✅ Found 6 conversations for user 431fff88-549d-46bb-96b1-e4b3521221b7
2026-05-04 13:54:52 | INFO | [FIRESTORE] 📖 Getting history | session=431fff88-549d-46bb-96b1-e4b3521221b7__a1b2c3d4-0001-0000-0000-000000000001__1777898335635 | tenant=a1b2c3d4-0001-0000-0000-000000000001
2026-05-04 13:54:53 | INFO | [FIRESTORE] ✅ Retrieved 0 messages
2026-05-04 13:56:54 | INFO | [FIRESTORE] 📖 Getting history | session=431fff88-549d-46bb-96b1-e4b3521221b7__a1b2c3d4-0001-0000-0000-000000000001__1777899413636 | tenant=a1b2c3d4-0001-0000-0000-000000000001
2026-05-04 13:56:54 | INFO | [FIRESTORE] ✅ Retrieved 0 messages
2026-05-04 13:56:54 | INFO | [FIRESTORE] 📋 Getting user conversations | user=431fff88-549d-46bb-96b1-e4b3521221b7 | tenant=a1b2c3d4-0001-0000-0000-000000000001
2026-05-04 13:57:00 | INFO | [FIRESTORE] ✅ Found 6 conversations for user 431fff88-549d-46bb-96b1-e4b3521221b7
2026-05-04 13:57:59 | INFO | [FIRESTORE] 📖 Getting history | session=431fff88-549d-46bb-96b1-e4b3521221b7__a1b2c3d4-0001-0000-0000-000000000001__1777899413636 | tenant=a1b2c3d4-0001-0000-0000-000000000001
2026-05-04 13:57:59 | INFO | [FIRESTORE] ✅ Retrieved 0 messages
2026-05-04 13:57:59 | INFO | [FIRESTORE] 📋 Getting user conversations | user=431fff88-549d-46bb-96b1-e4b3521221b7 | tenant=a1b2c3d4-0001-0000-0000-000000000001
2026-05-04 13:58:05 | INFO | [FIRESTORE] ✅ Found 6 conversations for user 431fff88-549d-46bb-96b1-e4b3521221b7
2026-05-04 13:58:05 | INFO | [FIRESTORE] 📋 Getting user conversations | user=431fff88-549d-46bb-96b1-e4b3521221b7 | tenant=a1b2c3d4-0001-0000-0000-000000000001
2026-05-04 13:58:12 | INFO | [FIRESTORE] ✅ Found 6 conversations for user 431fff88-549d-46bb-96b1-e4b3521221b7
2026-05-04 13:58:12 | INFO | [FIRESTORE] 📖 Getting history | session=431fff88-549d-46bb-96b1-e4b3521221b7__a1b2c3d4-0001-0000-0000-000000000001__1777899413636 | tenant=a1b2c3d4-0001-0000-0000-000000000001
2026-05-04 13:58:12 | INFO | [FIRESTORE] ✅ Retrieved 0 messages
2026-05-04 14:03:18 | INFO | [FIRESTORE] 🧹 Cleaning old anonymous conversations > 1h
2026-05-04 14:03:19 | INFO | [FIRESTORE] ✅ Cleanup complete: 0 messages, 0 sessions
2026-05-04 14:20:01 | INFO | [FIRESTORE] 📋 Getting user conversations | user=431fff88-549d-46bb-96b1-e4b3521221b7 | tenant=a1b2c3d4-0001-0000-0000-000000000001
2026-05-04 14:20:09 | INFO | [FIRESTORE] ✅ Found 6 conversations for user 431fff88-549d-46bb-96b1-e4b3521221b7
2026-05-04 14:20:09 | INFO | [FIRESTORE] 📖 Getting history | session=431fff88-549d-46bb-96b1-e4b3521221b7__a1b2c3d4-0001-0000-0000-000000000001__1777899413636 | tenant=a1b2c3d4-0001-0000-0000-000000000001
2026-05-04 14:20:09 | INFO | [FIRESTORE] ✅ Retrieved 0 messages
2026-05-04 14:20:14 | INFO | [FIRESTORE] 📋 Getting user conversations | user=431fff88-549d-46bb-96b1-e4b3521221b7 | tenant=a1b2c3d4-0001-0000-0000-000000000001
2026-05-04 14:20:21 | INFO | [FIRESTORE] ✅ Found 6 conversations for user 431fff88-549d-46bb-96b1-e4b3521221b7
2026-05-04 14:20:22 | INFO | [FIRESTORE] 📖 Getting history | session=431fff88-549d-46bb-96b1-e4b3521221b7__a1b2c3d4-0001-0000-0000-000000000001__1777899413636 | tenant=a1b2c3d4-0001-0000-0000-000000000001
2026-05-04 14:20:22 | INFO | [FIRESTORE] ✅ Retrieved 0 messages
2026-05-04 14:20:22 | INFO | [FIRESTORE] 📖 Getting history | session=431fff88-549d-46bb-96b1-e4b3521221b7__a1b2c3d4-0001-0000-0000-000000000001__1777899413636 | tenant=a1b2c3d4-0001-0000-0000-000000000001
2026-05-04 14:20:22 | INFO | [FIRESTORE] ✅ Retrieved 0 messages
2026-05-04 14:20:22 | INFO | [FIRESTORE] 📋 Getting user conversations | user=431fff88-549d-46bb-96b1-e4b3521221b7 | tenant=a1b2c3d4-0001-0000-0000-000000000001
2026-05-04 14:20:30 | INFO | [FIRESTORE] ✅ Found 6 conversations for user 431fff88-549d-46bb-96b1-e4b3521221b7
2026-05-04 14:21:36 | INFO | [FIRESTORE] 📋 Getting user conversations | user=431fff88-549d-46bb-96b1-e4b3521221b7 | tenant=a1b2c3d4-0001-0000-0000-000000000001
2026-05-04 14:21:43 | INFO | [FIRESTORE] ✅ Found 6 conversations for user 431fff88-549d-46bb-96b1-e4b3521221b7
2026-05-04 14:21:43 | INFO | [FIRESTORE] 📖 Getting history | session=431fff88-549d-46bb-96b1-e4b3521221b7__a1b2c3d4-0001-0000-0000-000000000001__1777899413636 | tenant=a1b2c3d4-0001-0000-0000-000000000001
2026-05-04 14:21:43 | INFO | [FIRESTORE] ✅ Retrieved 0 messages
2026-05-04 14:26:20 | INFO | [FIRESTORE] 📋 Getting user conversations | user=431fff88-549d-46bb-96b1-e4b3521221b7 | tenant=a1b2c3d4-0001-0000-0000-000000000001
2026-05-04 14:26:26 | INFO | [FIRESTORE] ✅ Found 6 conversations for user 431fff88-549d-46bb-96b1-e4b3521221b7
2026-05-04 14:26:26 | INFO | [FIRESTORE] 📖 Getting history | session=431fff88-549d-46bb-96b1-e4b3521221b7__a1b2c3d4-0001-0000-0000-000000000001__1777899413636 | tenant=a1b2c3d4-0001-0000-0000-000000000001
2026-05-04 14:26:26 | INFO | [FIRESTORE] ✅ Retrieved 0 messages
2026-05-04 14:27:11 | INFO | [FIRESTORE] 📋 Getting user conversations | user=431fff88-549d-46bb-96b1-e4b3521221b7 | tenant=a1b2c3d4-0001-0000-0000-000000000001
2026-05-04 14:27:17 | INFO | [FIRESTORE] ✅ Found 6 conversations for user 431fff88-549d-46bb-96b1-e4b3521221b7
2026-05-04 14:27:18 | INFO | [FIRESTORE] 📖 Getting history | session=431fff88-549d-46bb-96b1-e4b3521221b7__a1b2c3d4-0001-0000-0000-000000000001__1777899413636 | tenant=a1b2c3d4-0001-0000-0000-000000000001
2026-05-04 14:27:18 | INFO | [FIRESTORE] ✅ Retrieved 0 messages
2026-05-04 14:27:40 | INFO | [FIRESTORE] 📖 Getting history | session=431fff88-549d-46bb-96b1-e4b3521221b7__a1b2c3d4-0001-0000-0000-000000000001__1777543369513 | tenant=a1b2c3d4-0001-0000-0000-000000000001
2026-05-04 14:27:40 | INFO | [FIRESTORE] ✅ Retrieved 50 messages
2026-05-04 14:32:30 | INFO | [FIRESTORE] 📋 Getting user conversations | user=431fff88-549d-46bb-96b1-e4b3521221b7 | tenant=a1b2c3d4-0001-0000-0000-000000000001
2026-05-04 14:32:37 | INFO | [FIRESTORE] ✅ Found 6 conversations for user 431fff88-549d-46bb-96b1-e4b3521221b7
2026-05-04 14:32:43 | INFO | [FIRESTORE] 📖 Getting history | session=431fff88-549d-46bb-96b1-e4b3521221b7__a1b2c3d4-0001-0000-0000-000000000001__1777543369513 | tenant=a1b2c3d4-0001-0000-0000-000000000001
2026-05-04 14:32:43 | INFO | [FIRESTORE] ✅ Retrieved 50 messages
2026-05-04 14:33:07 | INFO | [FIRESTORE] 📖 Getting history | session=431fff88-549d-46bb-96b1-e4b3521221b7__a1b2c3d4-0001-0000-0000-000000000001__1777543369513 | tenant=a1b2c3d4-0001-0000-0000-000000000001
2026-05-04 14:33:08 | INFO | [FIRESTORE] ✅ Retrieved 50 messages
2026-05-04 14:33:18 | INFO | [FIRESTORE] 🧹 Cleaning old anonymous conversations > 1h
2026-05-04 14:33:18 | INFO | [FIRESTORE] ✅ Cleanup complete: 0 messages, 0 sessions
2026-05-04 14:40:25 | INFO | [FIRESTORE] 📋 Getting user conversations | user=431fff88-549d-46bb-96b1-e4b3521221b7 | tenant=a1b2c3d4-0001-0000-0000-000000000001
2026-05-04 14:40:33 | INFO | [FIRESTORE] ✅ Found 6 conversations for user 431fff88-549d-46bb-96b1-e4b3521221b7
2026-05-04 14:40:33 | INFO | [FIRESTORE] 📖 Getting history | session=431fff88-549d-46bb-96b1-e4b3521221b7__a1b2c3d4-0001-0000-0000-000000000001__1777543369513 | tenant=a1b2c3d4-0001-0000-0000-000000000001
2026-05-04 14:40:33 | INFO | [FIRESTORE] ✅ Retrieved 50 messages
2026-05-04 14:43:20 | INFO | [FIRESTORE] 📖 Getting history | session=431fff88-549d-46bb-96b1-e4b3521221b7__a1b2c3d4-0001-0000-0000-000000000001__1777543369513 | tenant=a1b2c3d4-0001-0000-0000-000000000001
2026-05-04 14:43:21 | INFO | [FIRESTORE] ✅ Retrieved 50 messages
2026-05-04 14:43:21 | INFO | [FIRESTORE] 📋 Getting user conversations | user=431fff88-549d-46bb-96b1-e4b3521221b7 | tenant=a1b2c3d4-0001-0000-0000-000000000001
2026-05-04 14:43:28 | INFO | [FIRESTORE] ✅ Found 6 conversations for user 431fff88-549d-46bb-96b1-e4b3521221b7
2026-05-04 14:47:20 | INFO | [FIRESTORE] 📖 Getting history | session=431fff88-549d-46bb-96b1-e4b3521221b7__a1b2c3d4-0001-0000-0000-000000000001__1777543369513 | tenant=a1b2c3d4-0001-0000-0000-000000000001
2026-05-04 14:47:21 | INFO | [FIRESTORE] ✅ Retrieved 50 messages
2026-05-04 14:47:21 | INFO | [FIRESTORE] 📋 Getting user conversations | user=431fff88-549d-46bb-96b1-e4b3521221b7 | tenant=a1b2c3d4-0001-0000-0000-000000000001
2026-05-04 14:47:28 | INFO | [FIRESTORE] ✅ Found 6 conversations for user 431fff88-549d-46bb-96b1-e4b3521221b7
2026-05-04 15:03:18 | INFO | [FIRESTORE] 🧹 Cleaning old anonymous conversations > 1h
2026-05-04 15:03:19 | INFO | [FIRESTORE] ✅ Cleanup complete: 0 messages, 0 sessions
2026-05-04 15:33:18 | INFO | [FIRESTORE] 🧹 Cleaning old anonymous conversations > 1h
2026-05-04 15:33:21 | INFO | [FIRESTORE] ✅ Cleanup complete: 0 messages, 0 sessions
2026-05-04 16:03:29 | INFO | ✅ FirestoreConversationService initialisé
2026-05-04 16:04:16 | INFO | [FIRESTORE] 🧹 Cleaning old anonymous conversations > 1h
2026-05-04 16:04:19 | INFO | [FIRESTORE] ✅ Cleanup complete: 0 messages, 0 sessions
2026-05-04 16:08:22 | INFO | ✅ FirestoreConversationService initialisé
2026-05-04 16:08:46 | INFO | [FIRESTORE] 🧹 Cleaning old anonymous conversations > 1h
2026-05-04 16:08:48 | INFO | [FIRESTORE] ✅ Cleanup complete: 0 messages, 0 sessions
2026-05-04 16:13:26 | INFO | ✅ FirestoreConversationService initialisé
2026-05-04 16:13:57 | INFO | ✅ FirestoreConversationService initialisé
2026-05-04 16:14:28 | INFO | [FIRESTORE] 🧹 Cleaning old anonymous conversations > 1h
2026-05-04 16:14:30 | INFO | [FIRESTORE] ✅ Cleanup complete: 0 messages, 0 sessions
2026-05-04 16:18:30 | INFO | ✅ FirestoreConversationService initialisé
2026-05-04 16:18:55 | INFO | [FIRESTORE] 🧹 Cleaning old anonymous conversations > 1h
2026-05-04 16:18:57 | INFO | [FIRESTORE] ✅ Cleanup complete: 0 messages, 0 sessions
2026-05-04 16:48:50 | INFO | [FIRESTORE] 🧹 Cleaning old anonymous conversations > 1h
2026-05-04 16:48:51 | INFO | [FIRESTORE] ✅ Cleanup complete: 0 messages, 0 sessions
2026-05-04 17:18:50 | INFO | [FIRESTORE] 🧹 Cleaning old anonymous conversations > 1h
2026-05-04 17:19:14 | INFO | [FIRESTORE] ✅ Cleanup complete: 0 messages, 0 sessions
2026-05-04 17:48:50 | INFO | [FIRESTORE] 🧹 Cleaning old anonymous conversations > 1h
2026-05-04 17:48:51 | INFO | [FIRESTORE] ✅ Cleanup complete: 0 messages, 0 sessions
2026-05-04 18:18:50 | INFO | [FIRESTORE] 🧹 Cleaning old anonymous conversations > 1h
2026-05-04 18:18:52 | INFO | [FIRESTORE] ✅ Cleanup complete: 0 messages, 0 sessions
2026-05-04 18:40:39 | INFO | ✅ FirestoreConversationService initialisé
2026-05-04 18:40:53 | INFO | [FIRESTORE] 🧹 Cleaning old anonymous conversations > 1h
2026-05-04 18:40:54 | INFO | [FIRESTORE] ✅ Cleanup complete: 0 messages, 0 sessions
2026-05-04 18:45:43 | INFO | ✅ FirestoreConversationService initialisé
2026-05-04 18:45:57 | INFO | ✅ FirestoreConversationService initialisé
2026-05-04 18:46:13 | INFO | [FIRESTORE] 🧹 Cleaning old anonymous conversations > 1h
2026-05-04 18:46:14 | INFO | [FIRESTORE] ✅ Cleanup complete: 0 messages, 0 sessions
2026-05-04 18:51:01 | INFO | ✅ FirestoreConversationService initialisé
2026-05-04 18:51:12 | INFO | ✅ FirestoreConversationService initialisé
2026-05-04 18:51:26 | INFO | [FIRESTORE] 🧹 Cleaning old anonymous conversations > 1h
2026-05-04 18:51:27 | INFO | [FIRESTORE] ✅ Cleanup complete: 0 messages, 0 sessions
2026-05-04 19:21:21 | INFO | [FIRESTORE] 🧹 Cleaning old anonymous conversations > 1h
2026-05-04 19:21:21 | INFO | [FIRESTORE] ✅ Cleanup complete: 0 messages, 0 sessions
2026-05-04 19:51:21 | INFO | [FIRESTORE] 🧹 Cleaning old anonymous conversations > 1h
2026-05-04 19:51:22 | INFO | [FIRESTORE] ✅ Cleanup complete: 0 messages, 0 sessions
2026-05-04 20:13:17 | INFO | ✅ FirestoreConversationService initialisé
2026-05-04 20:13:50 | INFO | [FIRESTORE] 🧹 Cleaning old anonymous conversations > 1h
2026-05-04 20:13:52 | INFO | [FIRESTORE] ✅ Cleanup complete: 0 messages, 0 sessions
2026-05-04 20:13:59 | INFO | [FIRESTORE] 📋 Getting user conversations | user=431fff88-549d-46bb-96b1-e4b3521221b7 | tenant=a1b2c3d4-0001-0000-0000-000000000001
2026-05-04 20:14:06 | INFO | [FIRESTORE] ✅ Found 6 conversations for user 431fff88-549d-46bb-96b1-e4b3521221b7
2026-05-04 20:14:06 | INFO | [FIRESTORE] 📖 Getting history | session=431fff88-549d-46bb-96b1-e4b3521221b7__a1b2c3d4-0001-0000-0000-000000000001__1777543369513 | tenant=a1b2c3d4-0001-0000-0000-000000000001
2026-05-04 20:14:07 | INFO | [FIRESTORE] ✅ Retrieved 50 messages
2026-05-04 20:15:06 | INFO | [FIRESTORE] 📋 Getting user conversations | user=431fff88-549d-46bb-96b1-e4b3521221b7 | tenant=a1b2c3d4-0001-0000-0000-000000000001
2026-05-04 20:15:13 | INFO | [FIRESTORE] ✅ Found 6 conversations for user 431fff88-549d-46bb-96b1-e4b3521221b7
2026-05-04 20:15:13 | INFO | [FIRESTORE] 📖 Getting history | session=431fff88-549d-46bb-96b1-e4b3521221b7__a1b2c3d4-0001-0000-0000-000000000001__1777543369513 | tenant=a1b2c3d4-0001-0000-0000-000000000001
2026-05-04 20:15:13 | INFO | [FIRESTORE] ✅ Retrieved 50 messages
2026-05-04 20:15:34 | INFO | [FIRESTORE] 📋 Getting user conversations | user=431fff88-549d-46bb-96b1-e4b3521221b7 | tenant=a1b2c3d4-0001-0000-0000-000000000001
2026-05-04 20:15:40 | INFO | [FIRESTORE] ✅ Found 6 conversations for user 431fff88-549d-46bb-96b1-e4b3521221b7
2026-05-04 20:15:40 | INFO | [FIRESTORE] 📖 Getting history | session=431fff88-549d-46bb-96b1-e4b3521221b7__a1b2c3d4-0001-0000-0000-000000000001__1777543369513 | tenant=a1b2c3d4-0001-0000-0000-000000000001
2026-05-04 20:15:40 | INFO | [FIRESTORE] ✅ Retrieved 50 messages
2026-05-04 20:17:37 | INFO | [FIRESTORE] 📋 Getting user conversations | user=431fff88-549d-46bb-96b1-e4b3521221b7 | tenant=a1b2c3d4-0001-0000-0000-000000000001
2026-05-04 20:17:44 | INFO | [FIRESTORE] ✅ Found 6 conversations for user 431fff88-549d-46bb-96b1-e4b3521221b7
2026-05-04 20:17:44 | INFO | [FIRESTORE] 📖 Getting history | session=431fff88-549d-46bb-96b1-e4b3521221b7__a1b2c3d4-0001-0000-0000-000000000001__1777543369513 | tenant=a1b2c3d4-0001-0000-0000-000000000001
2026-05-04 20:17:44 | INFO | [FIRESTORE] ✅ Retrieved 50 messages
2026-05-04 20:24:49 | INFO | [FIRESTORE] 📋 Getting user conversations | user=431fff88-549d-46bb-96b1-e4b3521221b7 | tenant=a1b2c3d4-0001-0000-0000-000000000001
2026-05-04 20:24:57 | INFO | [FIRESTORE] ✅ Found 6 conversations for user 431fff88-549d-46bb-96b1-e4b3521221b7
2026-05-04 20:24:57 | INFO | [FIRESTORE] 📖 Getting history | session=431fff88-549d-46bb-96b1-e4b3521221b7__a1b2c3d4-0001-0000-0000-000000000001__1777543369513 | tenant=a1b2c3d4-0001-0000-0000-000000000001
2026-05-04 20:24:57 | INFO | [FIRESTORE] ✅ Retrieved 50 messages
2026-05-04 20:33:31 | INFO | [FIRESTORE] 📖 Getting history | session=431fff88-549d-46bb-96b1-e4b3521221b7__a1b2c3d4-0001-0000-0000-000000000001__1777543369513 | tenant=a1b2c3d4-0001-0000-0000-000000000001
2026-05-04 20:33:31 | INFO | [FIRESTORE] ✅ Retrieved 50 messages
2026-05-04 20:33:31 | INFO | [FIRESTORE] 📋 Getting user conversations | user=431fff88-549d-46bb-96b1-e4b3521221b7 | tenant=a1b2c3d4-0001-0000-0000-000000000001
2026-05-04 20:33:38 | INFO | [FIRESTORE] ✅ Found 6 conversations for user 431fff88-549d-46bb-96b1-e4b3521221b7
2026-05-04 20:35:26 | INFO | [FIRESTORE] 📋 Getting user conversations | user=431fff88-549d-46bb-96b1-e4b3521221b7 | tenant=a1b2c3d4-0001-0000-0000-000000000001
2026-05-04 20:35:32 | INFO | [FIRESTORE] ✅ Found 6 conversations for user 431fff88-549d-46bb-96b1-e4b3521221b7
2026-05-04 20:35:32 | INFO | [FIRESTORE] 📖 Getting history | session=431fff88-549d-46bb-96b1-e4b3521221b7__a1b2c3d4-0001-0000-0000-000000000001__1777543369513 | tenant=a1b2c3d4-0001-0000-0000-000000000001
2026-05-04 20:35:32 | INFO | [FIRESTORE] ✅ Retrieved 50 messages
2026-05-04 20:35:35 | INFO | [FIRESTORE] 📖 Getting history | session=431fff88-549d-46bb-96b1-e4b3521221b7__a1b2c3d4-0001-0000-0000-000000000001__1777543369513 | tenant=a1b2c3d4-0001-0000-0000-000000000001
2026-05-04 20:35:35 | INFO | [FIRESTORE] ✅ Retrieved 50 messages
2026-05-04 20:35:35 | INFO | [FIRESTORE] 📋 Getting user conversations | user=431fff88-549d-46bb-96b1-e4b3521221b7 | tenant=a1b2c3d4-0001-0000-0000-000000000001
2026-05-04 20:35:40 | INFO | [FIRESTORE] ✅ Found 6 conversations for user 431fff88-549d-46bb-96b1-e4b3521221b7
2026-05-04 20:36:12 | INFO | [FIRESTORE] 📋 Getting user conversations | user=431fff88-549d-46bb-96b1-e4b3521221b7 | tenant=a1b2c3d4-0001-0000-0000-000000000001
2026-05-04 20:36:19 | INFO | [FIRESTORE] ✅ Found 6 conversations for user 431fff88-549d-46bb-96b1-e4b3521221b7
2026-05-04 20:36:19 | INFO | [FIRESTORE] 📖 Getting history | session=431fff88-549d-46bb-96b1-e4b3521221b7__a1b2c3d4-0001-0000-0000-000000000001__1777543369513 | tenant=a1b2c3d4-0001-0000-0000-000000000001
2026-05-04 20:36:19 | INFO | [FIRESTORE] ✅ Retrieved 50 messages
2026-05-04 20:37:18 | INFO | [FIRESTORE] 📋 Getting user conversations | user=431fff88-549d-46bb-96b1-e4b3521221b7 | tenant=a1b2c3d4-0001-0000-0000-000000000001
2026-05-04 20:37:24 | INFO | [FIRESTORE] ✅ Found 6 conversations for user 431fff88-549d-46bb-96b1-e4b3521221b7
2026-05-04 20:37:24 | INFO | [FIRESTORE] 📖 Getting history | session=431fff88-549d-46bb-96b1-e4b3521221b7__a1b2c3d4-0001-0000-0000-000000000001__1777543369513 | tenant=a1b2c3d4-0001-0000-0000-000000000001
2026-05-04 20:37:24 | INFO | [FIRESTORE] ✅ Retrieved 50 messages
2026-05-04 20:38:36 | INFO | [FIRESTORE] 📋 Getting user conversations | user=431fff88-549d-46bb-96b1-e4b3521221b7 | tenant=a1b2c3d4-0001-0000-0000-000000000001
2026-05-04 20:38:42 | INFO | [FIRESTORE] ✅ Found 6 conversations for user 431fff88-549d-46bb-96b1-e4b3521221b7
2026-05-04 20:38:42 | INFO | [FIRESTORE] 📖 Getting history | session=431fff88-549d-46bb-96b1-e4b3521221b7__a1b2c3d4-0001-0000-0000-000000000001__1777543369513 | tenant=a1b2c3d4-0001-0000-0000-000000000001
2026-05-04 20:38:42 | INFO | [FIRESTORE] ✅ Retrieved 50 messages
2026-05-04 20:41:51 | INFO | [FIRESTORE] 📖 Getting history | session=431fff88-549d-46bb-96b1-e4b3521221b7__a1b2c3d4-0001-0000-0000-000000000001__1777543369513 | tenant=a1b2c3d4-0001-0000-0000-000000000001
2026-05-04 20:41:52 | INFO | [FIRESTORE] ✅ Retrieved 50 messages
2026-05-04 20:41:52 | INFO | [FIRESTORE] 📋 Getting user conversations | user=431fff88-549d-46bb-96b1-e4b3521221b7 | tenant=a1b2c3d4-0001-0000-0000-000000000001
2026-05-04 20:41:58 | INFO | [FIRESTORE] ✅ Found 6 conversations for user 431fff88-549d-46bb-96b1-e4b3521221b7
2026-05-04 20:43:32 | INFO | [FIRESTORE] 📋 Getting user conversations | user=431fff88-549d-46bb-96b1-e4b3521221b7 | tenant=a1b2c3d4-0001-0000-0000-000000000001
2026-05-04 20:43:38 | INFO | [FIRESTORE] ✅ Found 6 conversations for user 431fff88-549d-46bb-96b1-e4b3521221b7
2026-05-04 20:43:38 | INFO | [FIRESTORE] 📖 Getting history | session=431fff88-549d-46bb-96b1-e4b3521221b7__a1b2c3d4-0001-0000-0000-000000000001__1777543369513 | tenant=a1b2c3d4-0001-0000-0000-000000000001
2026-05-04 20:43:39 | INFO | [FIRESTORE] ✅ Retrieved 50 messages
2026-05-04 20:43:45 | INFO | [FIRESTORE] 🧹 Cleaning old anonymous conversations > 1h
2026-05-04 20:43:45 | INFO | [FIRESTORE] ✅ Cleanup complete: 0 messages, 0 sessions
2026-05-04 20:45:34 | INFO | [FIRESTORE] 📋 Getting user conversations | user=431fff88-549d-46bb-96b1-e4b3521221b7 | tenant=a1b2c3d4-0001-0000-0000-000000000001
2026-05-04 20:45:40 | INFO | [FIRESTORE] ✅ Found 6 conversations for user 431fff88-549d-46bb-96b1-e4b3521221b7
2026-05-04 20:45:40 | INFO | [FIRESTORE] 📖 Getting history | session=431fff88-549d-46bb-96b1-e4b3521221b7__a1b2c3d4-0001-0000-0000-000000000001__1777543369513 | tenant=a1b2c3d4-0001-0000-0000-000000000001
2026-05-04 20:45:40 | INFO | [FIRESTORE] ✅ Retrieved 50 messages
2026-05-04 20:47:19 | INFO | [FIRESTORE] 📖 Getting history | session=431fff88-549d-46bb-96b1-e4b3521221b7__a1b2c3d4-0001-0000-0000-000000000001__1777543369513 | tenant=a1b2c3d4-0001-0000-0000-000000000001
2026-05-04 20:47:19 | INFO | [FIRESTORE] ✅ Retrieved 50 messages
2026-05-04 20:47:19 | INFO | [FIRESTORE] 📋 Getting user conversations | user=431fff88-549d-46bb-96b1-e4b3521221b7 | tenant=a1b2c3d4-0001-0000-0000-000000000001
2026-05-04 20:47:26 | INFO | [FIRESTORE] ✅ Found 6 conversations for user 431fff88-549d-46bb-96b1-e4b3521221b7
2026-05-04 21:04:14 | INFO | [FIRESTORE] 📋 Getting user conversations | user=431fff88-549d-46bb-96b1-e4b3521221b7 | tenant=a1b2c3d4-0001-0000-0000-000000000001
2026-05-04 21:04:22 | INFO | [FIRESTORE] ✅ Found 6 conversations for user 431fff88-549d-46bb-96b1-e4b3521221b7
2026-05-04 21:04:23 | INFO | [FIRESTORE] 📖 Getting history | session=431fff88-549d-46bb-96b1-e4b3521221b7__a1b2c3d4-0001-0000-0000-000000000001__1777543369513 | tenant=a1b2c3d4-0001-0000-0000-000000000001
2026-05-04 21:04:23 | INFO | [FIRESTORE] ✅ Retrieved 50 messages
2026-05-04 21:04:40 | INFO | [FIRESTORE] 📖 Getting history | session=431fff88-549d-46bb-96b1-e4b3521221b7__a1b2c3d4-0001-0000-0000-000000000001__1777543369513 | tenant=a1b2c3d4-0001-0000-0000-000000000001
2026-05-04 21:04:40 | INFO | [FIRESTORE] ✅ Retrieved 50 messages
2026-05-04 21:04:41 | INFO | [FIRESTORE] 📋 Getting user conversations | user=431fff88-549d-46bb-96b1-e4b3521221b7 | tenant=a1b2c3d4-0001-0000-0000-000000000001
2026-05-04 21:04:48 | INFO | [FIRESTORE] ✅ Found 6 conversations for user 431fff88-549d-46bb-96b1-e4b3521221b7
2026-05-04 21:13:45 | INFO | [FIRESTORE] 🧹 Cleaning old anonymous conversations > 1h
2026-05-04 21:13:46 | INFO | [FIRESTORE] ✅ Cleanup complete: 0 messages, 0 sessions
2026-05-04 21:13:56 | INFO | [FIRESTORE] 📋 Getting user conversations | user=431fff88-549d-46bb-96b1-e4b3521221b7 | tenant=a1b2c3d4-0001-0000-0000-000000000001
2026-05-04 21:14:03 | INFO | [FIRESTORE] ✅ Found 6 conversations for user 431fff88-549d-46bb-96b1-e4b3521221b7
2026-05-04 21:14:03 | INFO | [FIRESTORE] 📖 Getting history | session=431fff88-549d-46bb-96b1-e4b3521221b7__a1b2c3d4-0001-0000-0000-000000000001__1777925635807 | tenant=a1b2c3d4-0001-0000-0000-000000000001
2026-05-04 21:14:03 | INFO | [FIRESTORE] ✅ Retrieved 0 messages
2026-05-04 21:16:30 | INFO | ✅ FirestoreConversationService initialisé
2026-05-04 21:16:32 | INFO | ✅ FirestoreConversationService initialisé
2026-05-04 21:17:07 | INFO | ✅ FirestoreConversationService initialisé
2026-05-04 21:17:20 | INFO | [FIRESTORE] 🧹 Cleaning old anonymous conversations > 1h
2026-05-04 21:17:21 | INFO | [FIRESTORE] ✅ Cleanup complete: 0 messages, 0 sessions
2026-05-04 21:26:09 | INFO | [FIRESTORE] 📋 Getting user conversations | user=431fff88-549d-46bb-96b1-e4b3521221b7 | tenant=a1b2c3d4-0001-0000-0000-000000000001
2026-05-04 21:26:16 | INFO | [FIRESTORE] ✅ Found 6 conversations for user 431fff88-549d-46bb-96b1-e4b3521221b7
2026-05-04 21:26:16 | INFO | [FIRESTORE] 📖 Getting history | session=431fff88-549d-46bb-96b1-e4b3521221b7__a1b2c3d4-0001-0000-0000-000000000001__1777925635807 | tenant=a1b2c3d4-0001-0000-0000-000000000001
2026-05-04 21:26:16 | INFO | [FIRESTORE] ✅ Retrieved 0 messages
2026-05-04 21:31:01 | INFO | [FIRESTORE] 📋 Getting user conversations | user=431fff88-549d-46bb-96b1-e4b3521221b7 | tenant=a1b2c3d4-0001-0000-0000-000000000001
2026-05-04 21:31:09 | INFO | [FIRESTORE] ✅ Found 6 conversations for user 431fff88-549d-46bb-96b1-e4b3521221b7
2026-05-04 21:31:09 | INFO | [FIRESTORE] 📖 Getting history | session=431fff88-549d-46bb-96b1-e4b3521221b7__a1b2c3d4-0001-0000-0000-000000000001__1777925635807 | tenant=a1b2c3d4-0001-0000-0000-000000000001
2026-05-04 21:31:09 | INFO | [FIRESTORE] ✅ Retrieved 0 messages
2026-05-04 21:33:16 | INFO | [FIRESTORE] 📋 Getting user conversations | user=431fff88-549d-46bb-96b1-e4b3521221b7 | tenant=a1b2c3d4-0001-0000-0000-000000000001
2026-05-04 21:33:23 | INFO | [FIRESTORE] ✅ Found 6 conversations for user 431fff88-549d-46bb-96b1-e4b3521221b7
2026-05-04 21:33:24 | INFO | [FIRESTORE] 📖 Getting history | session=431fff88-549d-46bb-96b1-e4b3521221b7__a1b2c3d4-0001-0000-0000-000000000001__1777925635807 | tenant=a1b2c3d4-0001-0000-0000-000000000001
2026-05-04 21:33:24 | INFO | [FIRESTORE] ✅ Retrieved 0 messages
2026-05-04 21:34:59 | INFO | [FIRESTORE] 📋 Getting user conversations | user=431fff88-549d-46bb-96b1-e4b3521221b7 | tenant=a1b2c3d4-0001-0000-0000-000000000001
2026-05-04 21:35:06 | INFO | [FIRESTORE] ✅ Found 6 conversations for user 431fff88-549d-46bb-96b1-e4b3521221b7
2026-05-04 21:35:06 | INFO | [FIRESTORE] 📖 Getting history | session=431fff88-549d-46bb-96b1-e4b3521221b7__a1b2c3d4-0001-0000-0000-000000000001__1777925635807 | tenant=a1b2c3d4-0001-0000-0000-000000000001
2026-05-04 21:35:06 | INFO | [FIRESTORE] ✅ Retrieved 0 messages
2026-05-04 21:35:41 | INFO | [FIRESTORE] 📋 Getting user conversations | user=431fff88-549d-46bb-96b1-e4b3521221b7 | tenant=a1b2c3d4-0001-0000-0000-000000000001
2026-05-04 21:35:48 | INFO | [FIRESTORE] ✅ Found 6 conversations for user 431fff88-549d-46bb-96b1-e4b3521221b7
2026-05-04 21:35:48 | INFO | [FIRESTORE] 📖 Getting history | session=431fff88-549d-46bb-96b1-e4b3521221b7__a1b2c3d4-0001-0000-0000-000000000001__1777925635807 | tenant=a1b2c3d4-0001-0000-0000-000000000001
2026-05-04 21:35:48 | INFO | [FIRESTORE] ✅ Retrieved 0 messages
2026-05-04 21:35:52 | INFO | [FIRESTORE] 📖 Getting history | session=431fff88-549d-46bb-96b1-e4b3521221b7__a1b2c3d4-0001-0000-0000-000000000001__1777925635807 | tenant=a1b2c3d4-0001-0000-0000-000000000001
2026-05-04 21:35:53 | INFO | [FIRESTORE] ✅ Retrieved 0 messages
2026-05-04 21:35:53 | INFO | [FIRESTORE] 📋 Getting user conversations | user=431fff88-549d-46bb-96b1-e4b3521221b7 | tenant=a1b2c3d4-0001-0000-0000-000000000001
2026-05-04 21:35:59 | INFO | [FIRESTORE] ✅ Found 6 conversations for user 431fff88-549d-46bb-96b1-e4b3521221b7
2026-05-04 21:36:21 | INFO | [FIRESTORE] 📋 Getting user conversations | user=431fff88-549d-46bb-96b1-e4b3521221b7 | tenant=a1b2c3d4-0001-0000-0000-000000000001
2026-05-04 21:36:28 | INFO | [FIRESTORE] ✅ Found 6 conversations for user 431fff88-549d-46bb-96b1-e4b3521221b7
2026-05-04 21:36:28 | INFO | [FIRESTORE] 📖 Getting history | session=431fff88-549d-46bb-96b1-e4b3521221b7__a1b2c3d4-0001-0000-0000-000000000001__1777925635807 | tenant=a1b2c3d4-0001-0000-0000-000000000001
2026-05-04 21:36:28 | INFO | [FIRESTORE] ✅ Retrieved 0 messages
2026-05-04 21:36:42 | INFO | [FIRESTORE] 📋 Getting user conversations | user=431fff88-549d-46bb-96b1-e4b3521221b7 | tenant=a1b2c3d4-0001-0000-0000-000000000001
2026-05-04 21:36:49 | INFO | [FIRESTORE] ✅ Found 6 conversations for user 431fff88-549d-46bb-96b1-e4b3521221b7
2026-05-04 21:36:49 | INFO | [FIRESTORE] 📖 Getting history | session=431fff88-549d-46bb-96b1-e4b3521221b7__a1b2c3d4-0001-0000-0000-000000000001__1777925635807 | tenant=a1b2c3d4-0001-0000-0000-000000000001
2026-05-04 21:36:49 | INFO | [FIRESTORE] ✅ Retrieved 0 messages
2026-05-04 21:46:03 | INFO | [FIRESTORE] 📋 Getting user conversations | user=431fff88-549d-46bb-96b1-e4b3521221b7 | tenant=a1b2c3d4-0001-0000-0000-000000000001
2026-05-04 21:46:10 | INFO | [FIRESTORE] ✅ Found 6 conversations for user 431fff88-549d-46bb-96b1-e4b3521221b7
2026-05-04 21:46:10 | INFO | [FIRESTORE] 📖 Getting history | session=431fff88-549d-46bb-96b1-e4b3521221b7__a1b2c3d4-0001-0000-0000-000000000001__1777925635807 | tenant=a1b2c3d4-0001-0000-0000-000000000001
2026-05-04 21:46:11 | INFO | [FIRESTORE] ✅ Retrieved 0 messages
2026-05-04 21:47:15 | INFO | [FIRESTORE] 🧹 Cleaning old anonymous conversations > 1h
2026-05-04 21:47:15 | INFO | [FIRESTORE] ✅ Cleanup complete: 0 messages, 0 sessions
2026-05-04 22:17:15 | INFO | [FIRESTORE] 🧹 Cleaning old anonymous conversations > 1h
2026-05-04 22:17:16 | INFO | [FIRESTORE] ✅ Cleanup complete: 0 messages, 0 sessions
2026-05-04 22:35:50 | INFO | ✅ FirestoreConversationService initialisé
2026-05-04 22:36:04 | INFO | ✅ FirestoreConversationService initialisé
2026-05-04 22:36:21 | INFO | [FIRESTORE] 🧹 Cleaning old anonymous conversations > 1h
2026-05-04 22:36:23 | INFO | [FIRESTORE] ✅ Cleanup complete: 0 messages, 0 sessions
2026-05-04 22:39:21 | INFO | [FIRESTORE] 📋 Getting user conversations | user=431fff88-549d-46bb-96b1-e4b3521221b7 | tenant=a1b2c3d4-0001-0000-0000-000000000001
2026-05-04 22:39:28 | INFO | [FIRESTORE] ✅ Found 6 conversations for user 431fff88-549d-46bb-96b1-e4b3521221b7
2026-05-04 22:39:28 | INFO | [FIRESTORE] 📖 Getting history | session=431fff88-549d-46bb-96b1-e4b3521221b7__a1b2c3d4-0001-0000-0000-000000000001__1777925635807 | tenant=a1b2c3d4-0001-0000-0000-000000000001
2026-05-04 22:39:29 | INFO | [FIRESTORE] ✅ Retrieved 0 messages
2026-05-04 22:39:29 | INFO | [FIRESTORE] 📋 Getting user conversations | user=431fff88-549d-46bb-96b1-e4b3521221b7 | tenant=a1b2c3d4-0001-0000-0000-000000000001
2026-05-04 22:39:37 | INFO | [FIRESTORE] ✅ Found 6 conversations for user 431fff88-549d-46bb-96b1-e4b3521221b7
2026-05-04 22:39:37 | INFO | [FIRESTORE] 📖 Getting history | session=431fff88-549d-46bb-96b1-e4b3521221b7__a1b2c3d4-0001-0000-0000-000000000001__1777925635807 | tenant=a1b2c3d4-0001-0000-0000-000000000001
2026-05-04 22:39:37 | INFO | [FIRESTORE] ✅ Retrieved 0 messages
2026-05-04 22:39:37 | INFO | [FIRESTORE] 📋 Getting user conversations | user=431fff88-549d-46bb-96b1-e4b3521221b7 | tenant=a1b2c3d4-0001-0000-0000-000000000001
2026-05-04 22:39:44 | INFO | [FIRESTORE] ✅ Found 6 conversations for user 431fff88-549d-46bb-96b1-e4b3521221b7
2026-05-04 22:39:44 | INFO | [FIRESTORE] 📖 Getting history | session=431fff88-549d-46bb-96b1-e4b3521221b7__a1b2c3d4-0001-0000-0000-000000000001__1777925635807 | tenant=a1b2c3d4-0001-0000-0000-000000000001
2026-05-04 22:39:44 | INFO | [FIRESTORE] ✅ Retrieved 0 messages
2026-05-04 22:40:06 | INFO | [FIRESTORE] 📋 Getting user conversations | user=431fff88-549d-46bb-96b1-e4b3521221b7 | tenant=a1b2c3d4-0001-0000-0000-000000000001
2026-05-04 22:40:13 | INFO | [FIRESTORE] ✅ Found 6 conversations for user 431fff88-549d-46bb-96b1-e4b3521221b7
2026-05-04 22:40:13 | INFO | [FIRESTORE] 📖 Getting history | session=431fff88-549d-46bb-96b1-e4b3521221b7__a1b2c3d4-0001-0000-0000-000000000001__1777925635807 | tenant=a1b2c3d4-0001-0000-0000-000000000001
2026-05-04 22:40:13 | INFO | [FIRESTORE] ✅ Retrieved 0 messages
2026-05-04 22:42:45 | INFO | [FIRESTORE] 📖 Getting history | session=431fff88-549d-46bb-96b1-e4b3521221b7__a1b2c3d4-0001-0000-0000-000000000001__1777925635807 | tenant=a1b2c3d4-0001-0000-0000-000000000001
2026-05-04 22:42:46 | INFO | [FIRESTORE] ✅ Retrieved 0 messages
2026-05-04 22:42:46 | INFO | [FIRESTORE] 📋 Getting user conversations | user=431fff88-549d-46bb-96b1-e4b3521221b7 | tenant=a1b2c3d4-0001-0000-0000-000000000001
2026-05-04 22:42:52 | INFO | [FIRESTORE] ✅ Found 6 conversations for user 431fff88-549d-46bb-96b1-e4b3521221b7
2026-05-04 22:43:04 | INFO | ✅ FirestoreConversationService initialisé
2026-05-04 22:43:20 | INFO | [FIRESTORE] 🧹 Cleaning old anonymous conversations > 1h
2026-05-04 22:43:22 | INFO | [FIRESTORE] ✅ Cleanup complete: 0 messages, 0 sessions
2026-05-04 23:11:49 | INFO | [FIRESTORE] 📋 Getting user conversations | user=431fff88-549d-46bb-96b1-e4b3521221b7 | tenant=a1b2c3d4-0001-0000-0000-000000000001
2026-05-04 23:11:56 | INFO | [FIRESTORE] ✅ Found 6 conversations for user 431fff88-549d-46bb-96b1-e4b3521221b7
2026-05-04 23:11:56 | INFO | [FIRESTORE] 📖 Getting history | session=431fff88-549d-46bb-96b1-e4b3521221b7__a1b2c3d4-0001-0000-0000-000000000001__1777925635807 | tenant=a1b2c3d4-0001-0000-0000-000000000001
2026-05-04 23:11:56 | INFO | [FIRESTORE] ✅ Retrieved 0 messages
2026-05-04 23:11:56 | INFO | [FIRESTORE] 📖 Getting history | session=431fff88-549d-46bb-96b1-e4b3521221b7__a1b2c3d4-0001-0000-0000-000000000001__1777925635807 | tenant=a1b2c3d4-0001-0000-0000-000000000001
2026-05-04 23:11:57 | INFO | [FIRESTORE] ✅ Retrieved 0 messages
2026-05-04 23:11:57 | INFO | [FIRESTORE] 📋 Getting user conversations | user=431fff88-549d-46bb-96b1-e4b3521221b7 | tenant=a1b2c3d4-0001-0000-0000-000000000001
2026-05-04 23:12:03 | INFO | [FIRESTORE] ✅ Found 6 conversations for user 431fff88-549d-46bb-96b1-e4b3521221b7
2026-05-04 23:12:09 | INFO | [FIRESTORE] 📖 Getting history | session=431fff88-549d-46bb-96b1-e4b3521221b7__a1b2c3d4-0001-0000-0000-000000000001__1777925635807 | tenant=a1b2c3d4-0001-0000-0000-000000000001
2026-05-04 23:12:09 | INFO | [FIRESTORE] ✅ Retrieved 0 messages
2026-05-04 23:13:15 | INFO | [FIRESTORE] 🧹 Cleaning old anonymous conversations > 1h
2026-05-04 23:13:16 | INFO | [FIRESTORE] ✅ Cleanup complete: 0 messages, 0 sessions
2026-05-04 23:13:40 | INFO | [FIRESTORE] 💾 Saving message | session=431fff88-549d-46bb-96b1-e4b3521221b7__a1b2c3d4-0001-0000-0000-000000000001__1777925635807 | tenant=a1b2c3d4-0001-0000-0000-000000000001 | user=431fff88-549d-46bb-96b1-e4b3521221b7
2026-05-04 23:13:40 | INFO | [FIRESTORE] First message: True
2026-05-04 23:13:40 | INFO | [FIRESTORE] ✅ Message saved | doc_id=8IfF5wBqUewTQ0KvnT15
2026-05-04 23:13:40 | INFO | [FIRESTORE] ✅ Session metadata created for 431fff88-549d-46bb-96b1-e4b3521221b7__a1b2c3d4-0001-0000-0000-000000000001__1777925635807
2026-05-04 23:43:15 | INFO | [FIRESTORE] 🧹 Cleaning old anonymous conversations > 1h
2026-05-04 23:43:17 | INFO | [FIRESTORE] ✅ Cleanup complete: 0 messages, 0 sessions
2026-05-04 23:48:08 | INFO | ✅ FirestoreConversationService initialisé
2026-05-04 23:48:24 | INFO | [FIRESTORE] 🧹 Cleaning old anonymous conversations > 1h
2026-05-04 23:48:25 | INFO | [FIRESTORE] ✅ Cleanup complete: 0 messages, 0 sessions
2026-05-04 23:48:35 | INFO | ✅ FirestoreConversationService initialisé
2026-05-04 23:48:47 | INFO | ✅ FirestoreConversationService initialisé
2026-05-04 23:49:02 | INFO | ✅ FirestoreConversationService initialisé
2026-05-04 23:49:16 | INFO | [FIRESTORE] 🧹 Cleaning old anonymous conversations > 1h
2026-05-04 23:49:17 | INFO | [FIRESTORE] ✅ Cleanup complete: 0 messages, 0 sessions
2026-05-04 23:52:32 | INFO | ✅ FirestoreConversationService initialisé
2026-05-04 23:52:44 | INFO | ✅ FirestoreConversationService initialisé
2026-05-04 23:52:58 | INFO | [FIRESTORE] 🧹 Cleaning old anonymous conversations > 1h
2026-05-04 23:52:59 | INFO | [FIRESTORE] ✅ Cleanup complete: 0 messages, 0 sessions
2026-05-04 23:55:52 | INFO | ✅ FirestoreConversationService initialisé
2026-05-04 23:56:04 | INFO | [FIRESTORE] 🧹 Cleaning old anonymous conversations > 1h
2026-05-04 23:56:05 | INFO | [FIRESTORE] ✅ Cleanup complete: 0 messages, 0 sessions
2026-05-05 00:07:00 | INFO | [FIRESTORE] 📋 Getting user conversations | user=431fff88-549d-46bb-96b1-e4b3521221b7 | tenant=a1b2c3d4-0001-0000-0000-000000000001
2026-05-05 00:07:07 | INFO | [FIRESTORE] ✅ Found 7 conversations for user 431fff88-549d-46bb-96b1-e4b3521221b7
2026-05-05 00:07:07 | INFO | [FIRESTORE] 📖 Getting history | session=431fff88-549d-46bb-96b1-e4b3521221b7__a1b2c3d4-0001-0000-0000-000000000001__1777925635807 | tenant=a1b2c3d4-0001-0000-0000-000000000001
2026-05-05 00:07:07 | INFO | [FIRESTORE] ✅ Retrieved 1 messages
2026-05-05 00:07:11 | INFO | [FIRESTORE] 📋 Getting user conversations | user=431fff88-549d-46bb-96b1-e4b3521221b7 | tenant=a1b2c3d4-0001-0000-0000-000000000001
2026-05-05 00:07:17 | INFO | [FIRESTORE] ✅ Found 7 conversations for user 431fff88-549d-46bb-96b1-e4b3521221b7
2026-05-05 00:17:21 | INFO | [FIRESTORE] 📋 Getting user conversations | user=431fff88-549d-46bb-96b1-e4b3521221b7 | tenant=a1b2c3d4-0001-0000-0000-000000000001
2026-05-05 00:17:29 | INFO | [FIRESTORE] ✅ Found 7 conversations for user 431fff88-549d-46bb-96b1-e4b3521221b7
2026-05-05 00:17:29 | INFO | [FIRESTORE] 📖 Getting history | session=431fff88-549d-46bb-96b1-e4b3521221b7__a1b2c3d4-0001-0000-0000-000000000001__1777925635807 | tenant=a1b2c3d4-0001-0000-0000-000000000001
2026-05-05 00:17:29 | INFO | [FIRESTORE] ✅ Retrieved 1 messages
2026-05-05 00:17:35 | INFO | ✅ FirestoreConversationService initialisé
2026-05-05 00:18:07 | INFO | [FIRESTORE] 🧹 Cleaning old anonymous conversations > 1h
2026-05-05 00:18:10 | INFO | [FIRESTORE] ✅ Cleanup complete: 0 messages, 0 sessions
2026-05-05 00:22:02 | INFO | [FIRESTORE] 📋 Getting user conversations | user=431fff88-549d-46bb-96b1-e4b3521221b7 | tenant=a1b2c3d4-0001-0000-0000-000000000001
2026-05-05 00:22:08 | INFO | [FIRESTORE] ✅ Found 7 conversations for user 431fff88-549d-46bb-96b1-e4b3521221b7
2026-05-05 00:22:08 | INFO | [FIRESTORE] 📖 Getting history | session=431fff88-549d-46bb-96b1-e4b3521221b7__a1b2c3d4-0001-0000-0000-000000000001__1777925635807 | tenant=a1b2c3d4-0001-0000-0000-000000000001
2026-05-05 00:22:08 | INFO | [FIRESTORE] ✅ Retrieved 1 messages
2026-05-05 00:38:29 | INFO | [FIRESTORE] 📖 Getting history | session=431fff88-549d-46bb-96b1-e4b3521221b7__a1b2c3d4-0001-0000-0000-000000000001__1777925635807 | tenant=a1b2c3d4-0001-0000-0000-000000000001
2026-05-05 00:38:30 | INFO | [FIRESTORE] ✅ Retrieved 1 messages
2026-05-05 00:38:30 | INFO | [FIRESTORE] 📋 Getting user conversations | user=431fff88-549d-46bb-96b1-e4b3521221b7 | tenant=a1b2c3d4-0001-0000-0000-000000000001
2026-05-05 00:38:36 | INFO | [FIRESTORE] ✅ Found 7 conversations for user 431fff88-549d-46bb-96b1-e4b3521221b7
2026-05-05 00:48:02 | INFO | [FIRESTORE] 🧹 Cleaning old anonymous conversations > 1h
2026-05-05 00:48:03 | INFO | [FIRESTORE] ✅ Cleanup complete: 0 messages, 0 sessions
2026-05-05 00:52:42 | INFO | [FIRESTORE] 📖 Getting history | session=431fff88-549d-46bb-96b1-e4b3521221b7__a1b2c3d4-0001-0000-0000-000000000001__1777925635807 | tenant=a1b2c3d4-0001-0000-0000-000000000001
2026-05-05 00:52:42 | INFO | [FIRESTORE] ✅ Retrieved 1 messages
2026-05-05 00:52:42 | INFO | [FIRESTORE] 📋 Getting user conversations | user=431fff88-549d-46bb-96b1-e4b3521221b7 | tenant=a1b2c3d4-0001-0000-0000-000000000001
2026-05-05 00:52:48 | INFO | [FIRESTORE] ✅ Found 7 conversations for user 431fff88-549d-46bb-96b1-e4b3521221b7
2026-05-05 01:07:32 | INFO | [FIRESTORE] 📋 Getting user conversations | user=431fff88-549d-46bb-96b1-e4b3521221b7 | tenant=a1b2c3d4-0001-0000-0000-000000000001
2026-05-05 01:07:39 | INFO | [FIRESTORE] ✅ Found 7 conversations for user 431fff88-549d-46bb-96b1-e4b3521221b7
2026-05-05 01:07:39 | INFO | [FIRESTORE] 📖 Getting history | session=431fff88-549d-46bb-96b1-e4b3521221b7__a1b2c3d4-0001-0000-0000-000000000001__1777925635807 | tenant=a1b2c3d4-0001-0000-0000-000000000001
2026-05-05 01:07:39 | INFO | [FIRESTORE] ✅ Retrieved 1 messages
2026-05-05 01:07:39 | INFO | [FIRESTORE] 📋 Getting user conversations | user=431fff88-549d-46bb-96b1-e4b3521221b7 | tenant=a1b2c3d4-0001-0000-0000-000000000001
2026-05-05 01:07:45 | INFO | [FIRESTORE] ✅ Found 7 conversations for user 431fff88-549d-46bb-96b1-e4b3521221b7
2026-05-05 01:07:45 | INFO | [FIRESTORE] 📖 Getting history | session=431fff88-549d-46bb-96b1-e4b3521221b7__a1b2c3d4-0001-0000-0000-000000000001__1777925635807 | tenant=a1b2c3d4-0001-0000-0000-000000000001
2026-05-05 01:07:45 | INFO | [FIRESTORE] ✅ Retrieved 1 messages
2026-05-05 01:18:02 | INFO | [FIRESTORE] 🧹 Cleaning old anonymous conversations > 1h
2026-05-05 01:18:23 | INFO | [FIRESTORE] ✅ Cleanup complete: 0 messages, 0 sessions
2026-05-05 01:21:12 | INFO | [FIRESTORE] 📋 Getting user conversations | user=431fff88-549d-46bb-96b1-e4b3521221b7 | tenant=a1b2c3d4-0001-0000-0000-000000000001
2026-05-05 01:21:18 | INFO | [FIRESTORE] ✅ Found 7 conversations for user 431fff88-549d-46bb-96b1-e4b3521221b7
2026-05-05 01:21:18 | INFO | [FIRESTORE] 📖 Getting history | session=431fff88-549d-46bb-96b1-e4b3521221b7__a1b2c3d4-0001-0000-0000-000000000001__1777925635807 | tenant=a1b2c3d4-0001-0000-0000-000000000001
2026-05-05 01:21:18 | INFO | [FIRESTORE] ✅ Retrieved 1 messages
2026-05-05 01:48:02 | INFO | [FIRESTORE] 🧹 Cleaning old anonymous conversations > 1h
2026-05-05 01:48:03 | INFO | [FIRESTORE] ✅ Cleanup complete: 0 messages, 0 sessions
2026-05-05 02:04:33 | INFO | [FIRESTORE] 📋 Getting user conversations | user=431fff88-549d-46bb-96b1-e4b3521221b7 | tenant=a1b2c3d4-0001-0000-0000-000000000001
2026-05-05 02:04:39 | INFO | [FIRESTORE] ✅ Found 7 conversations for user 431fff88-549d-46bb-96b1-e4b3521221b7
2026-05-05 02:04:40 | INFO | [FIRESTORE] 📖 Getting history | session=431fff88-549d-46bb-96b1-e4b3521221b7__a1b2c3d4-0001-0000-0000-000000000001__1777943073447 | tenant=a1b2c3d4-0001-0000-0000-000000000001
2026-05-05 02:04:40 | INFO | [FIRESTORE] ✅ Retrieved 0 messages
2026-05-05 02:12:23 | INFO | ✅ FirestoreConversationService initialisé
2026-05-05 02:12:37 | INFO | [FIRESTORE] 🧹 Cleaning old anonymous conversations > 1h
2026-05-05 02:12:38 | INFO | [FIRESTORE] ✅ Cleanup complete: 0 messages, 0 sessions
2026-05-05 02:13:10 | INFO | [FIRESTORE] 📋 Getting user conversations | user=431fff88-549d-46bb-96b1-e4b3521221b7 | tenant=a1b2c3d4-0001-0000-0000-000000000001
2026-05-05 02:13:15 | INFO | [FIRESTORE] ✅ Found 7 conversations for user 431fff88-549d-46bb-96b1-e4b3521221b7
2026-05-05 02:16:30 | INFO | [FIRESTORE] 📋 Getting user conversations | user=431fff88-549d-46bb-96b1-e4b3521221b7 | tenant=a1b2c3d4-0001-0000-0000-000000000001
2026-05-05 02:16:36 | INFO | [FIRESTORE] ✅ Found 7 conversations for user 431fff88-549d-46bb-96b1-e4b3521221b7
2026-05-05 13:19:21 | INFO | ✅ FirestoreConversationService initialisé
2026-05-05 13:19:35 | INFO | [FIRESTORE] 🧹 Cleaning old anonymous conversations > 1h
2026-05-05 13:19:36 | INFO | [FIRESTORE] ✅ Cleanup complete: 0 messages, 0 sessions
2026-05-05 13:35:49 | INFO | ✅ FirestoreConversationService initialisé
2026-05-05 13:36:24 | INFO | [FIRESTORE] 🧹 Cleaning old anonymous conversations > 1h
2026-05-05 13:36:26 | INFO | [FIRESTORE] Deleting old anonymous session: yV9oW862LSMb03TgqSPPzAaKu0z1__a1b2c3d4-0001-0000-0000-000000000001__1777980157820
2026-05-05 13:36:26 | INFO | [FIRESTORE] ✅ Deleted session yV9oW862LSMb03TgqSPPzAaKu0z1__a1b2c3d4-0001-0000-0000-000000000001__1777980157820 (1 messages)
2026-05-05 13:36:26 | INFO | [FIRESTORE] ✅ Cleanup complete: 1 messages, 1 sessions
2026-05-05 14:06:19 | INFO | [FIRESTORE] 🧹 Cleaning old anonymous conversations > 1h
2026-05-05 14:06:20 | INFO | [FIRESTORE] ✅ Cleanup complete: 0 messages, 0 sessions
2026-05-05 14:08:36 | INFO | ✅ FirestoreConversationService initialisé
2026-05-05 14:08:49 | INFO | ✅ FirestoreConversationService initialisé
2026-05-05 14:09:02 | INFO | [FIRESTORE] 🧹 Cleaning old anonymous conversations > 1h
2026-05-05 14:09:03 | INFO | [FIRESTORE] ✅ Cleanup complete: 0 messages, 0 sessions
2026-05-05 14:21:59 | INFO | ✅ FirestoreConversationService initialisé
2026-05-05 14:22:20 | INFO | [FIRESTORE] 🧹 Cleaning old anonymous conversations > 1h
2026-05-05 14:22:22 | INFO | [FIRESTORE] ✅ Cleanup complete: 0 messages, 0 sessions
2026-05-05 14:32:02 | INFO | ✅ FirestoreConversationService initialisé
2026-05-05 14:32:19 | INFO | [FIRESTORE] 🧹 Cleaning old anonymous conversations > 1h
2026-05-05 14:32:21 | INFO | [FIRESTORE] ✅ Cleanup complete: 0 messages, 0 sessions
2026-05-05 14:33:45 | INFO | ✅ FirestoreConversationService initialisé
2026-05-05 14:34:02 | INFO | [FIRESTORE] 🧹 Cleaning old anonymous conversations > 1h
2026-05-05 14:34:04 | INFO | [FIRESTORE] ✅ Cleanup complete: 0 messages, 0 sessions
2026-05-05 14:36:24 | INFO | ✅ FirestoreConversationService initialisé
2026-05-05 14:36:37 | INFO | ✅ FirestoreConversationService initialisé
2026-05-05 14:36:52 | INFO | [FIRESTORE] 🧹 Cleaning old anonymous conversations > 1h
2026-05-05 14:36:54 | INFO | [FIRESTORE] ✅ Cleanup complete: 0 messages, 0 sessions
2026-05-05 14:51:30 | INFO | ✅ FirestoreConversationService initialisé
2026-05-05 14:51:42 | INFO | ✅ FirestoreConversationService initialisé
2026-05-05 14:51:55 | INFO | [FIRESTORE] 🧹 Cleaning old anonymous conversations > 1h
2026-05-05 14:51:57 | INFO | [FIRESTORE] ✅ Cleanup complete: 0 messages, 0 sessions
2026-05-05 15:01:04 | INFO | ✅ FirestoreConversationService initialisé
2026-05-05 15:01:23 | INFO | [FIRESTORE] 🧹 Cleaning old anonymous conversations > 1h
2026-05-05 15:01:25 | INFO | [FIRESTORE] ✅ Cleanup complete: 0 messages, 0 sessions
2026-05-05 15:04:42 | INFO | [FIRESTORE] 📋 Getting user conversations | user=3778e559-0f81-404a-85a1-4c80b8c59803 | tenant=a1b2c3d4-0001-0000-0000-000000000001
2026-05-05 15:04:49 | INFO | [FIRESTORE] ✅ Found 0 conversations for user 3778e559-0f81-404a-85a1-4c80b8c59803
2026-05-05 15:11:45 | INFO | [FIRESTORE] 📋 Getting user conversations | user=3778e559-0f81-404a-85a1-4c80b8c59803 | tenant=a1b2c3d4-0001-0000-0000-000000000001
2026-05-05 15:11:52 | INFO | [FIRESTORE] ✅ Found 0 conversations for user 3778e559-0f81-404a-85a1-4c80b8c59803
2026-05-05 15:13:01 | INFO | ✅ FirestoreConversationService initialisé
2026-05-05 15:13:28 | INFO | [FIRESTORE] 🧹 Cleaning old anonymous conversations > 1h
2026-05-05 15:13:30 | INFO | [FIRESTORE] ✅ Cleanup complete: 0 messages, 0 sessions
2026-05-05 15:36:34 | INFO | ✅ FirestoreConversationService initialisé
2026-05-05 15:36:49 | INFO | [FIRESTORE] 🧹 Cleaning old anonymous conversations > 1h
2026-05-05 15:36:50 | INFO | [FIRESTORE] ✅ Cleanup complete: 0 messages, 0 sessions
2026-05-05 15:38:30 | INFO | [FIRESTORE] 📋 Getting user conversations | user=30c32ba6-51a4-4d49-86eb-9a4d64d4fe84 | tenant=a1b2c3d4-0001-0000-0000-000000000001
2026-05-05 15:38:37 | INFO | [FIRESTORE] ✅ Found 0 conversations for user 30c32ba6-51a4-4d49-86eb-9a4d64d4fe84
2026-05-05 15:40:24 | INFO | [FIRESTORE] 📋 Getting user conversations | user=30c32ba6-51a4-4d49-86eb-9a4d64d4fe84 | tenant=a1b2c3d4-0001-0000-0000-000000000001
2026-05-05 15:40:31 | INFO | [FIRESTORE] ✅ Found 0 conversations for user 30c32ba6-51a4-4d49-86eb-9a4d64d4fe84
2026-05-05 15:43:02 | INFO | [FIRESTORE] 📋 Getting user conversations | user=431fff88-549d-46bb-96b1-e4b3521221b7 | tenant=a1b2c3d4-0001-0000-0000-000000000001
2026-05-05 15:43:08 | INFO | [FIRESTORE] ✅ Found 7 conversations for user 431fff88-549d-46bb-96b1-e4b3521221b7
2026-05-05 15:43:08 | INFO | [FIRESTORE] 📖 Getting history | session=30c32ba6-51a4-4d49-86eb-9a4d64d4fe84__a1b2c3d4-0001-0000-0000-000000000001__1777991910299 | tenant=a1b2c3d4-0001-0000-0000-000000000001
2026-05-05 15:43:08 | INFO | [FIRESTORE] ✅ Retrieved 0 messages
2026-05-05 15:43:12 | INFO | [FIRESTORE] 📋 Getting user conversations | user=431fff88-549d-46bb-96b1-e4b3521221b7 | tenant=a1b2c3d4-0001-0000-0000-000000000001
2026-05-05 15:43:19 | INFO | [FIRESTORE] ✅ Found 7 conversations for user 431fff88-549d-46bb-96b1-e4b3521221b7
2026-05-05 15:43:20 | INFO | [FIRESTORE] 📖 Getting history | session=30c32ba6-51a4-4d49-86eb-9a4d64d4fe84__a1b2c3d4-0001-0000-0000-000000000001__1777991910299 | tenant=a1b2c3d4-0001-0000-0000-000000000001
2026-05-05 15:43:20 | INFO | [FIRESTORE] ✅ Retrieved 0 messages
2026-05-05 15:43:25 | INFO | [FIRESTORE] 📖 Getting history | session=431fff88-549d-46bb-96b1-e4b3521221b7__a1b2c3d4-0001-0000-0000-000000000001__1777925635807 | tenant=a1b2c3d4-0001-0000-0000-000000000001
2026-05-05 15:43:25 | INFO | [FIRESTORE] ✅ Retrieved 1 messages
2026-05-05 15:43:55 | INFO | [FIRESTORE] 📖 Getting history | session=431fff88-549d-46bb-96b1-e4b3521221b7__a1b2c3d4-0001-0000-0000-000000000001__1777925635807 | tenant=a1b2c3d4-0001-0000-0000-000000000001
2026-05-05 15:43:55 | INFO | [FIRESTORE] ✅ Retrieved 1 messages
2026-05-05 15:45:56 | INFO | [FIRESTORE] 💾 Saving message | session=431fff88-549d-46bb-96b1-e4b3521221b7__a1b2c3d4-0001-0000-0000-000000000001__1777925635807 | tenant=a1b2c3d4-0001-0000-0000-000000000001 | user=431fff88-549d-46bb-96b1-e4b3521221b7
2026-05-05 15:45:56 | INFO | [FIRESTORE] First message: False
2026-05-05 15:45:56 | INFO | [FIRESTORE] ✅ Message saved | doc_id=bkCDTOnjfkZ89Vl0Uvv4
2026-05-05 15:45:56 | DEBUG | [FIRESTORE] Updated metadata for 431fff88-549d-46bb-96b1-e4b3521221b7__a1b2c3d4-0001-0000-0000-000000000001__1777925635807
2026-05-05 15:55:09 | INFO | ✅ FirestoreConversationService initialisé
2026-05-05 15:55:27 | INFO | [FIRESTORE] 📖 Getting history | session=431fff88-549d-46bb-96b1-e4b3521221b7__a1b2c3d4-0001-0000-0000-000000000001__1777925635807 | tenant=a1b2c3d4-0001-0000-0000-000000000001
2026-05-05 15:55:28 | INFO | [FIRESTORE] ✅ Retrieved 2 messages
2026-05-05 15:55:28 | INFO | [FIRESTORE] 📋 Getting user conversations | user=431fff88-549d-46bb-96b1-e4b3521221b7 | tenant=a1b2c3d4-0001-0000-0000-000000000001
2026-05-05 15:55:34 | INFO | [FIRESTORE] ✅ Found 7 conversations for user 431fff88-549d-46bb-96b1-e4b3521221b7
2026-05-05 15:55:34 | INFO | [FIRESTORE] 🧹 Cleaning old anonymous conversations > 1h
2026-05-05 15:55:35 | INFO | [FIRESTORE] ✅ Cleanup complete: 0 messages, 0 sessions
2026-05-05 15:55:41 | INFO | [FIRESTORE] 📖 Getting history | session=431fff88-549d-46bb-96b1-e4b3521221b7__a1b2c3d4-0001-0000-0000-000000000001__1777925635807 | tenant=a1b2c3d4-0001-0000-0000-000000000001
2026-05-05 15:55:42 | INFO | [FIRESTORE] ✅ Retrieved 2 messages
2026-05-05 15:57:12 | INFO | [FIRESTORE] 💾 Saving message | session=431fff88-549d-46bb-96b1-e4b3521221b7__a1b2c3d4-0001-0000-0000-000000000001__1777925635807 | tenant=a1b2c3d4-0001-0000-0000-000000000001 | user=431fff88-549d-46bb-96b1-e4b3521221b7
2026-05-05 15:57:12 | INFO | [FIRESTORE] First message: False
2026-05-05 15:57:12 | INFO | [FIRESTORE] ✅ Message saved | doc_id=J9o3dbRhKfsD8gzdQHNu
2026-05-05 15:57:12 | DEBUG | [FIRESTORE] Updated metadata for 431fff88-549d-46bb-96b1-e4b3521221b7__a1b2c3d4-0001-0000-0000-000000000001__1777925635807
2026-05-05 15:58:11 | INFO | [FIRESTORE] 📋 Getting user conversations | user=431fff88-549d-46bb-96b1-e4b3521221b7 | tenant=a1b2c3d4-0001-0000-0000-000000000001
2026-05-05 15:58:18 | INFO | [FIRESTORE] ✅ Found 7 conversations for user 431fff88-549d-46bb-96b1-e4b3521221b7
2026-05-05 15:58:19 | INFO | [FIRESTORE] 📖 Getting history | session=431fff88-549d-46bb-96b1-e4b3521221b7__a1b2c3d4-0001-0000-0000-000000000001__1777925635807 | tenant=a1b2c3d4-0001-0000-0000-000000000001
2026-05-05 15:58:19 | INFO | [FIRESTORE] ✅ Retrieved 3 messages
2026-05-05 16:25:26 | INFO | [FIRESTORE] 🧹 Cleaning old anonymous conversations > 1h
2026-05-05 16:25:27 | INFO | [FIRESTORE] ✅ Cleanup complete: 0 messages, 0 sessions
2026-05-05 16:44:36 | INFO | ✅ FirestoreConversationService initialisé
2026-05-05 16:44:55 | INFO | [FIRESTORE] 🧹 Cleaning old anonymous conversations > 1h
2026-05-05 16:44:56 | INFO | [FIRESTORE] ✅ Cleanup complete: 0 messages, 0 sessions
2026-05-05 16:49:32 | INFO | ✅ FirestoreConversationService initialisé
2026-05-05 16:49:48 | INFO | ✅ FirestoreConversationService initialisé
2026-05-05 16:50:03 | INFO | [FIRESTORE] 🧹 Cleaning old anonymous conversations > 1h
2026-05-05 16:50:05 | INFO | [FIRESTORE] ✅ Cleanup complete: 0 messages, 0 sessions
2026-05-05 16:54:36 | INFO | ✅ FirestoreConversationService initialisé
2026-05-05 16:54:50 | INFO | [FIRESTORE] 🧹 Cleaning old anonymous conversations > 1h
2026-05-05 16:54:51 | INFO | [FIRESTORE] ✅ Cleanup complete: 0 messages, 0 sessions
2026-05-05 16:59:36 | INFO | ✅ FirestoreConversationService initialisé
2026-05-05 16:59:51 | INFO | ✅ FirestoreConversationService initialisé
2026-05-05 17:00:05 | INFO | ✅ FirestoreConversationService initialisé
2026-05-05 17:00:22 | INFO | [FIRESTORE] 🧹 Cleaning old anonymous conversations > 1h
2026-05-05 17:00:24 | INFO | [FIRESTORE] ✅ Cleanup complete: 0 messages, 0 sessions
2026-05-05 17:00:29 | INFO | ✅ FirestoreConversationService initialisé
2026-05-05 17:00:42 | INFO | [FIRESTORE] 🧹 Cleaning old anonymous conversations > 1h
2026-05-05 17:00:44 | INFO | [FIRESTORE] ✅ Cleanup complete: 0 messages, 0 sessions
2026-05-05 17:01:40 | INFO | [FIRESTORE] 📖 Getting history | session=431fff88-549d-46bb-96b1-e4b3521221b7__a1b2c3d4-0001-0000-0000-000000000001__1777925635807 | tenant=a1b2c3d4-0001-0000-0000-000000000001
2026-05-05 17:01:41 | INFO | [FIRESTORE] ✅ Retrieved 3 messages
2026-05-05 17:01:41 | INFO | [FIRESTORE] 📋 Getting user conversations | user=431fff88-549d-46bb-96b1-e4b3521221b7 | tenant=a1b2c3d4-0001-0000-0000-000000000001
2026-05-05 17:01:47 | INFO | [FIRESTORE] ✅ Found 7 conversations for user 431fff88-549d-46bb-96b1-e4b3521221b7
2026-05-05 17:02:15 | INFO | [FIRESTORE] 📋 Getting user conversations | user=431fff88-549d-46bb-96b1-e4b3521221b7 | tenant=a1b2c3d4-0001-0000-0000-000000000001
2026-05-05 17:02:22 | INFO | [FIRESTORE] ✅ Found 7 conversations for user 431fff88-549d-46bb-96b1-e4b3521221b7
2026-05-05 17:02:22 | INFO | [FIRESTORE] 📖 Getting history | session=431fff88-549d-46bb-96b1-e4b3521221b7__a1b2c3d4-0001-0000-0000-000000000001__1777925635807 | tenant=a1b2c3d4-0001-0000-0000-000000000001
2026-05-05 17:02:22 | INFO | [FIRESTORE] ✅ Retrieved 3 messages
2026-05-05 17:02:23 | INFO | [FIRESTORE] 📖 Getting history | session=431fff88-549d-46bb-96b1-e4b3521221b7__a1b2c3d4-0001-0000-0000-000000000001__1777925635807 | tenant=a1b2c3d4-0001-0000-0000-000000000001
2026-05-05 17:02:23 | INFO | [FIRESTORE] ✅ Retrieved 3 messages
2026-05-05 17:02:23 | INFO | [FIRESTORE] 📋 Getting user conversations | user=431fff88-549d-46bb-96b1-e4b3521221b7 | tenant=a1b2c3d4-0001-0000-0000-000000000001
2026-05-05 17:02:29 | INFO | [FIRESTORE] ✅ Found 7 conversations for user 431fff88-549d-46bb-96b1-e4b3521221b7
2026-05-05 17:02:34 | INFO | [FIRESTORE] 📋 Getting user conversations | user=431fff88-549d-46bb-96b1-e4b3521221b7 | tenant=a1b2c3d4-0001-0000-0000-000000000001
2026-05-05 17:02:41 | INFO | [FIRESTORE] ✅ Found 7 conversations for user 431fff88-549d-46bb-96b1-e4b3521221b7
2026-05-05 17:02:41 | INFO | [FIRESTORE] 📖 Getting history | session=431fff88-549d-46bb-96b1-e4b3521221b7__a1b2c3d4-0001-0000-0000-000000000001__1777925635807 | tenant=a1b2c3d4-0001-0000-0000-000000000001
2026-05-05 17:02:41 | INFO | [FIRESTORE] ✅ Retrieved 3 messages
2026-05-05 17:02:46 | INFO | [FIRESTORE] 📋 Getting user conversations | user=431fff88-549d-46bb-96b1-e4b3521221b7 | tenant=a1b2c3d4-0001-0000-0000-000000000001
2026-05-05 17:02:52 | INFO | [FIRESTORE] ✅ Found 7 conversations for user 431fff88-549d-46bb-96b1-e4b3521221b7
2026-05-05 17:02:52 | INFO | [FIRESTORE] 📖 Getting history | session=431fff88-549d-46bb-96b1-e4b3521221b7__a1b2c3d4-0001-0000-0000-000000000001__1777925635807 | tenant=a1b2c3d4-0001-0000-0000-000000000001
2026-05-05 17:02:52 | INFO | [FIRESTORE] ✅ Retrieved 3 messages
2026-05-05 17:03:57 | INFO | [FIRESTORE] 📖 Getting history | session=431fff88-549d-46bb-96b1-e4b3521221b7__a1b2c3d4-0001-0000-0000-000000000001__1777925635807 | tenant=a1b2c3d4-0001-0000-0000-000000000001
2026-05-05 17:03:57 | INFO | [FIRESTORE] ✅ Retrieved 3 messages
2026-05-05 17:03:57 | INFO | [FIRESTORE] 📋 Getting user conversations | user=431fff88-549d-46bb-96b1-e4b3521221b7 | tenant=a1b2c3d4-0001-0000-0000-000000000001
2026-05-05 17:04:04 | INFO | [FIRESTORE] ✅ Found 7 conversations for user 431fff88-549d-46bb-96b1-e4b3521221b7
2026-05-05 17:04:30 | INFO | [FIRESTORE] 📋 Getting user conversations | user=431fff88-549d-46bb-96b1-e4b3521221b7 | tenant=a1b2c3d4-0001-0000-0000-000000000001
2026-05-05 17:04:36 | INFO | [FIRESTORE] ✅ Found 7 conversations for user 431fff88-549d-46bb-96b1-e4b3521221b7
2026-05-05 17:04:36 | INFO | [FIRESTORE] 📖 Getting history | session=431fff88-549d-46bb-96b1-e4b3521221b7__a1b2c3d4-0001-0000-0000-000000000001__1777925635807 | tenant=a1b2c3d4-0001-0000-0000-000000000001
2026-05-05 17:04:36 | INFO | [FIRESTORE] ✅ Retrieved 3 messages
2026-05-05 17:05:22 | INFO | [FIRESTORE] 📋 Getting user conversations | user=431fff88-549d-46bb-96b1-e4b3521221b7 | tenant=a1b2c3d4-0001-0000-0000-000000000001
2026-05-05 17:05:28 | INFO | [FIRESTORE] ✅ Found 7 conversations for user 431fff88-549d-46bb-96b1-e4b3521221b7
2026-05-05 17:05:28 | INFO | [FIRESTORE] 📖 Getting history | session=431fff88-549d-46bb-96b1-e4b3521221b7__a1b2c3d4-0001-0000-0000-000000000001__1777925635807 | tenant=a1b2c3d4-0001-0000-0000-000000000001
2026-05-05 17:05:28 | INFO | [FIRESTORE] ✅ Retrieved 3 messages
2026-05-05 17:06:27 | INFO | [FIRESTORE] 📋 Getting user conversations | user=431fff88-549d-46bb-96b1-e4b3521221b7 | tenant=a1b2c3d4-0001-0000-0000-000000000001
2026-05-05 17:06:33 | INFO | [FIRESTORE] ✅ Found 7 conversations for user 431fff88-549d-46bb-96b1-e4b3521221b7
2026-05-05 17:06:33 | INFO | [FIRESTORE] 📖 Getting history | session=431fff88-549d-46bb-96b1-e4b3521221b7__a1b2c3d4-0001-0000-0000-000000000001__1777925635807 | tenant=a1b2c3d4-0001-0000-0000-000000000001
2026-05-05 17:06:33 | INFO | [FIRESTORE] ✅ Retrieved 3 messages
2026-05-05 17:30:37 | INFO | [FIRESTORE] 🧹 Cleaning old anonymous conversations > 1h
2026-05-05 17:30:38 | INFO | [FIRESTORE] ✅ Cleanup complete: 0 messages, 0 sessions
2026-05-05 18:00:37 | INFO | [FIRESTORE] 🧹 Cleaning old anonymous conversations > 1h
2026-05-05 18:01:00 | INFO | [FIRESTORE] ✅ Cleanup complete: 0 messages, 0 sessions
2026-05-05 18:30:37 | INFO | [FIRESTORE] 🧹 Cleaning old anonymous conversations > 1h
2026-05-05 18:30:38 | INFO | [FIRESTORE] ✅ Cleanup complete: 0 messages, 0 sessions
2026-05-05 19:00:37 | INFO | [FIRESTORE] 🧹 Cleaning old anonymous conversations > 1h
2026-05-05 19:00:39 | INFO | [FIRESTORE] ✅ Cleanup complete: 0 messages, 0 sessions
2026-05-05 19:30:37 | INFO | [FIRESTORE] 🧹 Cleaning old anonymous conversations > 1h
2026-05-05 19:30:38 | INFO | [FIRESTORE] ✅ Cleanup complete: 0 messages, 0 sessions
2026-05-05 19:42:58 | INFO | [FIRESTORE] 📋 Getting user conversations | user=431fff88-549d-46bb-96b1-e4b3521221b7 | tenant=a1b2c3d4-0001-0000-0000-000000000001
2026-05-05 19:43:05 | INFO | [FIRESTORE] ✅ Found 7 conversations for user 431fff88-549d-46bb-96b1-e4b3521221b7
2026-05-05 19:43:06 | INFO | [FIRESTORE] 📖 Getting history | session=431fff88-549d-46bb-96b1-e4b3521221b7__a1b2c3d4-0001-0000-0000-000000000001__1777925635807 | tenant=a1b2c3d4-0001-0000-0000-000000000001
2026-05-05 19:43:06 | INFO | [FIRESTORE] ✅ Retrieved 3 messages
2026-05-05 19:43:21 | INFO | [FIRESTORE] 📖 Getting history | session=431fff88-549d-46bb-96b1-e4b3521221b7__a1b2c3d4-0001-0000-0000-000000000001__1777925635807 | tenant=a1b2c3d4-0001-0000-0000-000000000001
2026-05-05 19:43:21 | INFO | [FIRESTORE] ✅ Retrieved 3 messages
2026-05-05 19:45:09 | INFO | [FIRESTORE] 💾 Saving message | session=431fff88-549d-46bb-96b1-e4b3521221b7__a1b2c3d4-0001-0000-0000-000000000001__1777925635807 | tenant=a1b2c3d4-0001-0000-0000-000000000001 | user=431fff88-549d-46bb-96b1-e4b3521221b7
2026-05-05 19:45:09 | INFO | [FIRESTORE] First message: False
2026-05-05 19:45:09 | INFO | [FIRESTORE] ✅ Message saved | doc_id=tB1KhR6nGGkgnGpFBOGQ
2026-05-05 19:45:09 | DEBUG | [FIRESTORE] Updated metadata for 431fff88-549d-46bb-96b1-e4b3521221b7__a1b2c3d4-0001-0000-0000-000000000001__1777925635807
2026-05-05 19:45:23 | INFO | [FIRESTORE] 📋 Getting user conversations | user=431fff88-549d-46bb-96b1-e4b3521221b7 | tenant=a1b2c3d4-0001-0000-0000-000000000001
2026-05-05 19:45:30 | INFO | [FIRESTORE] ✅ Found 7 conversations for user 431fff88-549d-46bb-96b1-e4b3521221b7
2026-05-05 19:48:09 | INFO | [FIRESTORE] 📋 Getting user conversations | user=431fff88-549d-46bb-96b1-e4b3521221b7 | tenant=a1b2c3d4-0001-0000-0000-000000000001
2026-05-05 19:48:16 | INFO | [FIRESTORE] ✅ Found 7 conversations for user 431fff88-549d-46bb-96b1-e4b3521221b7
2026-05-05 19:48:16 | INFO | [FIRESTORE] 📖 Getting history | session=431fff88-549d-46bb-96b1-e4b3521221b7__a1b2c3d4-0001-0000-0000-000000000001__1777925635807 | tenant=a1b2c3d4-0001-0000-0000-000000000001
2026-05-05 19:48:16 | INFO | [FIRESTORE] ✅ Retrieved 4 messages
2026-05-05 19:48:33 | INFO | [FIRESTORE] 📋 Getting user conversations | user=431fff88-549d-46bb-96b1-e4b3521221b7 | tenant=a1b2c3d4-0001-0000-0000-000000000001
2026-05-05 19:48:39 | INFO | [FIRESTORE] ✅ Found 7 conversations for user 431fff88-549d-46bb-96b1-e4b3521221b7
2026-05-05 19:48:40 | INFO | [FIRESTORE] 📖 Getting history | session=431fff88-549d-46bb-96b1-e4b3521221b7__a1b2c3d4-0001-0000-0000-000000000001__1777925635807 | tenant=a1b2c3d4-0001-0000-0000-000000000001
2026-05-05 19:48:40 | INFO | [FIRESTORE] ✅ Retrieved 4 messages
2026-05-05 19:48:52 | INFO | [FIRESTORE] 📖 Getting history | session=431fff88-549d-46bb-96b1-e4b3521221b7__a1b2c3d4-0001-0000-0000-000000000001__1777925635807 | tenant=a1b2c3d4-0001-0000-0000-000000000001
2026-05-05 19:48:52 | INFO | [FIRESTORE] ✅ Retrieved 4 messages
2026-05-05 19:49:29 | INFO | [FIRESTORE] 💾 Saving message | session=431fff88-549d-46bb-96b1-e4b3521221b7__a1b2c3d4-0001-0000-0000-000000000001__1777925635807 | tenant=a1b2c3d4-0001-0000-0000-000000000001 | user=431fff88-549d-46bb-96b1-e4b3521221b7
2026-05-05 19:49:29 | INFO | [FIRESTORE] First message: False
2026-05-05 19:49:29 | INFO | [FIRESTORE] ✅ Message saved | doc_id=wkf45zl1lrJTaTQEkwrb
2026-05-05 19:49:29 | DEBUG | [FIRESTORE] Updated metadata for 431fff88-549d-46bb-96b1-e4b3521221b7__a1b2c3d4-0001-0000-0000-000000000001__1777925635807
2026-05-05 20:00:37 | INFO | [FIRESTORE] 🧹 Cleaning old anonymous conversations > 1h
2026-05-05 20:00:39 | INFO | [FIRESTORE] ✅ Cleanup complete: 0 messages, 0 sessions
2026-05-05 20:15:37 | INFO | ✅ FirestoreConversationService initialisé
2026-05-05 20:15:59 | INFO | [FIRESTORE] 🧹 Cleaning old anonymous conversations > 1h
2026-05-05 20:16:00 | INFO | [FIRESTORE] ✅ Cleanup complete: 0 messages, 0 sessions
2026-05-05 20:20:40 | INFO | ✅ FirestoreConversationService initialisé
2026-05-05 20:20:54 | INFO | [FIRESTORE] 🧹 Cleaning old anonymous conversations > 1h
2026-05-05 20:20:56 | INFO | [FIRESTORE] ✅ Cleanup complete: 0 messages, 0 sessions
2026-05-05 20:23:46 | INFO | ✅ FirestoreConversationService initialisé
2026-05-05 20:23:54 | INFO | [FIRESTORE] 📖 Getting history | session=431fff88-549d-46bb-96b1-e4b3521221b7__a1b2c3d4-0001-0000-0000-000000000001__1777925635807 | tenant=a1b2c3d4-0001-0000-0000-000000000001
2026-05-05 20:23:55 | INFO | [FIRESTORE] ✅ Retrieved 5 messages
2026-05-05 20:23:55 | INFO | [FIRESTORE] 📋 Getting user conversations | user=431fff88-549d-46bb-96b1-e4b3521221b7 | tenant=a1b2c3d4-0001-0000-0000-000000000001
2026-05-05 20:24:02 | INFO | [FIRESTORE] ✅ Found 7 conversations for user 431fff88-549d-46bb-96b1-e4b3521221b7
2026-05-05 20:24:02 | INFO | [FIRESTORE] 🧹 Cleaning old anonymous conversations > 1h
2026-05-05 20:24:02 | INFO | [FIRESTORE] ✅ Cleanup complete: 0 messages, 0 sessions
2026-05-05 20:25:11 | INFO | [FIRESTORE] 📖 Getting history | session=431fff88-549d-46bb-96b1-e4b3521221b7__a1b2c3d4-0001-0000-0000-000000000001__1777925635807 | tenant=a1b2c3d4-0001-0000-0000-000000000001
2026-05-05 20:25:11 | INFO | [FIRESTORE] ✅ Retrieved 5 messages
2026-05-05 20:26:40 | INFO | [FIRESTORE] 💾 Saving message | session=431fff88-549d-46bb-96b1-e4b3521221b7__a1b2c3d4-0001-0000-0000-000000000001__1777925635807 | tenant=a1b2c3d4-0001-0000-0000-000000000001 | user=431fff88-549d-46bb-96b1-e4b3521221b7
2026-05-05 20:26:40 | INFO | [FIRESTORE] First message: False
2026-05-05 20:26:40 | INFO | [FIRESTORE] ✅ Message saved | doc_id=clPcEeeZQ7VRg3HkcDxr
2026-05-05 20:26:41 | DEBUG | [FIRESTORE] Updated metadata for 431fff88-549d-46bb-96b1-e4b3521221b7__a1b2c3d4-0001-0000-0000-000000000001__1777925635807
2026-05-05 20:26:55 | INFO | [FIRESTORE] 📋 Getting user conversations | user=431fff88-549d-46bb-96b1-e4b3521221b7 | tenant=a1b2c3d4-0001-0000-0000-000000000001
2026-05-05 20:27:02 | INFO | [FIRESTORE] ✅ Found 7 conversations for user 431fff88-549d-46bb-96b1-e4b3521221b7
2026-05-05 20:40:08 | INFO | ✅ FirestoreConversationService initialisé
2026-05-05 20:40:23 | INFO | [FIRESTORE] 🧹 Cleaning old anonymous conversations > 1h
2026-05-05 20:40:25 | INFO | [FIRESTORE] ✅ Cleanup complete: 0 messages, 0 sessions
2026-05-05 20:50:18 | INFO | ✅ FirestoreConversationService initialisé
2026-05-05 20:52:13 | INFO | ✅ FirestoreConversationService initialisé
2026-05-05 20:52:37 | INFO | [FIRESTORE] 🧹 Cleaning old anonymous conversations > 1h
2026-05-05 20:52:39 | INFO | [FIRESTORE] ✅ Cleanup complete: 0 messages, 0 sessions
2026-05-05 20:57:17 | INFO | ✅ FirestoreConversationService initialisé
2026-05-05 20:57:34 | INFO | [FIRESTORE] 🧹 Cleaning old anonymous conversations > 1h
2026-05-05 20:57:36 | INFO | [FIRESTORE] ✅ Cleanup complete: 0 messages, 0 sessions
2026-05-05 20:59:58 | INFO | [FIRESTORE] 📋 Getting user conversations | user=431fff88-549d-46bb-96b1-e4b3521221b7 | tenant=a1b2c3d4-0001-0000-0000-000000000001
2026-05-05 21:00:04 | INFO | [FIRESTORE] ✅ Found 7 conversations for user 431fff88-549d-46bb-96b1-e4b3521221b7
2026-05-05 21:01:07 | INFO | [FIRESTORE] 📋 Getting user conversations | user=431fff88-549d-46bb-96b1-e4b3521221b7 | tenant=a1b2c3d4-0001-0000-0000-000000000001
2026-05-05 21:01:14 | INFO | [FIRESTORE] ✅ Found 7 conversations for user 431fff88-549d-46bb-96b1-e4b3521221b7
2026-05-05 21:01:14 | INFO | [FIRESTORE] 📖 Getting history | session=431fff88-549d-46bb-96b1-e4b3521221b7__a1b2c3d4-0001-0000-0000-000000000001__1777925635807 | tenant=a1b2c3d4-0001-0000-0000-000000000001
2026-05-05 21:01:14 | INFO | [FIRESTORE] ✅ Retrieved 6 messages
2026-05-05 21:01:45 | INFO | [FIRESTORE] 📖 Getting history | session=431fff88-549d-46bb-96b1-e4b3521221b7__a1b2c3d4-0001-0000-0000-000000000001__1777925635807 | tenant=a1b2c3d4-0001-0000-0000-000000000001
2026-05-05 21:01:45 | INFO | [FIRESTORE] ✅ Retrieved 6 messages
2026-05-05 21:03:02 | INFO | [FIRESTORE] 💾 Saving message | session=431fff88-549d-46bb-96b1-e4b3521221b7__a1b2c3d4-0001-0000-0000-000000000001__1777925635807 | tenant=a1b2c3d4-0001-0000-0000-000000000001 | user=431fff88-549d-46bb-96b1-e4b3521221b7
2026-05-05 21:03:02 | INFO | [FIRESTORE] First message: False
2026-05-05 21:03:02 | INFO | [FIRESTORE] ✅ Message saved | doc_id=eGKEhJ2MfTxtad3AEj4P
2026-05-05 21:03:02 | DEBUG | [FIRESTORE] Updated metadata for 431fff88-549d-46bb-96b1-e4b3521221b7__a1b2c3d4-0001-0000-0000-000000000001__1777925635807
2026-05-05 21:03:32 | INFO | [FIRESTORE] 📖 Getting history | session=431fff88-549d-46bb-96b1-e4b3521221b7__a1b2c3d4-0001-0000-0000-000000000001__1777925635807 | tenant=a1b2c3d4-0001-0000-0000-000000000001
2026-05-05 21:03:32 | INFO | [FIRESTORE] ✅ Retrieved 7 messages
2026-05-05 21:04:05 | INFO | [FIRESTORE] 💾 Saving message | session=431fff88-549d-46bb-96b1-e4b3521221b7__a1b2c3d4-0001-0000-0000-000000000001__1777925635807 | tenant=a1b2c3d4-0001-0000-0000-000000000001 | user=431fff88-549d-46bb-96b1-e4b3521221b7
2026-05-05 21:04:05 | INFO | [FIRESTORE] First message: False
2026-05-05 21:04:05 | INFO | [FIRESTORE] ✅ Message saved | doc_id=H1ozavr98yZ0Cf03KLn6
2026-05-05 21:04:05 | DEBUG | [FIRESTORE] Updated metadata for 431fff88-549d-46bb-96b1-e4b3521221b7__a1b2c3d4-0001-0000-0000-000000000001__1777925635807
2026-05-05 21:05:51 | INFO | [FIRESTORE] 📋 Getting user conversations | user=431fff88-549d-46bb-96b1-e4b3521221b7 | tenant=a1b2c3d4-0001-0000-0000-000000000001
2026-05-05 21:05:59 | INFO | [FIRESTORE] ✅ Found 7 conversations for user 431fff88-549d-46bb-96b1-e4b3521221b7
2026-05-05 21:05:59 | INFO | [FIRESTORE] 📖 Getting history | session=431fff88-549d-46bb-96b1-e4b3521221b7__a1b2c3d4-0001-0000-0000-000000000001__1777925635807 | tenant=a1b2c3d4-0001-0000-0000-000000000001
2026-05-05 21:05:59 | INFO | [FIRESTORE] ✅ Retrieved 8 messages
2026-05-05 21:06:12 | INFO | [FIRESTORE] 📖 Getting history | session=431fff88-549d-46bb-96b1-e4b3521221b7__a1b2c3d4-0001-0000-0000-000000000001__1777925635807 | tenant=a1b2c3d4-0001-0000-0000-000000000001
2026-05-05 21:06:12 | INFO | [FIRESTORE] ✅ Retrieved 8 messages
2026-05-05 21:06:35 | INFO | [FIRESTORE] 💾 Saving message | session=431fff88-549d-46bb-96b1-e4b3521221b7__a1b2c3d4-0001-0000-0000-000000000001__1777925635807 | tenant=a1b2c3d4-0001-0000-0000-000000000001 | user=431fff88-549d-46bb-96b1-e4b3521221b7
2026-05-05 21:06:35 | INFO | [FIRESTORE] First message: False
2026-05-05 21:06:35 | INFO | [FIRESTORE] ✅ Message saved | doc_id=8vevh7DURahQu1FUdewU
2026-05-05 21:06:35 | DEBUG | [FIRESTORE] Updated metadata for 431fff88-549d-46bb-96b1-e4b3521221b7__a1b2c3d4-0001-0000-0000-000000000001__1777925635807
2026-05-05 21:13:41 | INFO | ✅ FirestoreConversationService initialisé
2026-05-05 21:13:56 | INFO | [FIRESTORE] 📖 Getting history | session=431fff88-549d-46bb-96b1-e4b3521221b7__a1b2c3d4-0001-0000-0000-000000000001__1777925635807 | tenant=a1b2c3d4-0001-0000-0000-000000000001
2026-05-05 21:13:57 | INFO | [FIRESTORE] ✅ Retrieved 9 messages
2026-05-05 21:13:57 | INFO | [FIRESTORE] 📋 Getting user conversations | user=431fff88-549d-46bb-96b1-e4b3521221b7 | tenant=a1b2c3d4-0001-0000-0000-000000000001
2026-05-05 21:14:04 | INFO | [FIRESTORE] ✅ Found 7 conversations for user 431fff88-549d-46bb-96b1-e4b3521221b7
2026-05-05 21:14:04 | INFO | [FIRESTORE] 🧹 Cleaning old anonymous conversations > 1h
2026-05-05 21:14:04 | INFO | [FIRESTORE] ✅ Cleanup complete: 0 messages, 0 sessions
2026-05-05 21:14:25 | INFO | [FIRESTORE] 📖 Getting history | session=431fff88-549d-46bb-96b1-e4b3521221b7__a1b2c3d4-0001-0000-0000-000000000001__1777925635807 | tenant=a1b2c3d4-0001-0000-0000-000000000001
2026-05-05 21:14:25 | INFO | [FIRESTORE] ✅ Retrieved 9 messages
2026-05-05 21:15:19 | INFO | [FIRESTORE] 💾 Saving message | session=431fff88-549d-46bb-96b1-e4b3521221b7__a1b2c3d4-0001-0000-0000-000000000001__1777925635807 | tenant=a1b2c3d4-0001-0000-0000-000000000001 | user=431fff88-549d-46bb-96b1-e4b3521221b7
2026-05-05 21:15:19 | INFO | [FIRESTORE] First message: False
2026-05-05 21:15:19 | INFO | [FIRESTORE] ✅ Message saved | doc_id=XGWXqRyQac4DcCrm7mPS
2026-05-05 21:15:19 | DEBUG | [FIRESTORE] Updated metadata for 431fff88-549d-46bb-96b1-e4b3521221b7__a1b2c3d4-0001-0000-0000-000000000001__1777925635807
2026-05-05 21:15:37 | INFO | [FIRESTORE] 📖 Getting history | session=431fff88-549d-46bb-96b1-e4b3521221b7__a1b2c3d4-0001-0000-0000-000000000001__1777925635807 | tenant=a1b2c3d4-0001-0000-0000-000000000001
2026-05-05 21:15:37 | INFO | [FIRESTORE] ✅ Retrieved 10 messages
2026-05-05 21:16:06 | INFO | [FIRESTORE] 💾 Saving message | session=431fff88-549d-46bb-96b1-e4b3521221b7__a1b2c3d4-0001-0000-0000-000000000001__1777925635807 | tenant=a1b2c3d4-0001-0000-0000-000000000001 | user=431fff88-549d-46bb-96b1-e4b3521221b7
2026-05-05 21:16:06 | INFO | [FIRESTORE] First message: False
2026-05-05 21:16:06 | INFO | [FIRESTORE] ✅ Message saved | doc_id=zoSfjGyZhTaJOVdulaIN
2026-05-05 21:16:06 | DEBUG | [FIRESTORE] Updated metadata for 431fff88-549d-46bb-96b1-e4b3521221b7__a1b2c3d4-0001-0000-0000-000000000001__1777925635807
2026-05-05 21:28:26 | INFO | ✅ FirestoreConversationService initialisé
2026-05-05 21:28:46 | INFO | [FIRESTORE] 🧹 Cleaning old anonymous conversations > 1h
2026-05-05 21:28:47 | INFO | [FIRESTORE] ✅ Cleanup complete: 0 messages, 0 sessions
2026-05-05 21:28:57 | INFO | ✅ FirestoreConversationService initialisé
2026-05-05 21:29:11 | INFO | [FIRESTORE] 🧹 Cleaning old anonymous conversations > 1h
2026-05-05 21:29:13 | INFO | [FIRESTORE] ✅ Cleanup complete: 0 messages, 0 sessions
2026-05-05 21:30:02 | INFO | [FIRESTORE] 📋 Getting user conversations | user=431fff88-549d-46bb-96b1-e4b3521221b7 | tenant=a1b2c3d4-0001-0000-0000-000000000001
2026-05-05 21:30:09 | INFO | [FIRESTORE] ✅ Found 7 conversations for user 431fff88-549d-46bb-96b1-e4b3521221b7
2026-05-05 21:30:09 | INFO | [FIRESTORE] 📖 Getting history | session=431fff88-549d-46bb-96b1-e4b3521221b7__a1b2c3d4-0001-0000-0000-000000000001__1777925635807 | tenant=a1b2c3d4-0001-0000-0000-000000000001
2026-05-05 21:30:09 | INFO | [FIRESTORE] ✅ Retrieved 11 messages
2026-05-05 21:30:21 | INFO | [FIRESTORE] 📖 Getting history | session=431fff88-549d-46bb-96b1-e4b3521221b7__a1b2c3d4-0001-0000-0000-000000000001__1777925635807 | tenant=a1b2c3d4-0001-0000-0000-000000000001
2026-05-05 21:30:22 | INFO | [FIRESTORE] ✅ Retrieved 10 messages
2026-05-05 21:31:15 | INFO | [FIRESTORE] 💾 Saving message | session=431fff88-549d-46bb-96b1-e4b3521221b7__a1b2c3d4-0001-0000-0000-000000000001__1777925635807 | tenant=a1b2c3d4-0001-0000-0000-000000000001 | user=431fff88-549d-46bb-96b1-e4b3521221b7
2026-05-05 21:31:15 | INFO | [FIRESTORE] First message: False
2026-05-05 21:31:15 | INFO | [FIRESTORE] ✅ Message saved | doc_id=XuhbtoghLF8yDOXNbIrU
2026-05-05 21:31:15 | DEBUG | [FIRESTORE] Updated metadata for 431fff88-549d-46bb-96b1-e4b3521221b7__a1b2c3d4-0001-0000-0000-000000000001__1777925635807
2026-05-05 21:32:26 | INFO | [FIRESTORE] 📖 Getting history | session=431fff88-549d-46bb-96b1-e4b3521221b7__a1b2c3d4-0001-0000-0000-000000000001__1777925635807 | tenant=a1b2c3d4-0001-0000-0000-000000000001
2026-05-05 21:32:26 | INFO | [FIRESTORE] ✅ Retrieved 10 messages
2026-05-05 21:32:53 | INFO | [FIRESTORE] 💾 Saving message | session=431fff88-549d-46bb-96b1-e4b3521221b7__a1b2c3d4-0001-0000-0000-000000000001__1777925635807 | tenant=a1b2c3d4-0001-0000-0000-000000000001 | user=431fff88-549d-46bb-96b1-e4b3521221b7
2026-05-05 21:32:53 | INFO | [FIRESTORE] First message: False
2026-05-05 21:32:53 | INFO | [FIRESTORE] ✅ Message saved | doc_id=ifigJjSRtD98opBFrl4o
2026-05-05 21:32:53 | DEBUG | [FIRESTORE] Updated metadata for 431fff88-549d-46bb-96b1-e4b3521221b7__a1b2c3d4-0001-0000-0000-000000000001__1777925635807
2026-05-05 21:33:23 | INFO | [FIRESTORE] 💾 Saving message | session=431fff88-549d-46bb-96b1-e4b3521221b7__a1b2c3d4-0001-0000-0000-000000000001__1777925635807 | tenant=a1b2c3d4-0001-0000-0000-000000000001 | user=431fff88-549d-46bb-96b1-e4b3521221b7
2026-05-05 21:33:23 | INFO | [FIRESTORE] First message: False
2026-05-05 21:33:23 | INFO | [FIRESTORE] ✅ Message saved | doc_id=EoqI8NofzwWEQw3IBaJa
2026-05-05 21:33:23 | DEBUG | [FIRESTORE] Updated metadata for 431fff88-549d-46bb-96b1-e4b3521221b7__a1b2c3d4-0001-0000-0000-000000000001__1777925635807
2026-05-05 21:33:38 | INFO | [FIRESTORE] 📖 Getting history | session=431fff88-549d-46bb-96b1-e4b3521221b7__a1b2c3d4-0001-0000-0000-000000000001__1777925635807 | tenant=a1b2c3d4-0001-0000-0000-000000000001
2026-05-05 21:33:38 | INFO | [FIRESTORE] ✅ Retrieved 10 messages
2026-05-05 21:34:21 | INFO | [FIRESTORE] 💾 Saving message | session=431fff88-549d-46bb-96b1-e4b3521221b7__a1b2c3d4-0001-0000-0000-000000000001__1777925635807 | tenant=a1b2c3d4-0001-0000-0000-000000000001 | user=431fff88-549d-46bb-96b1-e4b3521221b7
2026-05-05 21:34:21 | INFO | [FIRESTORE] First message: False
2026-05-05 21:34:21 | INFO | [FIRESTORE] ✅ Message saved | doc_id=bnAFPpnWXXneSfMs6gtx
2026-05-05 21:34:21 | DEBUG | [FIRESTORE] Updated metadata for 431fff88-549d-46bb-96b1-e4b3521221b7__a1b2c3d4-0001-0000-0000-000000000001__1777925635807
2026-05-05 21:48:13 | INFO | ✅ FirestoreConversationService initialisé
2026-05-05 21:48:25 | INFO | [FIRESTORE] 📖 Getting history | session=431fff88-549d-46bb-96b1-e4b3521221b7__a1b2c3d4-0001-0000-0000-000000000001__1777925635807 | tenant=a1b2c3d4-0001-0000-0000-000000000001
2026-05-05 21:48:26 | INFO | [FIRESTORE] ✅ Retrieved 15 messages
2026-05-05 21:48:26 | INFO | [FIRESTORE] 📋 Getting user conversations | user=431fff88-549d-46bb-96b1-e4b3521221b7 | tenant=a1b2c3d4-0001-0000-0000-000000000001
2026-05-05 21:48:33 | INFO | [FIRESTORE] ✅ Found 7 conversations for user 431fff88-549d-46bb-96b1-e4b3521221b7
2026-05-05 21:48:33 | INFO | [FIRESTORE] 🧹 Cleaning old anonymous conversations > 1h
2026-05-05 21:48:33 | INFO | [FIRESTORE] ✅ Cleanup complete: 0 messages, 0 sessions
2026-05-05 21:48:42 | INFO | [FIRESTORE] 📖 Getting history | session=431fff88-549d-46bb-96b1-e4b3521221b7__a1b2c3d4-0001-0000-0000-000000000001__1777925635807 | tenant=a1b2c3d4-0001-0000-0000-000000000001
2026-05-05 21:48:42 | INFO | [FIRESTORE] ✅ Retrieved 10 messages
2026-05-05 21:49:36 | INFO | [FIRESTORE] 💾 Saving message | session=431fff88-549d-46bb-96b1-e4b3521221b7__a1b2c3d4-0001-0000-0000-000000000001__1777925635807 | tenant=a1b2c3d4-0001-0000-0000-000000000001 | user=431fff88-549d-46bb-96b1-e4b3521221b7
2026-05-05 21:49:36 | INFO | [FIRESTORE] First message: False
2026-05-05 21:49:36 | INFO | [FIRESTORE] ✅ Message saved | doc_id=P6xizlNhdESaLlpyvOxf
2026-05-05 21:49:36 | DEBUG | [FIRESTORE] Updated metadata for 431fff88-549d-46bb-96b1-e4b3521221b7__a1b2c3d4-0001-0000-0000-000000000001__1777925635807
2026-05-05 21:49:52 | INFO | [FIRESTORE] 📖 Getting history | session=431fff88-549d-46bb-96b1-e4b3521221b7__a1b2c3d4-0001-0000-0000-000000000001__1777925635807 | tenant=a1b2c3d4-0001-0000-0000-000000000001
2026-05-05 21:49:52 | INFO | [FIRESTORE] ✅ Retrieved 10 messages
2026-05-05 21:50:25 | INFO | [FIRESTORE] 💾 Saving message | session=431fff88-549d-46bb-96b1-e4b3521221b7__a1b2c3d4-0001-0000-0000-000000000001__1777925635807 | tenant=a1b2c3d4-0001-0000-0000-000000000001 | user=431fff88-549d-46bb-96b1-e4b3521221b7
2026-05-05 21:50:26 | INFO | [FIRESTORE] First message: False
2026-05-05 21:50:26 | INFO | [FIRESTORE] ✅ Message saved | doc_id=Y2YEzT2JJcswarAnfsnu
2026-05-05 21:50:26 | DEBUG | [FIRESTORE] Updated metadata for 431fff88-549d-46bb-96b1-e4b3521221b7__a1b2c3d4-0001-0000-0000-000000000001__1777925635807
2026-05-05 21:50:35 | INFO | [FIRESTORE] 📋 Getting user conversations | user=431fff88-549d-46bb-96b1-e4b3521221b7 | tenant=a1b2c3d4-0001-0000-0000-000000000001
2026-05-05 21:50:42 | INFO | [FIRESTORE] ✅ Found 7 conversations for user 431fff88-549d-46bb-96b1-e4b3521221b7
2026-05-05 21:50:42 | INFO | [FIRESTORE] 📖 Getting history | session=431fff88-549d-46bb-96b1-e4b3521221b7__a1b2c3d4-0001-0000-0000-000000000001__1777925635807 | tenant=a1b2c3d4-0001-0000-0000-000000000001
2026-05-05 21:50:42 | INFO | [FIRESTORE] ✅ Retrieved 17 messages
2026-05-05 22:18:24 | INFO | [FIRESTORE] 🧹 Cleaning old anonymous conversations > 1h
2026-05-05 22:18:25 | INFO | [FIRESTORE] ✅ Cleanup complete: 0 messages, 0 sessions
2026-05-05 22:38:06 | INFO | ✅ FirestoreConversationService initialisé
2026-05-05 22:45:56 | INFO | ✅ FirestoreConversationService initialisé
2026-05-05 22:49:41 | INFO | ✅ FirestoreConversationService initialisé
2026-05-05 22:49:54 | INFO | [FIRESTORE] 📋 Getting user conversations | user=431fff88-549d-46bb-96b1-e4b3521221b7 | tenant=a1b2c3d4-0001-0000-0000-000000000001
2026-05-05 22:50:05 | INFO | [FIRESTORE] ✅ Found 7 conversations for user 431fff88-549d-46bb-96b1-e4b3521221b7
2026-05-05 22:50:05 | INFO | [FIRESTORE] 🧹 Cleaning old anonymous conversations > 1h
2026-05-05 22:50:05 | INFO | [FIRESTORE] ✅ Cleanup complete: 0 messages, 0 sessions
2026-05-05 22:50:05 | INFO | [FIRESTORE] 📖 Getting history | session=431fff88-549d-46bb-96b1-e4b3521221b7__a1b2c3d4-0001-0000-0000-000000000001__1777925635807 | tenant=a1b2c3d4-0001-0000-0000-000000000001
2026-05-05 22:50:05 | INFO | [FIRESTORE] ✅ Retrieved 17 messages
2026-05-05 22:50:20 | INFO | [FIRESTORE] 📖 Getting history | session=431fff88-549d-46bb-96b1-e4b3521221b7__a1b2c3d4-0001-0000-0000-000000000001__1777925635807 | tenant=a1b2c3d4-0001-0000-0000-000000000001
2026-05-05 22:50:20 | INFO | [FIRESTORE] ✅ Retrieved 10 messages
2026-05-05 22:51:20 | INFO | [FIRESTORE] 💾 Saving message | session=431fff88-549d-46bb-96b1-e4b3521221b7__a1b2c3d4-0001-0000-0000-000000000001__1777925635807 | tenant=a1b2c3d4-0001-0000-0000-000000000001 | user=431fff88-549d-46bb-96b1-e4b3521221b7
2026-05-05 22:51:20 | INFO | [FIRESTORE] First message: False
2026-05-05 22:51:20 | INFO | [FIRESTORE] ✅ Message saved | doc_id=R3fd60uFJwX0G80nQ9Pd
2026-05-05 22:51:21 | DEBUG | [FIRESTORE] Updated metadata for 431fff88-549d-46bb-96b1-e4b3521221b7__a1b2c3d4-0001-0000-0000-000000000001__1777925635807
2026-05-05 22:51:31 | INFO | [FIRESTORE] 📖 Getting history | session=431fff88-549d-46bb-96b1-e4b3521221b7__a1b2c3d4-0001-0000-0000-000000000001__1777925635807 | tenant=a1b2c3d4-0001-0000-0000-000000000001
2026-05-05 22:51:31 | INFO | [FIRESTORE] ✅ Retrieved 10 messages
2026-05-05 22:52:04 | INFO | [FIRESTORE] 💾 Saving message | session=431fff88-549d-46bb-96b1-e4b3521221b7__a1b2c3d4-0001-0000-0000-000000000001__1777925635807 | tenant=a1b2c3d4-0001-0000-0000-000000000001 | user=431fff88-549d-46bb-96b1-e4b3521221b7
2026-05-05 22:52:04 | INFO | [FIRESTORE] First message: False
2026-05-05 22:52:04 | INFO | [FIRESTORE] ✅ Message saved | doc_id=ucwGLJRDdFmK9Lx0ATpM
2026-05-05 22:52:04 | DEBUG | [FIRESTORE] Updated metadata for 431fff88-549d-46bb-96b1-e4b3521221b7__a1b2c3d4-0001-0000-0000-000000000001__1777925635807
2026-05-05 23:06:36 | INFO | [FIRESTORE] 📋 Getting user conversations | user=431fff88-549d-46bb-96b1-e4b3521221b7 | tenant=a1b2c3d4-0001-0000-0000-000000000001
2026-05-05 23:06:47 | INFO | [FIRESTORE] ✅ Found 7 conversations for user 431fff88-549d-46bb-96b1-e4b3521221b7
2026-05-05 23:06:47 | INFO | [FIRESTORE] 📖 Getting history | session=431fff88-549d-46bb-96b1-e4b3521221b7__a1b2c3d4-0001-0000-0000-000000000001__1777925635807 | tenant=a1b2c3d4-0001-0000-0000-000000000001
2026-05-05 23:06:48 | INFO | [FIRESTORE] ✅ Retrieved 19 messages
2026-05-05 23:07:03 | INFO | ✅ FirestoreConversationService initialisé
2026-05-05 23:07:39 | INFO | [FIRESTORE] 🧹 Cleaning old anonymous conversations > 1h
2026-05-05 23:07:40 | INFO | [FIRESTORE] ✅ Cleanup complete: 0 messages, 0 sessions
2026-05-05 23:07:40 | INFO | [FIRESTORE] 📖 Getting history | session=431fff88-549d-46bb-96b1-e4b3521221b7__a1b2c3d4-0001-0000-0000-000000000001__1777925635807 | tenant=a1b2c3d4-0001-0000-0000-000000000001
2026-05-05 23:07:40 | INFO | [FIRESTORE] ✅ Retrieved 10 messages
2026-05-05 23:08:39 | INFO | [FIRESTORE] 💾 Saving message | session=431fff88-549d-46bb-96b1-e4b3521221b7__a1b2c3d4-0001-0000-0000-000000000001__1777925635807 | tenant=a1b2c3d4-0001-0000-0000-000000000001 | user=431fff88-549d-46bb-96b1-e4b3521221b7
2026-05-05 23:08:39 | INFO | [FIRESTORE] First message: False
2026-05-05 23:08:39 | INFO | [FIRESTORE] ✅ Message saved | doc_id=bErSQ5g2KoJVvS04MD7m
2026-05-05 23:08:39 | DEBUG | [FIRESTORE] Updated metadata for 431fff88-549d-46bb-96b1-e4b3521221b7__a1b2c3d4-0001-0000-0000-000000000001__1777925635807
2026-05-05 23:08:46 | INFO | [FIRESTORE] 📖 Getting history | session=431fff88-549d-46bb-96b1-e4b3521221b7__a1b2c3d4-0001-0000-0000-000000000001__1777925635807 | tenant=a1b2c3d4-0001-0000-0000-000000000001
2026-05-05 23:08:46 | INFO | [FIRESTORE] ✅ Retrieved 10 messages
2026-05-05 23:09:17 | INFO | [FIRESTORE] 💾 Saving message | session=431fff88-549d-46bb-96b1-e4b3521221b7__a1b2c3d4-0001-0000-0000-000000000001__1777925635807 | tenant=a1b2c3d4-0001-0000-0000-000000000001 | user=431fff88-549d-46bb-96b1-e4b3521221b7
2026-05-05 23:09:18 | INFO | [FIRESTORE] First message: False
2026-05-05 23:09:18 | INFO | [FIRESTORE] ✅ Message saved | doc_id=cesqCwhWkqwMMTdJItmO
2026-05-05 23:09:18 | DEBUG | [FIRESTORE] Updated metadata for 431fff88-549d-46bb-96b1-e4b3521221b7__a1b2c3d4-0001-0000-0000-000000000001__1777925635807
2026-05-05 23:10:54 | INFO | [FIRESTORE] 📖 Getting history | session=431fff88-549d-46bb-96b1-e4b3521221b7__a1b2c3d4-0001-0000-0000-000000000001__1777925635807 | tenant=a1b2c3d4-0001-0000-0000-000000000001
2026-05-05 23:10:55 | INFO | [FIRESTORE] ✅ Retrieved 21 messages
2026-05-05 23:10:55 | INFO | [FIRESTORE] 📋 Getting user conversations | user=431fff88-549d-46bb-96b1-e4b3521221b7 | tenant=a1b2c3d4-0001-0000-0000-000000000001
2026-05-05 23:11:03 | INFO | [FIRESTORE] ✅ Found 7 conversations for user 431fff88-549d-46bb-96b1-e4b3521221b7
2026-05-05 23:15:19 | INFO | [FIRESTORE] 📋 Getting user conversations | user=457510e7-c915-47f1-a1db-534b41c52ee9 | tenant=a1b2c3d4-0001-0000-0000-000000000001
2026-05-05 23:15:27 | INFO | [FIRESTORE] ✅ Found 0 conversations for user 457510e7-c915-47f1-a1db-534b41c52ee9
2026-05-05 23:15:59 | INFO | ✅ FirestoreConversationService initialisé
2026-05-05 23:16:25 | INFO | [FIRESTORE] 🧹 Cleaning old anonymous conversations > 1h
2026-05-05 23:16:27 | INFO | [FIRESTORE] ✅ Cleanup complete: 0 messages, 0 sessions
2026-05-05 23:16:40 | INFO | [FIRESTORE] 📖 Getting history | session=457510e7-c915-47f1-a1db-534b41c52ee9__a1b2c3d4-0001-0000-0000-000000000001__1778019319200 | tenant=a1b2c3d4-0001-0000-0000-000000000001
2026-05-05 23:16:40 | INFO | [FIRESTORE] ✅ Retrieved 0 messages
2026-05-05 23:16:40 | INFO | [FIRESTORE] 📋 Getting user conversations | user=431fff88-549d-46bb-96b1-e4b3521221b7 | tenant=a1b2c3d4-0001-0000-0000-000000000001
2026-05-05 23:16:50 | INFO | [FIRESTORE] ✅ Found 7 conversations for user 431fff88-549d-46bb-96b1-e4b3521221b7
2026-05-05 23:17:08 | INFO | [FIRESTORE] 📖 Getting history | session=431fff88-549d-46bb-96b1-e4b3521221b7__a1b2c3d4-0001-0000-0000-000000000001__1777925635807 | tenant=a1b2c3d4-0001-0000-0000-000000000001
2026-05-05 23:17:08 | INFO | [FIRESTORE] ✅ Retrieved 21 messages
2026-05-05 23:17:19 | INFO | [FIRESTORE] 📖 Getting history | session=431fff88-549d-46bb-96b1-e4b3521221b7__a1b2c3d4-0001-0000-0000-000000000001__1777925635807 | tenant=a1b2c3d4-0001-0000-0000-000000000001
2026-05-05 23:17:19 | INFO | [FIRESTORE] ✅ Retrieved 10 messages
2026-05-05 23:18:19 | INFO | [FIRESTORE] 💾 Saving message | session=431fff88-549d-46bb-96b1-e4b3521221b7__a1b2c3d4-0001-0000-0000-000000000001__1777925635807 | tenant=a1b2c3d4-0001-0000-0000-000000000001 | user=431fff88-549d-46bb-96b1-e4b3521221b7
2026-05-05 23:18:19 | INFO | [FIRESTORE] First message: False
2026-05-05 23:18:19 | INFO | [FIRESTORE] ✅ Message saved | doc_id=yW4PRXRH8wtBnHFUxpfj
2026-05-05 23:18:19 | DEBUG | [FIRESTORE] Updated metadata for 431fff88-549d-46bb-96b1-e4b3521221b7__a1b2c3d4-0001-0000-0000-000000000001__1777925635807
2026-05-05 23:18:42 | INFO | [FIRESTORE] 📖 Getting history | session=431fff88-549d-46bb-96b1-e4b3521221b7__a1b2c3d4-0001-0000-0000-000000000001__1777925635807 | tenant=a1b2c3d4-0001-0000-0000-000000000001
2026-05-05 23:18:42 | INFO | [FIRESTORE] ✅ Retrieved 10 messages
2026-05-05 23:19:11 | INFO | [FIRESTORE] 💾 Saving message | session=431fff88-549d-46bb-96b1-e4b3521221b7__a1b2c3d4-0001-0000-0000-000000000001__1777925635807 | tenant=a1b2c3d4-0001-0000-0000-000000000001 | user=431fff88-549d-46bb-96b1-e4b3521221b7
2026-05-05 23:19:11 | INFO | [FIRESTORE] First message: False
2026-05-05 23:19:12 | INFO | [FIRESTORE] ✅ Message saved | doc_id=4MA4JmL2xmdRWIl0wTu7
2026-05-05 23:19:12 | DEBUG | [FIRESTORE] Updated metadata for 431fff88-549d-46bb-96b1-e4b3521221b7__a1b2c3d4-0001-0000-0000-000000000001__1777925635807
2026-05-05 23:19:42 | INFO | [FIRESTORE] 📋 Getting user conversations | user=431fff88-549d-46bb-96b1-e4b3521221b7 | tenant=a1b2c3d4-0001-0000-0000-000000000001
2026-05-05 23:19:50 | INFO | [FIRESTORE] ✅ Found 7 conversations for user 431fff88-549d-46bb-96b1-e4b3521221b7
2026-05-05 23:20:08 | INFO | [FIRESTORE] 📖 Getting history | session=431fff88-549d-46bb-96b1-e4b3521221b7__a1b2c3d4-0001-0000-0000-000000000001__1777925635807 | tenant=a1b2c3d4-0001-0000-0000-000000000001
2026-05-05 23:20:08 | INFO | [FIRESTORE] ✅ Retrieved 23 messages
2026-05-05 23:21:05 | INFO | ✅ FirestoreConversationService initialisé
2026-05-05 23:21:38 | INFO | [FIRESTORE] 🧹 Cleaning old anonymous conversations > 1h
2026-05-05 23:21:39 | INFO | [FIRESTORE] ✅ Cleanup complete: 0 messages, 0 sessions
2026-05-05 23:21:39 | INFO | [FIRESTORE] 📖 Getting history | session=431fff88-549d-46bb-96b1-e4b3521221b7__a1b2c3d4-0001-0000-0000-000000000001__1777925635807 | tenant=a1b2c3d4-0001-0000-0000-000000000001
2026-05-05 23:21:39 | INFO | [FIRESTORE] ✅ Retrieved 10 messages
2026-05-05 23:22:37 | INFO | [FIRESTORE] 💾 Saving message | session=431fff88-549d-46bb-96b1-e4b3521221b7__a1b2c3d4-0001-0000-0000-000000000001__1777925635807 | tenant=a1b2c3d4-0001-0000-0000-000000000001 | user=431fff88-549d-46bb-96b1-e4b3521221b7
2026-05-05 23:22:37 | INFO | [FIRESTORE] First message: False
2026-05-05 23:22:37 | INFO | [FIRESTORE] ✅ Message saved | doc_id=PPAxXQfI9NS49aeglev2
2026-05-05 23:22:37 | DEBUG | [FIRESTORE] Updated metadata for 431fff88-549d-46bb-96b1-e4b3521221b7__a1b2c3d4-0001-0000-0000-000000000001__1777925635807
2026-05-05 23:22:56 | INFO | [FIRESTORE] 📖 Getting history | session=431fff88-549d-46bb-96b1-e4b3521221b7__a1b2c3d4-0001-0000-0000-000000000001__1777925635807 | tenant=a1b2c3d4-0001-0000-0000-000000000001
2026-05-05 23:22:56 | INFO | [FIRESTORE] ✅ Retrieved 10 messages
2026-05-05 23:23:34 | INFO | [FIRESTORE] 💾 Saving message | session=431fff88-549d-46bb-96b1-e4b3521221b7__a1b2c3d4-0001-0000-0000-000000000001__1777925635807 | tenant=a1b2c3d4-0001-0000-0000-000000000001 | user=431fff88-549d-46bb-96b1-e4b3521221b7
2026-05-05 23:23:34 | INFO | [FIRESTORE] First message: False
2026-05-05 23:23:34 | INFO | [FIRESTORE] ✅ Message saved | doc_id=HAbu7sZvIxG4PYD215RY
2026-05-05 23:23:34 | DEBUG | [FIRESTORE] Updated metadata for 431fff88-549d-46bb-96b1-e4b3521221b7__a1b2c3d4-0001-0000-0000-000000000001__1777925635807
2026-05-05 23:24:51 | INFO | [FIRESTORE] 💾 Saving message | session=431fff88-549d-46bb-96b1-e4b3521221b7__a1b2c3d4-0001-0000-0000-000000000001__1777925635807 | tenant=a1b2c3d4-0001-0000-0000-000000000001 | user=431fff88-549d-46bb-96b1-e4b3521221b7
2026-05-05 23:24:51 | INFO | [FIRESTORE] First message: False
2026-05-05 23:24:51 | INFO | [FIRESTORE] ✅ Message saved | doc_id=cSLvoDJLIvXaZIUjK5L9
2026-05-05 23:24:52 | DEBUG | [FIRESTORE] Updated metadata for 431fff88-549d-46bb-96b1-e4b3521221b7__a1b2c3d4-0001-0000-0000-000000000001__1777925635807
2026-05-05 23:42:54 | INFO | [FIRESTORE] 📖 Getting history | session=431fff88-549d-46bb-96b1-e4b3521221b7__a1b2c3d4-0001-0000-0000-000000000001__1777925635807 | tenant=a1b2c3d4-0001-0000-0000-000000000001
2026-05-05 23:42:55 | INFO | [FIRESTORE] ✅ Retrieved 26 messages
2026-05-05 23:42:55 | INFO | [FIRESTORE] 📋 Getting user conversations | user=431fff88-549d-46bb-96b1-e4b3521221b7 | tenant=a1b2c3d4-0001-0000-0000-000000000001
2026-05-05 23:43:02 | INFO | [FIRESTORE] ✅ Found 7 conversations for user 431fff88-549d-46bb-96b1-e4b3521221b7
2026-05-05 23:43:33 | INFO | [FIRESTORE] 📖 Getting history | session=431fff88-549d-46bb-96b1-e4b3521221b7__a1b2c3d4-0001-0000-0000-000000000001__1777925635807 | tenant=a1b2c3d4-0001-0000-0000-000000000001
2026-05-05 23:43:33 | INFO | [FIRESTORE] ✅ Retrieved 10 messages
2026-05-05 23:44:30 | INFO | [FIRESTORE] 💾 Saving message | session=431fff88-549d-46bb-96b1-e4b3521221b7__a1b2c3d4-0001-0000-0000-000000000001__1777925635807 | tenant=a1b2c3d4-0001-0000-0000-000000000001 | user=431fff88-549d-46bb-96b1-e4b3521221b7
2026-05-05 23:44:30 | INFO | [FIRESTORE] First message: False
2026-05-05 23:44:30 | INFO | [FIRESTORE] ✅ Message saved | doc_id=b4tZTl8D47iXRH2nXApm
2026-05-05 23:44:31 | DEBUG | [FIRESTORE] Updated metadata for 431fff88-549d-46bb-96b1-e4b3521221b7__a1b2c3d4-0001-0000-0000-000000000001__1777925635807
2026-05-05 23:45:20 | INFO | [FIRESTORE] 📋 Getting user conversations | user=431fff88-549d-46bb-96b1-e4b3521221b7 | tenant=a1b2c3d4-0001-0000-0000-000000000001
2026-05-05 23:45:29 | INFO | [FIRESTORE] ✅ Found 7 conversations for user 431fff88-549d-46bb-96b1-e4b3521221b7
2026-05-05 23:45:29 | INFO | [FIRESTORE] 📖 Getting history | session=431fff88-549d-46bb-96b1-e4b3521221b7__a1b2c3d4-0001-0000-0000-000000000001__1777925635807 | tenant=a1b2c3d4-0001-0000-0000-000000000001
2026-05-05 23:45:29 | INFO | [FIRESTORE] ✅ Retrieved 27 messages
2026-05-05 23:45:40 | INFO | [FIRESTORE] 📖 Getting history | session=431fff88-549d-46bb-96b1-e4b3521221b7__a1b2c3d4-0001-0000-0000-000000000001__1777925635807 | tenant=a1b2c3d4-0001-0000-0000-000000000001
2026-05-05 23:45:40 | INFO | [FIRESTORE] ✅ Retrieved 10 messages
2026-05-05 23:46:09 | INFO | [FIRESTORE] 💾 Saving message | session=431fff88-549d-46bb-96b1-e4b3521221b7__a1b2c3d4-0001-0000-0000-000000000001__1777925635807 | tenant=a1b2c3d4-0001-0000-0000-000000000001 | user=431fff88-549d-46bb-96b1-e4b3521221b7
2026-05-05 23:46:09 | INFO | [FIRESTORE] First message: False
2026-05-05 23:46:09 | INFO | [FIRESTORE] ✅ Message saved | doc_id=H3cnBcaxVNYElMEFfE6X
2026-05-05 23:46:09 | DEBUG | [FIRESTORE] Updated metadata for 431fff88-549d-46bb-96b1-e4b3521221b7__a1b2c3d4-0001-0000-0000-000000000001__1777925635807
2026-05-05 23:46:36 | INFO | [FIRESTORE] 📋 Getting user conversations | user=431fff88-549d-46bb-96b1-e4b3521221b7 | tenant=a1b2c3d4-0001-0000-0000-000000000001
2026-05-05 23:46:44 | INFO | [FIRESTORE] ✅ Found 7 conversations for user 431fff88-549d-46bb-96b1-e4b3521221b7
2026-05-05 23:46:44 | INFO | [FIRESTORE] 📖 Getting history | session=431fff88-549d-46bb-96b1-e4b3521221b7__a1b2c3d4-0001-0000-0000-000000000001__1777925635807 | tenant=a1b2c3d4-0001-0000-0000-000000000001
2026-05-05 23:46:44 | INFO | [FIRESTORE] ✅ Retrieved 28 messages
2026-05-05 23:46:58 | INFO | [FIRESTORE] 📖 Getting history | session=431fff88-549d-46bb-96b1-e4b3521221b7__a1b2c3d4-0001-0000-0000-000000000001__1777925635807 | tenant=a1b2c3d4-0001-0000-0000-000000000001
2026-05-05 23:46:58 | INFO | [FIRESTORE] ✅ Retrieved 10 messages
2026-05-05 23:47:23 | INFO | [FIRESTORE] 💾 Saving message | session=431fff88-549d-46bb-96b1-e4b3521221b7__a1b2c3d4-0001-0000-0000-000000000001__1777925635807 | tenant=a1b2c3d4-0001-0000-0000-000000000001 | user=431fff88-549d-46bb-96b1-e4b3521221b7
2026-05-05 23:47:23 | INFO | [FIRESTORE] First message: False
2026-05-05 23:47:23 | INFO | [FIRESTORE] ✅ Message saved | doc_id=BmTJhjGAf71A5mrPQKO9
2026-05-05 23:47:23 | DEBUG | [FIRESTORE] Updated metadata for 431fff88-549d-46bb-96b1-e4b3521221b7__a1b2c3d4-0001-0000-0000-000000000001__1777925635807
2026-05-05 23:47:32 | INFO | [FIRESTORE] 📖 Getting history | session=431fff88-549d-46bb-96b1-e4b3521221b7__a1b2c3d4-0001-0000-0000-000000000001__1777925635807 | tenant=a1b2c3d4-0001-0000-0000-000000000001
2026-05-05 23:47:32 | INFO | [FIRESTORE] ✅ Retrieved 10 messages
2026-05-05 23:48:08 | INFO | [FIRESTORE] 💾 Saving message | session=431fff88-549d-46bb-96b1-e4b3521221b7__a1b2c3d4-0001-0000-0000-000000000001__1777925635807 | tenant=a1b2c3d4-0001-0000-0000-000000000001 | user=431fff88-549d-46bb-96b1-e4b3521221b7
2026-05-05 23:48:08 | INFO | [FIRESTORE] First message: False
2026-05-05 23:48:08 | INFO | [FIRESTORE] ✅ Message saved | doc_id=w34yBlHwAAkMiTTJV1GP
2026-05-05 23:48:08 | DEBUG | [FIRESTORE] Updated metadata for 431fff88-549d-46bb-96b1-e4b3521221b7__a1b2c3d4-0001-0000-0000-000000000001__1777925635807
2026-05-05 23:48:21 | INFO | [FIRESTORE] 📋 Getting user conversations | user=431fff88-549d-46bb-96b1-e4b3521221b7 | tenant=a1b2c3d4-0001-0000-0000-000000000001
2026-05-05 23:48:28 | INFO | [FIRESTORE] ✅ Found 7 conversations for user 431fff88-549d-46bb-96b1-e4b3521221b7
2026-05-05 23:48:28 | INFO | [FIRESTORE] 📖 Getting history | session=431fff88-549d-46bb-96b1-e4b3521221b7__a1b2c3d4-0001-0000-0000-000000000001__1777925635807 | tenant=a1b2c3d4-0001-0000-0000-000000000001
2026-05-05 23:48:29 | INFO | [FIRESTORE] ✅ Retrieved 30 messages
2026-05-05 23:48:44 | INFO | [FIRESTORE] 📖 Getting history | session=431fff88-549d-46bb-96b1-e4b3521221b7__a1b2c3d4-0001-0000-0000-000000000001__1777925635807 | tenant=a1b2c3d4-0001-0000-0000-000000000001
2026-05-05 23:48:44 | INFO | [FIRESTORE] ✅ Retrieved 10 messages
2026-05-05 23:49:12 | INFO | [FIRESTORE] 💾 Saving message | session=431fff88-549d-46bb-96b1-e4b3521221b7__a1b2c3d4-0001-0000-0000-000000000001__1777925635807 | tenant=a1b2c3d4-0001-0000-0000-000000000001 | user=431fff88-549d-46bb-96b1-e4b3521221b7
2026-05-05 23:49:12 | INFO | [FIRESTORE] First message: False
2026-05-05 23:49:12 | INFO | [FIRESTORE] ✅ Message saved | doc_id=GeJldeZRnunUpOmtIIWY
2026-05-05 23:49:12 | DEBUG | [FIRESTORE] Updated metadata for 431fff88-549d-46bb-96b1-e4b3521221b7__a1b2c3d4-0001-0000-0000-000000000001__1777925635807
2026-05-05 23:49:28 | INFO | [FIRESTORE] 📖 Getting history | session=431fff88-549d-46bb-96b1-e4b3521221b7__a1b2c3d4-0001-0000-0000-000000000001__1777925635807 | tenant=a1b2c3d4-0001-0000-0000-000000000001
2026-05-05 23:49:28 | INFO | [FIRESTORE] ✅ Retrieved 31 messages
2026-05-05 23:49:28 | INFO | [FIRESTORE] 📋 Getting user conversations | user=431fff88-549d-46bb-96b1-e4b3521221b7 | tenant=a1b2c3d4-0001-0000-0000-000000000001
2026-05-05 23:49:36 | INFO | [FIRESTORE] ✅ Found 7 conversations for user 431fff88-549d-46bb-96b1-e4b3521221b7
2026-05-05 23:49:40 | INFO | [FIRESTORE] 📖 Getting history | session=431fff88-549d-46bb-96b1-e4b3521221b7__a1b2c3d4-0001-0000-0000-000000000001__1777925635807 | tenant=a1b2c3d4-0001-0000-0000-000000000001
2026-05-05 23:49:40 | INFO | [FIRESTORE] ✅ Retrieved 10 messages
2026-05-05 23:50:06 | INFO | [FIRESTORE] 💾 Saving message | session=431fff88-549d-46bb-96b1-e4b3521221b7__a1b2c3d4-0001-0000-0000-000000000001__1777925635807 | tenant=a1b2c3d4-0001-0000-0000-000000000001 | user=431fff88-549d-46bb-96b1-e4b3521221b7
2026-05-05 23:50:06 | INFO | [FIRESTORE] First message: False
2026-05-05 23:50:06 | INFO | [FIRESTORE] ✅ Message saved | doc_id=BsHlXLup9EyjWn6zWHo5
2026-05-05 23:50:06 | DEBUG | [FIRESTORE] Updated metadata for 431fff88-549d-46bb-96b1-e4b3521221b7__a1b2c3d4-0001-0000-0000-000000000001__1777925635807
2026-05-05 23:50:11 | INFO | [FIRESTORE] 📖 Getting history | session=431fff88-549d-46bb-96b1-e4b3521221b7__a1b2c3d4-0001-0000-0000-000000000001__1777925635807 | tenant=a1b2c3d4-0001-0000-0000-000000000001
2026-05-05 23:50:15 | INFO | [FIRESTORE] ✅ Retrieved 10 messages
2026-05-05 23:50:35 | INFO | [FIRESTORE] 💾 Saving message | session=431fff88-549d-46bb-96b1-e4b3521221b7__a1b2c3d4-0001-0000-0000-000000000001__1777925635807 | tenant=a1b2c3d4-0001-0000-0000-000000000001 | user=431fff88-549d-46bb-96b1-e4b3521221b7
2026-05-05 23:50:35 | INFO | [FIRESTORE] First message: False
2026-05-05 23:50:35 | INFO | [FIRESTORE] ✅ Message saved | doc_id=rAP85iaoJuCwK225acuU
2026-05-05 23:50:35 | DEBUG | [FIRESTORE] Updated metadata for 431fff88-549d-46bb-96b1-e4b3521221b7__a1b2c3d4-0001-0000-0000-000000000001__1777925635807
2026-05-05 23:51:30 | INFO | [FIRESTORE] 🧹 Cleaning old anonymous conversations > 1h
2026-05-05 23:51:31 | INFO | [FIRESTORE] ✅ Cleanup complete: 0 messages, 0 sessions
2026-05-05 23:53:45 | INFO | [FIRESTORE] 📋 Getting user conversations | user=431fff88-549d-46bb-96b1-e4b3521221b7 | tenant=a1b2c3d4-0001-0000-0000-000000000001
2026-05-05 23:53:53 | INFO | [FIRESTORE] ✅ Found 7 conversations for user 431fff88-549d-46bb-96b1-e4b3521221b7
2026-05-05 23:53:53 | INFO | [FIRESTORE] 📖 Getting history | session=431fff88-549d-46bb-96b1-e4b3521221b7__a1b2c3d4-0001-0000-0000-000000000001__1777925635807 | tenant=a1b2c3d4-0001-0000-0000-000000000001
2026-05-05 23:53:53 | INFO | [FIRESTORE] ✅ Retrieved 33 messages
2026-05-05 23:54:07 | INFO | [FIRESTORE] 📖 Getting history | session=431fff88-549d-46bb-96b1-e4b3521221b7__a1b2c3d4-0001-0000-0000-000000000001__1777925635807 | tenant=a1b2c3d4-0001-0000-0000-000000000001
2026-05-05 23:54:07 | INFO | [FIRESTORE] ✅ Retrieved 10 messages
2026-05-05 23:55:01 | INFO | [FIRESTORE] 💾 Saving message | session=431fff88-549d-46bb-96b1-e4b3521221b7__a1b2c3d4-0001-0000-0000-000000000001__1777925635807 | tenant=a1b2c3d4-0001-0000-0000-000000000001 | user=431fff88-549d-46bb-96b1-e4b3521221b7
2026-05-05 23:55:01 | INFO | [FIRESTORE] First message: False
2026-05-05 23:55:01 | INFO | [FIRESTORE] ✅ Message saved | doc_id=k3jBSZ3GeDX3qvZA3Ihg
2026-05-05 23:55:01 | DEBUG | [FIRESTORE] Updated metadata for 431fff88-549d-46bb-96b1-e4b3521221b7__a1b2c3d4-0001-0000-0000-000000000001__1777925635807
2026-05-05 23:59:48 | INFO | [FIRESTORE] 📖 Getting history | session=431fff88-549d-46bb-96b1-e4b3521221b7__a1b2c3d4-0001-0000-0000-000000000001__1777925635807 | tenant=a1b2c3d4-0001-0000-0000-000000000001
2026-05-05 23:59:49 | INFO | [FIRESTORE] ✅ Retrieved 34 messages
2026-05-05 23:59:49 | INFO | [FIRESTORE] 📋 Getting user conversations | user=431fff88-549d-46bb-96b1-e4b3521221b7 | tenant=a1b2c3d4-0001-0000-0000-000000000001
2026-05-05 23:59:57 | INFO | [FIRESTORE] ✅ Found 7 conversations for user 431fff88-549d-46bb-96b1-e4b3521221b7
2026-05-06 00:00:11 | INFO | [FIRESTORE] 📖 Getting history | session=431fff88-549d-46bb-96b1-e4b3521221b7__a1b2c3d4-0001-0000-0000-000000000001__1777925635807 | tenant=a1b2c3d4-0001-0000-0000-000000000001
2026-05-06 00:00:12 | INFO | [FIRESTORE] ✅ Retrieved 10 messages
2026-05-06 00:01:15 | INFO | [FIRESTORE] 💾 Saving message | session=431fff88-549d-46bb-96b1-e4b3521221b7__a1b2c3d4-0001-0000-0000-000000000001__1777925635807 | tenant=a1b2c3d4-0001-0000-0000-000000000001 | user=431fff88-549d-46bb-96b1-e4b3521221b7
2026-05-06 00:01:15 | INFO | [FIRESTORE] First message: False
2026-05-06 00:01:16 | INFO | [FIRESTORE] ✅ Message saved | doc_id=giNqIvUGC7nMCOBSV39g
2026-05-06 00:01:16 | DEBUG | [FIRESTORE] Updated metadata for 431fff88-549d-46bb-96b1-e4b3521221b7__a1b2c3d4-0001-0000-0000-000000000001__1777925635807
2026-05-06 00:21:30 | INFO | [FIRESTORE] 🧹 Cleaning old anonymous conversations > 1h
2026-05-06 00:21:32 | INFO | [FIRESTORE] ✅ Cleanup complete: 0 messages, 0 sessions
2026-05-06 00:21:53 | INFO | ✅ FirestoreConversationService initialisé
2026-05-06 00:22:19 | INFO | [FIRESTORE] 🧹 Cleaning old anonymous conversations > 1h
2026-05-06 00:22:21 | INFO | [FIRESTORE] ✅ Cleanup complete: 0 messages, 0 sessions
2026-05-06 00:52:14 | INFO | [FIRESTORE] 🧹 Cleaning old anonymous conversations > 1h
2026-05-06 00:52:15 | INFO | [FIRESTORE] ✅ Cleanup complete: 0 messages, 0 sessions
2026-05-06 01:13:12 | INFO | ✅ FirestoreConversationService initialisé
2026-05-06 01:13:32 | INFO | ✅ FirestoreConversationService initialisé
2026-05-06 01:13:55 | INFO | [FIRESTORE] 🧹 Cleaning old anonymous conversations > 1h
2026-05-06 01:13:56 | INFO | [FIRESTORE] ✅ Cleanup complete: 0 messages, 0 sessions
2026-05-06 01:16:11 | INFO | [FIRESTORE] 📋 Getting user conversations | user=431fff88-549d-46bb-96b1-e4b3521221b7 | tenant=a1b2c3d4-0001-0000-0000-000000000001
2026-05-06 01:16:16 | INFO | [FIRESTORE] ✅ Found 7 conversations for user 431fff88-549d-46bb-96b1-e4b3521221b7
2026-05-06 01:16:16 | INFO | [FIRESTORE] 📖 Getting history | session=431fff88-549d-46bb-96b1-e4b3521221b7__a1b2c3d4-0001-0000-0000-000000000001__1777925635807 | tenant=a1b2c3d4-0001-0000-0000-000000000001
2026-05-06 01:16:16 | INFO | [FIRESTORE] ✅ Retrieved 35 messages
2026-05-06 01:16:30 | INFO | [FIRESTORE] 📖 Getting history | session=431fff88-549d-46bb-96b1-e4b3521221b7__a1b2c3d4-0001-0000-0000-000000000001__1777925635807 | tenant=a1b2c3d4-0001-0000-0000-000000000001
2026-05-06 01:16:30 | INFO | [FIRESTORE] ✅ Retrieved 10 messages
2026-05-06 01:17:59 | INFO | [FIRESTORE] 💾 Saving message | session=431fff88-549d-46bb-96b1-e4b3521221b7__a1b2c3d4-0001-0000-0000-000000000001__1777925635807 | tenant=a1b2c3d4-0001-0000-0000-000000000001 | user=431fff88-549d-46bb-96b1-e4b3521221b7
2026-05-06 01:17:59 | INFO | [FIRESTORE] First message: False
2026-05-06 01:18:00 | INFO | [FIRESTORE] ✅ Message saved | doc_id=Uo5CRM6yab5Kjs14Pvs5
2026-05-06 01:18:00 | DEBUG | [FIRESTORE] Updated metadata for 431fff88-549d-46bb-96b1-e4b3521221b7__a1b2c3d4-0001-0000-0000-000000000001__1777925635807
2026-05-06 01:43:48 | INFO | ✅ FirestoreConversationService initialisé
2026-05-06 01:44:20 | INFO | [FIRESTORE] 🧹 Cleaning old anonymous conversations > 1h
2026-05-06 01:44:21 | INFO | [FIRESTORE] ✅ Cleanup complete: 0 messages, 0 sessions
2026-05-06 02:14:15 | INFO | [FIRESTORE] 🧹 Cleaning old anonymous conversations > 1h
2026-05-06 02:14:34 | INFO | [FIRESTORE] ✅ Cleanup complete: 0 messages, 0 sessions
2026-05-06 16:45:31 | INFO | ✅ FirestoreConversationService initialisé
2026-05-06 16:45:53 | INFO | [FIRESTORE] 🧹 Cleaning old anonymous conversations > 1h
2026-05-06 16:45:55 | INFO | [FIRESTORE] ✅ Cleanup complete: 0 messages, 0 sessions
2026-05-06 17:15:48 | INFO | [FIRESTORE] 🧹 Cleaning old anonymous conversations > 1h
2026-05-06 17:15:49 | INFO | [FIRESTORE] ✅ Cleanup complete: 0 messages, 0 sessions
2026-05-06 17:41:59 | INFO | [FIRESTORE] 📋 Getting user conversations | user=431fff88-549d-46bb-96b1-e4b3521221b7 | tenant=a1b2c3d4-0001-0000-0000-000000000001
2026-05-06 17:42:07 | INFO | [FIRESTORE] ✅ Found 7 conversations for user 431fff88-549d-46bb-96b1-e4b3521221b7
2026-05-06 17:42:07 | INFO | [FIRESTORE] 📖 Getting history | session=431fff88-549d-46bb-96b1-e4b3521221b7__a1b2c3d4-0001-0000-0000-000000000001__1778085718613 | tenant=a1b2c3d4-0001-0000-0000-000000000001
2026-05-06 17:42:07 | INFO | [FIRESTORE] ✅ Retrieved 0 messages
2026-05-06 17:42:18 | INFO | [FIRESTORE] 📖 Getting history | session=431fff88-549d-46bb-96b1-e4b3521221b7__a1b2c3d4-0001-0000-0000-000000000001__1777925635807 | tenant=a1b2c3d4-0001-0000-0000-000000000001
2026-05-06 17:42:19 | INFO | [FIRESTORE] ✅ Retrieved 36 messages
2026-05-06 17:42:35 | INFO | [FIRESTORE] 📖 Getting history | session=431fff88-549d-46bb-96b1-e4b3521221b7__a1b2c3d4-0001-0000-0000-000000000001__1777925635807 | tenant=a1b2c3d4-0001-0000-0000-000000000001
2026-05-06 17:42:35 | INFO | [FIRESTORE] ✅ Retrieved 10 messages
2026-05-06 17:44:35 | INFO | [FIRESTORE] 💾 Saving message | session=431fff88-549d-46bb-96b1-e4b3521221b7__a1b2c3d4-0001-0000-0000-000000000001__1777925635807 | tenant=a1b2c3d4-0001-0000-0000-000000000001 | user=431fff88-549d-46bb-96b1-e4b3521221b7
2026-05-06 17:44:35 | INFO | [FIRESTORE] First message: False
2026-05-06 17:44:36 | INFO | [FIRESTORE] ✅ Message saved | doc_id=4E2QL3VLjUgRlwwBFyKY
2026-05-06 17:44:36 | DEBUG | [FIRESTORE] Updated metadata for 431fff88-549d-46bb-96b1-e4b3521221b7__a1b2c3d4-0001-0000-0000-000000000001__1777925635807
2026-05-06 17:45:48 | INFO | [FIRESTORE] 🧹 Cleaning old anonymous conversations > 1h
2026-05-06 17:45:49 | INFO | [FIRESTORE] ✅ Cleanup complete: 0 messages, 0 sessions
2026-05-06 17:58:33 | INFO | [FIRESTORE] 📋 Getting user conversations | user=431fff88-549d-46bb-96b1-e4b3521221b7 | tenant=a1b2c3d4-0001-0000-0000-000000000001
2026-05-06 17:58:39 | INFO | [FIRESTORE] ✅ Found 7 conversations for user 431fff88-549d-46bb-96b1-e4b3521221b7
2026-05-06 17:58:39 | INFO | [FIRESTORE] 📖 Getting history | session=431fff88-549d-46bb-96b1-e4b3521221b7__a1b2c3d4-0001-0000-0000-000000000001__1777925635807 | tenant=a1b2c3d4-0001-0000-0000-000000000001
2026-05-06 17:58:40 | INFO | [FIRESTORE] ✅ Retrieved 37 messages
2026-05-06 17:58:51 | INFO | [FIRESTORE] 📖 Getting history | session=431fff88-549d-46bb-96b1-e4b3521221b7__a1b2c3d4-0001-0000-0000-000000000001__1777925635807 | tenant=a1b2c3d4-0001-0000-0000-000000000001
2026-05-06 17:58:51 | INFO | [FIRESTORE] ✅ Retrieved 10 messages
2026-05-06 17:59:34 | INFO | [FIRESTORE] 💾 Saving message | session=431fff88-549d-46bb-96b1-e4b3521221b7__a1b2c3d4-0001-0000-0000-000000000001__1777925635807 | tenant=a1b2c3d4-0001-0000-0000-000000000001 | user=431fff88-549d-46bb-96b1-e4b3521221b7
2026-05-06 17:59:34 | INFO | [FIRESTORE] First message: False
2026-05-06 17:59:34 | INFO | [FIRESTORE] ✅ Message saved | doc_id=ff9hMCvVbocltKm2VYMQ
2026-05-06 17:59:34 | DEBUG | [FIRESTORE] Updated metadata for 431fff88-549d-46bb-96b1-e4b3521221b7__a1b2c3d4-0001-0000-0000-000000000001__1777925635807
2026-05-06 18:00:01 | INFO | [FIRESTORE] 📖 Getting history | session=431fff88-549d-46bb-96b1-e4b3521221b7__a1b2c3d4-0001-0000-0000-000000000001__1777925635807 | tenant=a1b2c3d4-0001-0000-0000-000000000001
2026-05-06 18:00:01 | INFO | [FIRESTORE] ✅ Retrieved 38 messages
2026-05-06 18:00:01 | INFO | [FIRESTORE] 📋 Getting user conversations | user=431fff88-549d-46bb-96b1-e4b3521221b7 | tenant=a1b2c3d4-0001-0000-0000-000000000001
2026-05-06 18:00:07 | INFO | [FIRESTORE] ✅ Found 7 conversations for user 431fff88-549d-46bb-96b1-e4b3521221b7
2026-05-06 18:00:12 | INFO | [FIRESTORE] 📖 Getting history | session=431fff88-549d-46bb-96b1-e4b3521221b7__a1b2c3d4-0001-0000-0000-000000000001__1777925635807 | tenant=a1b2c3d4-0001-0000-0000-000000000001
2026-05-06 18:00:12 | INFO | [FIRESTORE] ✅ Retrieved 10 messages
2026-05-06 18:00:40 | INFO | [FIRESTORE] 💾 Saving message | session=431fff88-549d-46bb-96b1-e4b3521221b7__a1b2c3d4-0001-0000-0000-000000000001__1777925635807 | tenant=a1b2c3d4-0001-0000-0000-000000000001 | user=431fff88-549d-46bb-96b1-e4b3521221b7
2026-05-06 18:00:40 | INFO | [FIRESTORE] First message: False
2026-05-06 18:00:40 | INFO | [FIRESTORE] ✅ Message saved | doc_id=59O8gcxexCvL65YFhNIF
2026-05-06 18:00:40 | DEBUG | [FIRESTORE] Updated metadata for 431fff88-549d-46bb-96b1-e4b3521221b7__a1b2c3d4-0001-0000-0000-000000000001__1777925635807
2026-05-06 18:00:48 | INFO | [FIRESTORE] 📖 Getting history | session=431fff88-549d-46bb-96b1-e4b3521221b7__a1b2c3d4-0001-0000-0000-000000000001__1777925635807 | tenant=a1b2c3d4-0001-0000-0000-000000000001
2026-05-06 18:00:48 | INFO | [FIRESTORE] ✅ Retrieved 10 messages
2026-05-06 18:01:10 | INFO | [FIRESTORE] 💾 Saving message | session=431fff88-549d-46bb-96b1-e4b3521221b7__a1b2c3d4-0001-0000-0000-000000000001__1777925635807 | tenant=a1b2c3d4-0001-0000-0000-000000000001 | user=431fff88-549d-46bb-96b1-e4b3521221b7
2026-05-06 18:01:10 | INFO | [FIRESTORE] First message: False
2026-05-06 18:01:10 | INFO | [FIRESTORE] ✅ Message saved | doc_id=rJR5uNrPOrg1NXaZA5TZ
2026-05-06 18:01:10 | DEBUG | [FIRESTORE] Updated metadata for 431fff88-549d-46bb-96b1-e4b3521221b7__a1b2c3d4-0001-0000-0000-000000000001__1777925635807
2026-05-06 18:07:52 | INFO | ✅ FirestoreConversationService initialisé
2026-05-06 18:08:12 | INFO | [FIRESTORE] 📋 Getting user conversations | user=431fff88-549d-46bb-96b1-e4b3521221b7 | tenant=a1b2c3d4-0001-0000-0000-000000000001
2026-05-06 18:08:21 | INFO | [FIRESTORE] ✅ Found 7 conversations for user 431fff88-549d-46bb-96b1-e4b3521221b7
2026-05-06 18:08:21 | INFO | [FIRESTORE] 🧹 Cleaning old anonymous conversations > 1h
2026-05-06 18:08:21 | INFO | [FIRESTORE] ✅ Cleanup complete: 0 messages, 0 sessions
2026-05-06 18:08:21 | INFO | [FIRESTORE] 📖 Getting history | session=431fff88-549d-46bb-96b1-e4b3521221b7__a1b2c3d4-0001-0000-0000-000000000001__1777925635807 | tenant=a1b2c3d4-0001-0000-0000-000000000001
2026-05-06 18:08:21 | INFO | [FIRESTORE] ✅ Retrieved 40 messages
2026-05-06 18:08:35 | INFO | [FIRESTORE] 📖 Getting history | session=431fff88-549d-46bb-96b1-e4b3521221b7__a1b2c3d4-0001-0000-0000-000000000001__1777925635807 | tenant=a1b2c3d4-0001-0000-0000-000000000001
2026-05-06 18:08:35 | INFO | [FIRESTORE] ✅ Retrieved 10 messages
2026-05-06 18:10:14 | INFO | [FIRESTORE] 💾 Saving message | session=431fff88-549d-46bb-96b1-e4b3521221b7__a1b2c3d4-0001-0000-0000-000000000001__1777925635807 | tenant=a1b2c3d4-0001-0000-0000-000000000001 | user=431fff88-549d-46bb-96b1-e4b3521221b7
2026-05-06 18:10:14 | INFO | [FIRESTORE] First message: False
2026-05-06 18:10:15 | INFO | [FIRESTORE] ✅ Message saved | doc_id=f7KPYm6PsfiNoiB9khFo
2026-05-06 18:10:15 | DEBUG | [FIRESTORE] Updated metadata for 431fff88-549d-46bb-96b1-e4b3521221b7__a1b2c3d4-0001-0000-0000-000000000001__1777925635807
2026-05-06 18:10:46 | INFO | [FIRESTORE] 📖 Getting history | session=431fff88-549d-46bb-96b1-e4b3521221b7__a1b2c3d4-0001-0000-0000-000000000001__1777925635807 | tenant=a1b2c3d4-0001-0000-0000-000000000001
2026-05-06 18:10:46 | INFO | [FIRESTORE] ✅ Retrieved 41 messages
2026-05-06 18:10:46 | INFO | [FIRESTORE] 📋 Getting user conversations | user=431fff88-549d-46bb-96b1-e4b3521221b7 | tenant=a1b2c3d4-0001-0000-0000-000000000001
2026-05-06 18:10:54 | INFO | [FIRESTORE] ✅ Found 7 conversations for user 431fff88-549d-46bb-96b1-e4b3521221b7
2026-05-06 18:10:59 | INFO | [FIRESTORE] 📖 Getting history | session=431fff88-549d-46bb-96b1-e4b3521221b7__a1b2c3d4-0001-0000-0000-000000000001__1777925635807 | tenant=a1b2c3d4-0001-0000-0000-000000000001
2026-05-06 18:10:59 | INFO | [FIRESTORE] ✅ Retrieved 10 messages
2026-05-06 18:11:29 | INFO | [FIRESTORE] 💾 Saving message | session=431fff88-549d-46bb-96b1-e4b3521221b7__a1b2c3d4-0001-0000-0000-000000000001__1777925635807 | tenant=a1b2c3d4-0001-0000-0000-000000000001 | user=431fff88-549d-46bb-96b1-e4b3521221b7
2026-05-06 18:11:30 | INFO | [FIRESTORE] First message: False
2026-05-06 18:11:30 | INFO | [FIRESTORE] ✅ Message saved | doc_id=WgC92cShQfU3wnejE1qV
2026-05-06 18:11:30 | DEBUG | [FIRESTORE] Updated metadata for 431fff88-549d-46bb-96b1-e4b3521221b7__a1b2c3d4-0001-0000-0000-000000000001__1777925635807
2026-05-06 18:11:38 | INFO | [FIRESTORE] 📖 Getting history | session=431fff88-549d-46bb-96b1-e4b3521221b7__a1b2c3d4-0001-0000-0000-000000000001__1777925635807 | tenant=a1b2c3d4-0001-0000-0000-000000000001
2026-05-06 18:11:38 | INFO | [FIRESTORE] ✅ Retrieved 10 messages
2026-05-06 18:12:02 | INFO | [FIRESTORE] 💾 Saving message | session=431fff88-549d-46bb-96b1-e4b3521221b7__a1b2c3d4-0001-0000-0000-000000000001__1777925635807 | tenant=a1b2c3d4-0001-0000-0000-000000000001 | user=431fff88-549d-46bb-96b1-e4b3521221b7
2026-05-06 18:12:02 | INFO | [FIRESTORE] First message: False
2026-05-06 18:12:02 | INFO | [FIRESTORE] ✅ Message saved | doc_id=909VGxJ8qJD1EMLoYlTF
2026-05-06 18:12:02 | DEBUG | [FIRESTORE] Updated metadata for 431fff88-549d-46bb-96b1-e4b3521221b7__a1b2c3d4-0001-0000-0000-000000000001__1777925635807
2026-05-06 18:34:17 | INFO | ✅ FirestoreConversationService initialisé
2026-05-06 18:34:32 | INFO | [FIRESTORE] 📖 Getting history | session=431fff88-549d-46bb-96b1-e4b3521221b7__a1b2c3d4-0001-0000-0000-000000000001__1777925635807 | tenant=a1b2c3d4-0001-0000-0000-000000000001
2026-05-06 18:34:33 | INFO | [FIRESTORE] ✅ Retrieved 43 messages
2026-05-06 18:34:33 | INFO | [FIRESTORE] 📋 Getting user conversations | user=431fff88-549d-46bb-96b1-e4b3521221b7 | tenant=a1b2c3d4-0001-0000-0000-000000000001
2026-05-06 18:34:40 | INFO | [FIRESTORE] ✅ Found 7 conversations for user 431fff88-549d-46bb-96b1-e4b3521221b7
2026-05-06 18:34:40 | INFO | [FIRESTORE] 🧹 Cleaning old anonymous conversations > 1h
2026-05-06 18:34:40 | INFO | [FIRESTORE] ✅ Cleanup complete: 0 messages, 0 sessions
2026-05-06 18:34:50 | INFO | [FIRESTORE] 📖 Getting history | session=431fff88-549d-46bb-96b1-e4b3521221b7__a1b2c3d4-0001-0000-0000-000000000001__1777925635807 | tenant=a1b2c3d4-0001-0000-0000-000000000001
2026-05-06 18:34:50 | INFO | [FIRESTORE] ✅ Retrieved 10 messages
2026-05-06 18:36:36 | INFO | [FIRESTORE] 💾 Saving message | session=431fff88-549d-46bb-96b1-e4b3521221b7__a1b2c3d4-0001-0000-0000-000000000001__1777925635807 | tenant=a1b2c3d4-0001-0000-0000-000000000001 | user=431fff88-549d-46bb-96b1-e4b3521221b7
2026-05-06 18:36:36 | INFO | [FIRESTORE] First message: False
2026-05-06 18:36:36 | INFO | [FIRESTORE] ✅ Message saved | doc_id=EDHEXfhAC7Ojsx6pR7XS
2026-05-06 18:36:36 | DEBUG | [FIRESTORE] Updated metadata for 431fff88-549d-46bb-96b1-e4b3521221b7__a1b2c3d4-0001-0000-0000-000000000001__1777925635807
2026-05-06 18:38:02 | INFO | [FIRESTORE] 💾 Saving message | session=431fff88-549d-46bb-96b1-e4b3521221b7__a1b2c3d4-0001-0000-0000-000000000001__1777925635807 | tenant=a1b2c3d4-0001-0000-0000-000000000001 | user=431fff88-549d-46bb-96b1-e4b3521221b7
2026-05-06 18:38:02 | INFO | [FIRESTORE] First message: False
2026-05-06 18:38:02 | INFO | [FIRESTORE] ✅ Message saved | doc_id=9WbRgGqBdFsjuRAFsVoK
2026-05-06 18:38:02 | DEBUG | [FIRESTORE] Updated metadata for 431fff88-549d-46bb-96b1-e4b3521221b7__a1b2c3d4-0001-0000-0000-000000000001__1777925635807
2026-05-06 18:40:17 | INFO | [FIRESTORE] 📋 Getting user conversations | user=431fff88-549d-46bb-96b1-e4b3521221b7 | tenant=a1b2c3d4-0001-0000-0000-000000000001
2026-05-06 18:40:23 | INFO | [FIRESTORE] ✅ Found 7 conversations for user 431fff88-549d-46bb-96b1-e4b3521221b7
2026-05-06 18:40:24 | INFO | [FIRESTORE] 📖 Getting history | session=431fff88-549d-46bb-96b1-e4b3521221b7__a1b2c3d4-0001-0000-0000-000000000001__1777925635807 | tenant=a1b2c3d4-0001-0000-0000-000000000001
2026-05-06 18:40:24 | INFO | [FIRESTORE] ✅ Retrieved 45 messages
2026-05-06 18:56:03 | INFO | ✅ FirestoreConversationService initialisé
2026-05-06 18:56:24 | INFO | [FIRESTORE] 🧹 Cleaning old anonymous conversations > 1h
2026-05-06 18:56:26 | INFO | [FIRESTORE] ✅ Cleanup complete: 0 messages, 0 sessions
2026-05-06 19:01:07 | INFO | ✅ FirestoreConversationService initialisé
2026-05-06 19:01:33 | INFO | [FIRESTORE] 🧹 Cleaning old anonymous conversations > 1h
2026-05-06 19:01:34 | INFO | [FIRESTORE] ✅ Cleanup complete: 0 messages, 0 sessions
2026-05-06 19:21:14 | INFO | ✅ FirestoreConversationService initialisé
2026-05-06 19:21:29 | INFO | [FIRESTORE] 🧹 Cleaning old anonymous conversations > 1h
2026-05-06 19:21:31 | INFO | [FIRESTORE] ✅ Cleanup complete: 0 messages, 0 sessions
2026-05-06 19:45:29 | INFO | [FIRESTORE] 📖 Getting history | session=431fff88-549d-46bb-96b1-e4b3521221b7__a1b2c3d4-0001-0000-0000-000000000001__1777925635807 | tenant=a1b2c3d4-0001-0000-0000-000000000001
2026-05-06 19:45:29 | INFO | [FIRESTORE] ✅ Retrieved 45 messages
2026-05-06 19:45:29 | INFO | [FIRESTORE] 📋 Getting user conversations | user=431fff88-549d-46bb-96b1-e4b3521221b7 | tenant=a1b2c3d4-0001-0000-0000-000000000001
2026-05-06 19:45:36 | INFO | [FIRESTORE] ✅ Found 7 conversations for user 431fff88-549d-46bb-96b1-e4b3521221b7
2026-05-06 19:51:24 | INFO | [FIRESTORE] 🧹 Cleaning old anonymous conversations > 1h
2026-05-06 19:51:25 | INFO | [FIRESTORE] ✅ Cleanup complete: 0 messages, 0 sessions
2026-05-06 19:58:56 | INFO | [FIRESTORE] 📋 Getting user conversations | user=431fff88-549d-46bb-96b1-e4b3521221b7 | tenant=a1b2c3d4-0001-0000-0000-000000000001
2026-05-06 19:59:02 | INFO | [FIRESTORE] ✅ Found 7 conversations for user 431fff88-549d-46bb-96b1-e4b3521221b7
2026-05-06 19:59:02 | INFO | [FIRESTORE] 📖 Getting history | session=431fff88-549d-46bb-96b1-e4b3521221b7__a1b2c3d4-0001-0000-0000-000000000001__1777925635807 | tenant=a1b2c3d4-0001-0000-0000-000000000001
2026-05-06 19:59:02 | INFO | [FIRESTORE] ✅ Retrieved 45 messages
2026-05-06 20:03:41 | INFO | [FIRESTORE] 📋 Getting user conversations | user=431fff88-549d-46bb-96b1-e4b3521221b7 | tenant=a1b2c3d4-0001-0000-0000-000000000001
2026-05-06 20:03:48 | INFO | [FIRESTORE] ✅ Found 7 conversations for user 431fff88-549d-46bb-96b1-e4b3521221b7
2026-05-06 20:03:48 | INFO | [FIRESTORE] 📖 Getting history | session=431fff88-549d-46bb-96b1-e4b3521221b7__a1b2c3d4-0001-0000-0000-000000000001__1777925635807 | tenant=a1b2c3d4-0001-0000-0000-000000000001
2026-05-06 20:03:48 | INFO | [FIRESTORE] ✅ Retrieved 45 messages
2026-05-06 20:07:33 | INFO | [FIRESTORE] 📖 Getting history | session=431fff88-549d-46bb-96b1-e4b3521221b7__a1b2c3d4-0001-0000-0000-000000000001__1777925635807 | tenant=a1b2c3d4-0001-0000-0000-000000000001
2026-05-06 20:07:34 | INFO | [FIRESTORE] ✅ Retrieved 45 messages
2026-05-06 20:07:34 | INFO | [FIRESTORE] 📋 Getting user conversations | user=431fff88-549d-46bb-96b1-e4b3521221b7 | tenant=a1b2c3d4-0001-0000-0000-000000000001
2026-05-06 20:07:41 | INFO | [FIRESTORE] ✅ Found 7 conversations for user 431fff88-549d-46bb-96b1-e4b3521221b7
2026-05-06 20:08:48 | INFO | ✅ FirestoreConversationService initialisé
2026-05-06 20:09:10 | INFO | [FIRESTORE] 🧹 Cleaning old anonymous conversations > 1h
2026-05-06 20:09:11 | INFO | [FIRESTORE] ✅ Cleanup complete: 0 messages, 0 sessions
2026-05-06 20:39:05 | INFO | [FIRESTORE] 🧹 Cleaning old anonymous conversations > 1h
2026-05-06 20:39:05 | INFO | [FIRESTORE] ✅ Cleanup complete: 0 messages, 0 sessions
2026-05-06 21:09:05 | INFO | [FIRESTORE] 🧹 Cleaning old anonymous conversations > 1h
2026-05-06 21:09:06 | INFO | [FIRESTORE] ✅ Cleanup complete: 0 messages, 0 sessions
2026-05-06 21:39:05 | INFO | [FIRESTORE] 🧹 Cleaning old anonymous conversations > 1h
2026-05-06 21:39:05 | INFO | [FIRESTORE] ✅ Cleanup complete: 0 messages, 0 sessions
2026-05-06 21:50:33 | INFO | [FIRESTORE] 📋 Getting user conversations | user=431fff88-549d-46bb-96b1-e4b3521221b7 | tenant=a1b2c3d4-0001-0000-0000-000000000001
2026-05-06 21:50:39 | INFO | [FIRESTORE] ✅ Found 7 conversations for user 431fff88-549d-46bb-96b1-e4b3521221b7
2026-05-06 21:50:39 | INFO | [FIRESTORE] 📖 Getting history | session=431fff88-549d-46bb-96b1-e4b3521221b7__a1b2c3d4-0001-0000-0000-000000000001__1777925635807 | tenant=a1b2c3d4-0001-0000-0000-000000000001
2026-05-06 21:50:40 | INFO | [FIRESTORE] ✅ Retrieved 45 messages
2026-05-06 21:54:59 | INFO | [FIRESTORE] 📋 Getting user conversations | user=431fff88-549d-46bb-96b1-e4b3521221b7 | tenant=a1b2c3d4-0001-0000-0000-000000000001
2026-05-06 21:55:05 | INFO | [FIRESTORE] ✅ Found 7 conversations for user 431fff88-549d-46bb-96b1-e4b3521221b7
2026-05-06 21:55:05 | INFO | [FIRESTORE] 📖 Getting history | session=431fff88-549d-46bb-96b1-e4b3521221b7__a1b2c3d4-0001-0000-0000-000000000001__1777925635807 | tenant=a1b2c3d4-0001-0000-0000-000000000001
2026-05-06 21:55:05 | INFO | [FIRESTORE] ✅ Retrieved 45 messages
2026-05-06 21:55:44 | INFO | [FIRESTORE] 📋 Getting user conversations | user=431fff88-549d-46bb-96b1-e4b3521221b7 | tenant=a1b2c3d4-0001-0000-0000-000000000001
2026-05-06 21:55:50 | INFO | [FIRESTORE] ✅ Found 7 conversations for user 431fff88-549d-46bb-96b1-e4b3521221b7
2026-05-06 21:55:50 | INFO | [FIRESTORE] 📖 Getting history | session=431fff88-549d-46bb-96b1-e4b3521221b7__a1b2c3d4-0001-0000-0000-000000000001__1777925635807 | tenant=a1b2c3d4-0001-0000-0000-000000000001
2026-05-06 21:55:50 | INFO | [FIRESTORE] ✅ Retrieved 45 messages
2026-05-06 22:09:05 | INFO | [FIRESTORE] 🧹 Cleaning old anonymous conversations > 1h
2026-05-06 22:09:07 | INFO | [FIRESTORE] ✅ Cleanup complete: 0 messages, 0 sessions
2026-05-06 22:16:34 | INFO | [FIRESTORE] 📋 Getting user conversations | user=431fff88-549d-46bb-96b1-e4b3521221b7 | tenant=a1b2c3d4-0001-0000-0000-000000000001
2026-05-06 22:16:41 | INFO | [FIRESTORE] ✅ Found 7 conversations for user 431fff88-549d-46bb-96b1-e4b3521221b7
2026-05-06 22:16:41 | INFO | [FIRESTORE] 📖 Getting history | session=431fff88-549d-46bb-96b1-e4b3521221b7__a1b2c3d4-0001-0000-0000-000000000001__1777925635807 | tenant=a1b2c3d4-0001-0000-0000-000000000001
2026-05-06 22:16:41 | INFO | [FIRESTORE] ✅ Retrieved 45 messages
2026-05-06 22:39:05 | INFO | [FIRESTORE] 🧹 Cleaning old anonymous conversations > 1h
2026-05-06 22:39:05 | INFO | [FIRESTORE] ✅ Cleanup complete: 0 messages, 0 sessions
2026-05-06 23:09:05 | INFO | [FIRESTORE] 🧹 Cleaning old anonymous conversations > 1h
2026-05-06 23:09:28 | INFO | [FIRESTORE] ✅ Cleanup complete: 0 messages, 0 sessions
2026-05-06 23:09:45 | INFO | [FIRESTORE] 📋 Getting user conversations | user=431fff88-549d-46bb-96b1-e4b3521221b7 | tenant=a1b2c3d4-0001-0000-0000-000000000001
2026-05-06 23:09:51 | INFO | [FIRESTORE] ✅ Found 7 conversations for user 431fff88-549d-46bb-96b1-e4b3521221b7
2026-05-06 23:09:52 | INFO | [FIRESTORE] 📖 Getting history | session=431fff88-549d-46bb-96b1-e4b3521221b7__a1b2c3d4-0001-0000-0000-000000000001__1777925635807 | tenant=a1b2c3d4-0001-0000-0000-000000000001
2026-05-06 23:09:52 | INFO | [FIRESTORE] ✅ Retrieved 45 messages
2026-05-06 23:20:30 | INFO | ✅ FirestoreConversationService initialisé
2026-05-06 23:20:55 | INFO | [FIRESTORE] 🧹 Cleaning old anonymous conversations > 1h
2026-05-06 23:20:57 | INFO | [FIRESTORE] ✅ Cleanup complete: 0 messages, 0 sessions
2026-05-06 23:24:37 | INFO | [FIRESTORE] 📋 Getting user conversations | user=431fff88-549d-46bb-96b1-e4b3521221b7 | tenant=a1b2c3d4-0001-0000-0000-000000000001
2026-05-06 23:24:43 | INFO | [FIRESTORE] ✅ Found 7 conversations for user 431fff88-549d-46bb-96b1-e4b3521221b7
2026-05-06 23:24:43 | INFO | [FIRESTORE] 📖 Getting history | session=431fff88-549d-46bb-96b1-e4b3521221b7__a1b2c3d4-0001-0000-0000-000000000001__1777925635807 | tenant=a1b2c3d4-0001-0000-0000-000000000001
2026-05-06 23:24:43 | INFO | [FIRESTORE] ✅ Retrieved 45 messages
2026-05-06 23:26:38 | INFO | [FIRESTORE] 📋 Getting user conversations | user=431fff88-549d-46bb-96b1-e4b3521221b7 | tenant=a1b2c3d4-0001-0000-0000-000000000001
2026-05-06 23:26:44 | INFO | [FIRESTORE] ✅ Found 7 conversations for user 431fff88-549d-46bb-96b1-e4b3521221b7
2026-05-06 23:26:44 | INFO | [FIRESTORE] 📖 Getting history | session=431fff88-549d-46bb-96b1-e4b3521221b7__a1b2c3d4-0001-0000-0000-000000000001__1777925635807 | tenant=a1b2c3d4-0001-0000-0000-000000000001
2026-05-06 23:26:44 | INFO | [FIRESTORE] ✅ Retrieved 45 messages
2026-05-06 23:27:08 | INFO | [FIRESTORE] 📋 Getting user conversations | user=431fff88-549d-46bb-96b1-e4b3521221b7 | tenant=a1b2c3d4-0001-0000-0000-000000000001
2026-05-06 23:27:14 | INFO | [FIRESTORE] ✅ Found 7 conversations for user 431fff88-549d-46bb-96b1-e4b3521221b7
2026-05-06 23:27:14 | INFO | [FIRESTORE] 📖 Getting history | session=431fff88-549d-46bb-96b1-e4b3521221b7__a1b2c3d4-0001-0000-0000-000000000001__1777925635807 | tenant=a1b2c3d4-0001-0000-0000-000000000001
2026-05-06 23:27:14 | INFO | [FIRESTORE] ✅ Retrieved 45 messages
2026-05-06 23:27:28 | INFO | [FIRESTORE] 📖 Getting history | session=431fff88-549d-46bb-96b1-e4b3521221b7__a1b2c3d4-0001-0000-0000-000000000001__1777925635807 | tenant=a1b2c3d4-0001-0000-0000-000000000001
2026-05-06 23:27:28 | INFO | [FIRESTORE] ✅ Retrieved 10 messages
2026-05-06 23:29:02 | INFO | [FIRESTORE] 💾 Saving message | session=431fff88-549d-46bb-96b1-e4b3521221b7__a1b2c3d4-0001-0000-0000-000000000001__1777925635807 | tenant=a1b2c3d4-0001-0000-0000-000000000001 | user=431fff88-549d-46bb-96b1-e4b3521221b7
2026-05-06 23:29:03 | INFO | [FIRESTORE] First message: False
2026-05-06 23:29:03 | INFO | [FIRESTORE] ✅ Message saved | doc_id=brPoKK6qjoeJc2vu3SgG
2026-05-06 23:29:03 | DEBUG | [FIRESTORE] Updated metadata for 431fff88-549d-46bb-96b1-e4b3521221b7__a1b2c3d4-0001-0000-0000-000000000001__1777925635807
2026-05-06 23:30:54 | INFO | [FIRESTORE] 💾 Saving message | session=431fff88-549d-46bb-96b1-e4b3521221b7__a1b2c3d4-0001-0000-0000-000000000001__1777925635807 | tenant=a1b2c3d4-0001-0000-0000-000000000001 | user=431fff88-549d-46bb-96b1-e4b3521221b7
2026-05-06 23:30:54 | INFO | [FIRESTORE] First message: False
2026-05-06 23:30:54 | INFO | [FIRESTORE] ✅ Message saved | doc_id=xsOkzqYf7tKs7kp7K2dN
2026-05-06 23:30:54 | DEBUG | [FIRESTORE] Updated metadata for 431fff88-549d-46bb-96b1-e4b3521221b7__a1b2c3d4-0001-0000-0000-000000000001__1777925635807
2026-05-06 23:50:50 | INFO | [FIRESTORE] 🧹 Cleaning old anonymous conversations > 1h
2026-05-06 23:50:51 | INFO | [FIRESTORE] ✅ Cleanup complete: 0 messages, 0 sessions
2026-05-07 00:02:47 | INFO | ✅ FirestoreConversationService initialisé
2026-05-07 00:03:02 | INFO | [FIRESTORE] 📖 Getting history | session=431fff88-549d-46bb-96b1-e4b3521221b7__a1b2c3d4-0001-0000-0000-000000000001__1777925635807 | tenant=a1b2c3d4-0001-0000-0000-000000000001
2026-05-07 00:03:03 | INFO | [FIRESTORE] ✅ Retrieved 47 messages
2026-05-07 00:03:04 | INFO | [FIRESTORE] 📋 Getting user conversations | user=431fff88-549d-46bb-96b1-e4b3521221b7 | tenant=a1b2c3d4-0001-0000-0000-000000000001
2026-05-07 00:03:09 | INFO | [FIRESTORE] ✅ Found 7 conversations for user 431fff88-549d-46bb-96b1-e4b3521221b7
2026-05-07 00:03:09 | INFO | [FIRESTORE] 🧹 Cleaning old anonymous conversations > 1h
2026-05-07 00:03:09 | INFO | [FIRESTORE] ✅ Cleanup complete: 0 messages, 0 sessions
2026-05-07 00:28:43 | INFO | ✅ FirestoreConversationService initialisé
2026-05-07 00:29:06 | INFO | [FIRESTORE] 🧹 Cleaning old anonymous conversations > 1h
2026-05-07 00:29:07 | INFO | [FIRESTORE] ✅ Cleanup complete: 0 messages, 0 sessions
2026-05-07 00:33:47 | INFO | ✅ FirestoreConversationService initialisé
2026-05-07 00:34:14 | INFO | ✅ FirestoreConversationService initialisé
2026-05-07 00:34:40 | INFO | [FIRESTORE] 🧹 Cleaning old anonymous conversations > 1h
2026-05-07 00:34:42 | INFO | [FIRESTORE] ✅ Cleanup complete: 0 messages, 0 sessions
2026-05-07 01:02:52 | INFO | ✅ FirestoreConversationService initialisé
2026-05-07 01:03:16 | INFO | [FIRESTORE] 🧹 Cleaning old anonymous conversations > 1h
2026-05-07 01:03:18 | INFO | [FIRESTORE] ✅ Cleanup complete: 0 messages, 0 sessions
2026-05-07 01:33:11 | INFO | [FIRESTORE] 🧹 Cleaning old anonymous conversations > 1h
2026-05-07 01:33:12 | INFO | [FIRESTORE] ✅ Cleanup complete: 0 messages, 0 sessions
2026-05-07 02:03:11 | INFO | [FIRESTORE] 🧹 Cleaning old anonymous conversations > 1h
2026-05-07 02:03:34 | INFO | [FIRESTORE] ✅ Cleanup complete: 0 messages, 0 sessions
2026-05-07 02:33:11 | INFO | [FIRESTORE] 🧹 Cleaning old anonymous conversations > 1h
2026-05-07 02:33:12 | INFO | [FIRESTORE] ✅ Cleanup complete: 0 messages, 0 sessions
2026-05-19 19:50:21 | INFO | ✅ FirestoreConversationService initialisé
2026-05-19 20:02:32 | INFO | ✅ FirestoreConversationService initialisé
2026-05-19 20:02:45 | INFO | [FIRESTORE] 🧹 Cleaning old anonymous conversations > 1h
2026-05-19 20:02:48 | ERROR | [FIRESTORE] ❌ Error cleaning up: 403 Permission denied on resource project travel-ai-2026. [reason: "CONSUMER_INVALID"
domain: "googleapis.com"
metadata {
  key: "service"
  value: "firestore.googleapis.com"
}
metadata {
  key: "containerInfo"
  value: "travel-ai-2026"
}
metadata {
  key: "consumer"
  value: "projects/travel-ai-2026"
}
, locale: "en-US"
message: "Permission denied on resource project travel-ai-2026."
, links {
  description: "Google developers console"
  url: "https://console.developers.google.com"
}
]
2026-05-19 20:32:40 | INFO | [FIRESTORE] 🧹 Cleaning old anonymous conversations > 1h
2026-05-19 20:32:41 | ERROR | [FIRESTORE] ❌ Error cleaning up: 403 Permission denied on resource project travel-ai-2026. [reason: "CONSUMER_INVALID"
domain: "googleapis.com"
metadata {
  key: "service"
  value: "firestore.googleapis.com"
}
metadata {
  key: "containerInfo"
  value: "travel-ai-2026"
}
metadata {
  key: "consumer"
  value: "projects/travel-ai-2026"
}
, locale: "en-US"
message: "Permission denied on resource project travel-ai-2026."
, links {
  description: "Google developers console"
  url: "https://console.developers.google.com"
}
]
2026-05-19 21:02:40 | INFO | [FIRESTORE] 🧹 Cleaning old anonymous conversations > 1h
2026-05-19 21:02:42 | ERROR | [FIRESTORE] ❌ Error cleaning up: 403 Permission denied on resource project travel-ai-2026. [reason: "CONSUMER_INVALID"
domain: "googleapis.com"
metadata {
  key: "service"
  value: "firestore.googleapis.com"
}
metadata {
  key: "containerInfo"
  value: "travel-ai-2026"
}
metadata {
  key: "consumer"
  value: "projects/travel-ai-2026"
}
, locale: "en-US"
message: "Permission denied on resource project travel-ai-2026."
, links {
  description: "Google developers console"
  url: "https://console.developers.google.com"
}
]
2026-05-19 23:32:40 | INFO | [FIRESTORE] 🧹 Cleaning old anonymous conversations > 1h
2026-05-19 23:32:42 | ERROR | [FIRESTORE] ❌ Error cleaning up: 403 Permission denied on resource project travel-ai-2026. [reason: "CONSUMER_INVALID"
domain: "googleapis.com"
metadata {
  key: "service"
  value: "firestore.googleapis.com"
}
metadata {
  key: "containerInfo"
  value: "travel-ai-2026"
}
metadata {
  key: "consumer"
  value: "projects/travel-ai-2026"
}
, locale: "en-US"
message: "Permission denied on resource project travel-ai-2026."
, links {
  description: "Google developers console"
  url: "https://console.developers.google.com"
}
]
2026-05-19 23:51:03 | INFO | ✅ FirestoreConversationService initialisé
2026-05-19 23:51:24 | INFO | [FIRESTORE] 🧹 Cleaning old anonymous conversations > 1h
2026-05-19 23:51:25 | INFO | [FIRESTORE] ✅ Cleanup complete: 0 messages, 0 sessions
2026-05-19 23:56:33 | INFO | ✅ FirestoreConversationService initialisé
2026-05-19 23:56:45 | INFO | [FIRESTORE] 🧹 Cleaning old anonymous conversations > 1h
2026-05-19 23:56:46 | INFO | [FIRESTORE] ✅ Cleanup complete: 0 messages, 0 sessions
2026-05-20 00:26:40 | INFO | [FIRESTORE] 🧹 Cleaning old anonymous conversations > 1h
2026-05-20 00:26:41 | INFO | [FIRESTORE] ✅ Cleanup complete: 0 messages, 0 sessions
2026-05-20 00:30:27 | INFO | [FIRESTORE] 📋 Getting user conversations | user=431fff88-549d-46bb-96b1-e4b3521221b7 | tenant=a1b2c3d4-0001-0000-0000-000000000001
2026-05-20 00:30:28 | INFO | [FIRESTORE] ✅ Found 0 conversations for user 431fff88-549d-46bb-96b1-e4b3521221b7
2026-05-20 00:44:47 | INFO | ✅ FirestoreConversationService initialisé
2026-05-20 00:45:00 | INFO | [FIRESTORE] 🧹 Cleaning old anonymous conversations > 1h
2026-05-20 00:45:01 | INFO | [FIRESTORE] ✅ Cleanup complete: 0 messages, 0 sessions
2026-05-20 00:45:14 | INFO | [FIRESTORE] 📖 Getting history | session=431fff88-549d-46bb-96b1-e4b3521221b7__a1b2c3d4-0001-0000-0000-000000000001__1779233427529 | tenant=a1b2c3d4-0001-0000-0000-000000000001
2026-05-20 00:45:15 | INFO | [FIRESTORE] ✅ Retrieved 0 messages
2026-05-20 00:45:15 | INFO | [FIRESTORE] 📋 Getting user conversations | user=431fff88-549d-46bb-96b1-e4b3521221b7 | tenant=a1b2c3d4-0001-0000-0000-000000000001
2026-05-20 00:45:16 | INFO | [FIRESTORE] ✅ Found 0 conversations for user 431fff88-549d-46bb-96b1-e4b3521221b7
2026-05-20 00:45:25 | INFO | [FIRESTORE] 📋 Getting user conversations | user=431fff88-549d-46bb-96b1-e4b3521221b7 | tenant=a1b2c3d4-0001-0000-0000-000000000001
2026-05-20 00:45:26 | INFO | [FIRESTORE] ✅ Found 0 conversations for user 431fff88-549d-46bb-96b1-e4b3521221b7
2026-05-20 00:45:28 | INFO | [FIRESTORE] 📋 Getting user conversations | user=431fff88-549d-46bb-96b1-e4b3521221b7 | tenant=a1b2c3d4-0001-0000-0000-000000000001
2026-05-20 00:45:29 | INFO | [FIRESTORE] ✅ Found 0 conversations for user 431fff88-549d-46bb-96b1-e4b3521221b7
2026-05-20 00:48:48 | INFO | [FIRESTORE] 📋 Getting user conversations | user=431fff88-549d-46bb-96b1-e4b3521221b7 | tenant=a1b2c3d4-0001-0000-0000-000000000001
2026-05-20 00:48:49 | INFO | [FIRESTORE] ✅ Found 0 conversations for user 431fff88-549d-46bb-96b1-e4b3521221b7
2026-05-20 00:48:49 | INFO | [FIRESTORE] 📖 Getting history | session=431fff88-549d-46bb-96b1-e4b3521221b7__a1b2c3d4-0001-0000-0000-000000000001__1779233427529 | tenant=a1b2c3d4-0001-0000-0000-000000000001
2026-05-20 00:48:49 | INFO | [FIRESTORE] ✅ Retrieved 0 messages
2026-05-20 00:49:17 | INFO | [FIRESTORE] 📋 Getting user conversations | user=431fff88-549d-46bb-96b1-e4b3521221b7 | tenant=a1b2c3d4-0001-0000-0000-000000000001
2026-05-20 00:49:18 | INFO | [FIRESTORE] ✅ Found 0 conversations for user 431fff88-549d-46bb-96b1-e4b3521221b7
2026-05-20 00:49:18 | INFO | [FIRESTORE] 📖 Getting history | session=431fff88-549d-46bb-96b1-e4b3521221b7__a1b2c3d4-0001-0000-0000-000000000001__1779233427529 | tenant=a1b2c3d4-0001-0000-0000-000000000001
2026-05-20 00:49:18 | INFO | [FIRESTORE] ✅ Retrieved 0 messages
2026-05-20 01:04:53 | INFO | ✅ FirestoreConversationService initialisé
2026-05-20 01:05:16 | INFO | [FIRESTORE] 🧹 Cleaning old anonymous conversations > 1h
2026-05-20 01:05:18 | INFO | [FIRESTORE] ✅ Cleanup complete: 0 messages, 0 sessions
2026-05-20 01:09:54 | INFO | ✅ FirestoreConversationService initialisé
2026-05-20 01:10:23 | INFO | [FIRESTORE] 🧹 Cleaning old anonymous conversations > 1h
2026-05-20 01:10:24 | INFO | [FIRESTORE] ✅ Cleanup complete: 0 messages, 0 sessions
2026-05-20 01:10:57 | INFO | ✅ FirestoreConversationService initialisé
2026-05-20 01:11:23 | INFO | [FIRESTORE] 🧹 Cleaning old anonymous conversations > 1h
2026-05-20 01:11:24 | INFO | [FIRESTORE] ✅ Cleanup complete: 0 messages, 0 sessions
